/* generated by tools/snd_conv.py — do not edit.
 * PSG event streams ripped from the arcade sound ROM (see snd_rip.c). */
static const unsigned char SB_SND_COIN[216] = {
    0x24, 0x00, 0x00, 0x00, 0x00, 0x05, 0x04, 0x00, 0x05, 0x00, 0x06, 0x12, 0x07, 0x1f, 0x0a, 0x0e,
    0x01, 0x03, 0x04, 0x22, 0x06, 0x00, 0x07, 0x3b, 0x00, 0x01, 0x04, 0x90, 0x00, 0x01, 0x04, 0x20,
    0x00, 0x03, 0x04, 0x00, 0x06, 0x12, 0x07, 0x1f, 0x00, 0x01, 0x06, 0x11, 0x00, 0x03, 0x04, 0xa2,
    0x06, 0x00, 0x07, 0x3b, 0x00, 0x02, 0x04, 0xa0, 0x0a, 0x0c, 0x00, 0x03, 0x04, 0x00, 0x06, 0x11,
    0x07, 0x1f, 0x00, 0x01, 0x06, 0x12, 0x00, 0x03, 0x04, 0x22, 0x06, 0x00, 0x07, 0x3b, 0x00, 0x01,
    0x04, 0x90, 0x00, 0x01, 0x04, 0x20, 0x00, 0x03, 0x04, 0x00, 0x06, 0x12, 0x07, 0x1f, 0x00, 0x01,
    0x06, 0x11, 0x00, 0x03, 0x04, 0xa2, 0x06, 0x00, 0x07, 0x3b, 0x00, 0x01, 0x04, 0xa0, 0x00, 0x03,
    0x04, 0x00, 0x06, 0x11, 0x07, 0x1f, 0x00, 0x01, 0x06, 0x12, 0x00, 0x03, 0x04, 0x22, 0x06, 0x00,
    0x07, 0x3b, 0x00, 0x02, 0x04, 0x20, 0x0a, 0x0a, 0x01, 0x03, 0x04, 0x00, 0x06, 0x12, 0x07, 0x1f,
    0x00, 0x01, 0x06, 0x11, 0x00, 0x03, 0x04, 0x20, 0x06, 0x00, 0x07, 0x3b, 0x00, 0x01, 0x04, 0xa0,
    0x00, 0x03, 0x04, 0x00, 0x06, 0x10, 0x07, 0x1f, 0x00, 0x01, 0x06, 0x12, 0x00, 0x03, 0x04, 0x22,
    0x06, 0x00, 0x07, 0x3b, 0x00, 0x01, 0x04, 0x90, 0x00, 0x02, 0x04, 0xa0, 0x0a, 0x08, 0x05, 0x01,
    0x04, 0x20, 0x02, 0x01, 0x0a, 0x06, 0x08, 0x01, 0x0a, 0x04, 0x07, 0x01, 0x0a, 0x02, 0x08, 0x03,
    0x04, 0x00, 0x07, 0x3f, 0x0a, 0x00, 0x00, 0x00
};
static const unsigned char SB_SND_ATTRACT[122] = {
    0x15, 0x00, 0x00, 0x00, 0x00, 0x05, 0x04, 0x4d, 0x05, 0x00, 0x06, 0x00, 0x07, 0x3b, 0x0a, 0x0d,
    0x02, 0x03, 0x04, 0x00, 0x06, 0x0b, 0x07, 0x1f, 0x00, 0x03, 0x04, 0x44, 0x06, 0x00, 0x07, 0x3b,
    0x02, 0x01, 0x04, 0x3d, 0x02, 0x01, 0x04, 0x4d, 0x03, 0x01, 0x04, 0x44, 0x02, 0x01, 0x04, 0x3d,
    0x02, 0x03, 0x04, 0x00, 0x06, 0x0a, 0x07, 0x1f, 0x00, 0x03, 0x04, 0x4d, 0x06, 0x00, 0x07, 0x3b,
    0x02, 0x01, 0x04, 0x44, 0x02, 0x01, 0x04, 0x3d, 0x02, 0x03, 0x04, 0x00, 0x06, 0x09, 0x07, 0x1f,
    0x00, 0x03, 0x04, 0x65, 0x06, 0x00, 0x07, 0x3b, 0x07, 0x01, 0x0a, 0x0b, 0x06, 0x01, 0x0a, 0x09,
    0x04, 0x01, 0x0a, 0x07, 0x02, 0x01, 0x0a, 0x05, 0x02, 0x01, 0x0a, 0x03, 0x04, 0x01, 0x0a, 0x01,
    0x01, 0x03, 0x04, 0x00, 0x07, 0x3f, 0x0a, 0x00, 0x00, 0x00
};
static const unsigned char SB_SND_SFX03[300] = {
    0x2c, 0x00, 0x00, 0x00, 0x00, 0x05, 0x04, 0x00, 0x05, 0x00, 0x06, 0x0b, 0x07, 0x1f, 0x0a, 0x0f,
    0x01, 0x01, 0x06, 0x0a, 0x00, 0x01, 0x06, 0x0b, 0x00, 0x01, 0x06, 0x0d, 0x00, 0x01, 0x06, 0x0c,
    0x00, 0x01, 0x06, 0x0a, 0x00, 0x01, 0x06, 0x0c, 0x00, 0x01, 0x06, 0x16, 0x00, 0x03, 0x04, 0x1b,
    0x06, 0x00, 0x07, 0x3b, 0x00, 0x03, 0x04, 0x00, 0x06, 0x17, 0x07, 0x1f, 0x00, 0x03, 0x04, 0x1b,
    0x06, 0x00, 0x07, 0x3b, 0x00, 0x03, 0x04, 0x00, 0x06, 0x14, 0x07, 0x1f, 0x00, 0x01, 0x06, 0x0e,
    0x01, 0x01, 0x06, 0x0f, 0x00, 0x01, 0x06, 0x0e, 0x00, 0x01, 0x06, 0x11, 0x00, 0x01, 0x06, 0x0e,
    0x00, 0x01, 0x06, 0x18, 0x00, 0x03, 0x04, 0x1b, 0x06, 0x00, 0x07, 0x3b, 0x00, 0x03, 0x04, 0x00,
    0x06, 0x1f, 0x07, 0x1f, 0x00, 0x04, 0x04, 0x1b, 0x06, 0x00, 0x07, 0x3b, 0x0a, 0x0d, 0x00, 0x03,
    0x04, 0x00, 0x06, 0x13, 0x07, 0x1f, 0x00, 0x03, 0x04, 0x1b, 0x06, 0x00, 0x07, 0x3b, 0x00, 0x03,
    0x04, 0x00, 0x06, 0x13, 0x07, 0x1f, 0x00, 0x02, 0x06, 0x12, 0x0a, 0x0b, 0x00, 0x01, 0x06, 0x11,
    0x00, 0x01, 0x06, 0x15, 0x00, 0x04, 0x04, 0x1b, 0x06, 0x00, 0x07, 0x3b, 0x0a, 0x09, 0x00, 0x03,
    0x04, 0x00, 0x06, 0x1f, 0x07, 0x1f, 0x00, 0x03, 0x04, 0x1b, 0x06, 0x00, 0x07, 0x3b, 0x00, 0x03,
    0x04, 0x00, 0x06, 0x19, 0x07, 0x1f, 0x00, 0x04, 0x04, 0x1b, 0x06, 0x00, 0x07, 0x3b, 0x0a, 0x07,
    0x00, 0x03, 0x04, 0x00, 0x06, 0x14, 0x07, 0x1f, 0x00, 0x04, 0x04, 0x1b, 0x06, 0x00, 0x07, 0x3b,
    0x0a, 0x05, 0x00, 0x03, 0x04, 0x00, 0x06, 0x15, 0x07, 0x1f, 0x00, 0x03, 0x04, 0xe1, 0x06, 0x00,
    0x07, 0x3b, 0x00, 0x03, 0x04, 0x00, 0x06, 0x16, 0x07, 0x1f, 0x00, 0x03, 0x04, 0xda, 0x06, 0x00,
    0x07, 0x3b, 0x00, 0x02, 0x04, 0xe8, 0x0a, 0x03, 0x00, 0x03, 0x04, 0x00, 0x06, 0x1f, 0x07, 0x1f,
    0x00, 0x03, 0x04, 0xe8, 0x06, 0x00, 0x07, 0x3b, 0x00, 0x04, 0x04, 0x00, 0x06, 0x1e, 0x07, 0x1f,
    0x0a, 0x01, 0x00, 0x03, 0x06, 0x00, 0x07, 0x3f, 0x0a, 0x00, 0x00, 0x00
};
static const unsigned char SB_SND_SFX04[128] = {
    0x14, 0x00, 0x00, 0x00, 0x00, 0x05, 0x04, 0x65, 0x05, 0x00, 0x06, 0x00, 0x07, 0x3b, 0x0a, 0x0e,
    0x01, 0x01, 0x04, 0x61, 0x01, 0x01, 0x04, 0x5f, 0x00, 0x01, 0x04, 0x5c, 0x00, 0x01, 0x04, 0x5a,
    0x00, 0x03, 0x04, 0x00, 0x06, 0x1e, 0x07, 0x1f, 0x00, 0x01, 0x06, 0x1f, 0x00, 0x03, 0x04, 0x58,
    0x06, 0x00, 0x07, 0x3b, 0x00, 0x01, 0x04, 0x5a, 0x01, 0x01, 0x04, 0x58, 0x00, 0x03, 0x04, 0x00,
    0x06, 0x1f, 0x07, 0x1f, 0x02, 0x03, 0x04, 0x56, 0x06, 0x00, 0x07, 0x3b, 0x02, 0x04, 0x04, 0x00,
    0x06, 0x1f, 0x07, 0x1f, 0x0a, 0x0c, 0x02, 0x04, 0x04, 0x51, 0x06, 0x00, 0x07, 0x3b, 0x0a, 0x0a,
    0x01, 0x04, 0x04, 0x00, 0x06, 0x1f, 0x07, 0x1f, 0x0a, 0x08, 0x02, 0x01, 0x0a, 0x06, 0x02, 0x01,
    0x0a, 0x04, 0x01, 0x01, 0x0a, 0x02, 0x02, 0x03, 0x06, 0x00, 0x07, 0x3f, 0x0a, 0x00, 0x00, 0x00
};
static const unsigned char SB_SND_SFX05[46] = {
    0x08, 0x00, 0x00, 0x00, 0x00, 0x05, 0x04, 0x00, 0x05, 0x00, 0x06, 0x1f, 0x07, 0x1f, 0x0a, 0x0f,
    0x18, 0x01, 0x0a, 0x0d, 0x00, 0x01, 0x0a, 0x0a, 0x00, 0x01, 0x0a, 0x08, 0x00, 0x01, 0x0a, 0x05,
    0x00, 0x01, 0x0a, 0x02, 0x00, 0x03, 0x06, 0x00, 0x07, 0x3f, 0x0a, 0x00, 0x00, 0x00
};
static const unsigned char SB_SND_SFX07[102] = {
    0x16, 0x00, 0x00, 0x00, 0x00, 0x05, 0x04, 0x00, 0x05, 0x00, 0x06, 0x1f, 0x07, 0x1f, 0x0a, 0x0e,
    0x06, 0x01, 0x0a, 0x0c, 0x02, 0x01, 0x0a, 0x0e, 0x06, 0x01, 0x0a, 0x0c, 0x00, 0x01, 0x0a, 0x0e,
    0x05, 0x01, 0x0a, 0x0c, 0x02, 0x01, 0x0a, 0x0e, 0x06, 0x01, 0x0a, 0x0c, 0x00, 0x01, 0x0a, 0x0e,
    0x05, 0x01, 0x0a, 0x0c, 0x02, 0x01, 0x0a, 0x0e, 0x06, 0x01, 0x0a, 0x0c, 0x00, 0x01, 0x0a, 0x0e,
    0x05, 0x01, 0x0a, 0x0c, 0x02, 0x01, 0x0a, 0x0f, 0x03, 0x01, 0x0a, 0x0d, 0x03, 0x01, 0x0a, 0x0a,
    0x00, 0x01, 0x0a, 0x08, 0x00, 0x01, 0x0a, 0x05, 0x00, 0x01, 0x0a, 0x03, 0x00, 0x03, 0x06, 0x00,
    0x07, 0x3f, 0x0a, 0x00, 0x00, 0x00
};
static const unsigned char SB_SND_SFX08[274] = {
    0x25, 0x00, 0x00, 0x00, 0x00, 0x05, 0x04, 0x00, 0x05, 0x00, 0x06, 0x00, 0x07, 0x3f, 0x0a, 0x00,
    0x01, 0x04, 0x04, 0x05, 0x05, 0x01, 0x07, 0x3b, 0x0a, 0x07, 0x00, 0x05, 0x04, 0x00, 0x05, 0x00,
    0x06, 0x09, 0x07, 0x1f, 0x0a, 0x0b, 0x00, 0x02, 0x06, 0x0a, 0x0a, 0x0d, 0x00, 0x04, 0x04, 0x42,
    0x05, 0x01, 0x06, 0x00, 0x07, 0x3b, 0x00, 0x04, 0x04, 0x00, 0x05, 0x00, 0x06, 0x09, 0x07, 0x1f,
    0x00, 0x01, 0x0a, 0x0b, 0x00, 0x04, 0x04, 0x24, 0x06, 0x00, 0x07, 0x3b, 0x0a, 0x08, 0x00, 0x01,
    0x04, 0x1d, 0x00, 0x04, 0x04, 0x00, 0x06, 0x08, 0x07, 0x1f, 0x0a, 0x0b, 0x00, 0x04, 0x04, 0x8c,
    0x06, 0x00, 0x07, 0x3b, 0x0a, 0x0d, 0x02, 0x03, 0x04, 0x2b, 0x05, 0x01, 0x0a, 0x0b, 0x00, 0x04,
    0x04, 0x00, 0x05, 0x00, 0x06, 0x09, 0x07, 0x1f, 0x00, 0x03, 0x04, 0x77, 0x06, 0x00, 0x07, 0x3b,
    0x00, 0x01, 0x0a, 0x09, 0x00, 0x04, 0x04, 0x00, 0x06, 0x08, 0x07, 0x1f, 0x0a, 0x07, 0x00, 0x04,
    0x04, 0x26, 0x06, 0x00, 0x07, 0x3b, 0x0a, 0x0b, 0x00, 0x02, 0x04, 0xb2, 0x0a, 0x0d, 0x00, 0x01,
    0x04, 0x63, 0x01, 0x01, 0x0a, 0x0b, 0x02, 0x01, 0x0a, 0x09, 0x00, 0x02, 0x04, 0x46, 0x0a, 0x07,
    0x00, 0x02, 0x04, 0x2b, 0x0a, 0x0b, 0x00, 0x04, 0x04, 0x00, 0x06, 0x09, 0x07, 0x1f, 0x0a, 0x0d,
    0x00, 0x03, 0x04, 0xb4, 0x06, 0x00, 0x07, 0x3b, 0x00, 0x02, 0x04, 0xc8, 0x0a, 0x0f, 0x00, 0x02,
    0x04, 0xdd, 0x0a, 0x0c, 0x00, 0x04, 0x04, 0x00, 0x06, 0x09, 0x07, 0x1f, 0x0a, 0x0a, 0x02, 0x03,
    0x04, 0x65, 0x06, 0x00, 0x07, 0x3b, 0x00, 0x01, 0x04, 0x3b, 0x00, 0x03, 0x04, 0x00, 0x06, 0x07,
    0x07, 0x1f, 0x00, 0x01, 0x06, 0x08, 0x03, 0x01, 0x06, 0x07, 0x00, 0x01, 0x0a, 0x05, 0x00, 0x04,
    0x04, 0x34, 0x06, 0x00, 0x07, 0x3b, 0x0a, 0x01, 0x00, 0x03, 0x04, 0x00, 0x07, 0x3f, 0x0a, 0x00,
    0x00, 0x00
};
static const unsigned char SB_SND_HIT09[108] = {
    0x16, 0x00, 0x00, 0x00, 0x00, 0x05, 0x04, 0x80, 0x05, 0x00, 0x06, 0x00, 0x07, 0x3b, 0x0a, 0x0f,
    0x03, 0x01, 0x0a, 0x0d, 0x00, 0x01, 0x0a, 0x0f, 0x02, 0x01, 0x0a, 0x0d, 0x01, 0x01, 0x04, 0x7e,
    0x00, 0x02, 0x04, 0x80, 0x0a, 0x0f, 0x01, 0x01, 0x0a, 0x0c, 0x00, 0x01, 0x0a, 0x0a, 0x00, 0x01,
    0x0a, 0x0c, 0x03, 0x01, 0x0a, 0x09, 0x00, 0x01, 0x04, 0x7e, 0x00, 0x02, 0x04, 0x80, 0x0a, 0x0c,
    0x01, 0x01, 0x0a, 0x0a, 0x00, 0x01, 0x0a, 0x08, 0x00, 0x01, 0x04, 0x7e, 0x00, 0x02, 0x04, 0x80,
    0x0a, 0x0a, 0x01, 0x01, 0x0a, 0x08, 0x00, 0x01, 0x0a, 0x06, 0x00, 0x01, 0x0a, 0x04, 0x01, 0x01,
    0x0a, 0x01, 0x00, 0x03, 0x04, 0x00, 0x07, 0x3f, 0x0a, 0x00, 0x00, 0x00
};
static const unsigned char SB_SND_SFX0A[502] = {
    0x54, 0x00, 0x00, 0x00, 0x00, 0x05, 0x04, 0x2b, 0x05, 0x00, 0x06, 0x00, 0x07, 0x3b, 0x0a, 0x0e,
    0x00, 0x01, 0x04, 0x71, 0x00, 0x01, 0x04, 0x8c, 0x01, 0x01, 0x04, 0x61, 0x00, 0x01, 0x04, 0xb2,
    0x00, 0x01, 0x04, 0x61, 0x00, 0x03, 0x04, 0x00, 0x06, 0x09, 0x07, 0x1f, 0x00, 0x03, 0x04, 0x8c,
    0x06, 0x00, 0x07, 0x3b, 0x00, 0x01, 0x04, 0x71, 0x00, 0x01, 0x04, 0x2b, 0x00, 0x02, 0x04, 0x7c,
    0x05, 0x01, 0x00, 0x02, 0x04, 0x8c, 0x05, 0x00, 0x00, 0x03, 0x04, 0x00, 0x06, 0x08, 0x07, 0x1f,
    0x00, 0x03, 0x04, 0x61, 0x06, 0x00, 0x07, 0x3b, 0x00, 0x01, 0x04, 0xb2, 0x00, 0x01, 0x04, 0x61,
    0x00, 0x01, 0x04, 0x46, 0x00, 0x03, 0x04, 0x00, 0x06, 0x09, 0x07, 0x1f, 0x00, 0x03, 0x04, 0x71,
    0x06, 0x00, 0x07, 0x3b, 0x00, 0x01, 0x04, 0x2b, 0x00, 0x02, 0x04, 0x7c, 0x05, 0x01, 0x00, 0x02,
    0x04, 0x8c, 0x05, 0x00, 0x00, 0x03, 0x04, 0x00, 0x06, 0x09, 0x07, 0x1f, 0x01, 0x03, 0x04, 0xb2,
    0x06, 0x00, 0x07, 0x3b, 0x00, 0x01, 0x04, 0x61, 0x00, 0x01, 0x04, 0x46, 0x00, 0x03, 0x04, 0x00,
    0x06, 0x09, 0x07, 0x1f, 0x01, 0x03, 0x04, 0x2b, 0x06, 0x00, 0x07, 0x3b, 0x00, 0x02, 0x04, 0x7c,
    0x05, 0x01, 0x00, 0x02, 0x04, 0x46, 0x05, 0x00, 0x00, 0x01, 0x04, 0x61, 0x00, 0x03, 0x04, 0x00,
    0x06, 0x09, 0x07, 0x1f, 0x00, 0x04, 0x04, 0xb2, 0x06, 0x00, 0x07, 0x3b, 0x0a, 0x0c, 0x00, 0x01,
    0x04, 0x61, 0x00, 0x01, 0x04, 0x46, 0x00, 0x01, 0x04, 0x71, 0x00, 0x01, 0x04, 0x2b, 0x00, 0x03,
    0x04, 0x00, 0x06, 0x09, 0x07, 0x1f, 0x00, 0x03, 0x04, 0x71, 0x06, 0x00, 0x07, 0x3b, 0x00, 0x01,
    0x04, 0x46, 0x00, 0x01, 0x04, 0x61, 0x00, 0x01, 0x04, 0xb2, 0x00, 0x04, 0x04, 0x00, 0x06, 0x09,
    0x07, 0x1f, 0x0a, 0x0a, 0x01, 0x03, 0x04, 0x46, 0x06, 0x00, 0x07, 0x3b, 0x00, 0x01, 0x04, 0x71,
    0x00, 0x01, 0x04, 0x2b, 0x00, 0x03, 0x04, 0x00, 0x06, 0x09, 0x07, 0x1f, 0x01, 0x03, 0x04, 0x8c,
    0x06, 0x00, 0x07, 0x3b, 0x00, 0x02, 0x04, 0x61, 0x0a, 0x08, 0x00, 0x01, 0x04, 0xb2, 0x00, 0x03,
    0x04, 0x00, 0x06, 0x09, 0x07, 0x1f, 0x00, 0x01, 0x06, 0x08, 0x00, 0x03, 0x04, 0x8c, 0x06, 0x00,
    0x07, 0x3b, 0x00, 0x01, 0x04, 0x71, 0x00, 0x01, 0x04, 0x2b, 0x00, 0x01, 0x04, 0x71, 0x00, 0x03,
    0x04, 0x00, 0x06, 0x09, 0x07, 0x1f, 0x00, 0x03, 0x04, 0x8c, 0x06, 0x00, 0x07, 0x3b, 0x00, 0x02,
    0x04, 0x61, 0x0a, 0x06, 0x00, 0x01, 0x04, 0xb2, 0x00, 0x01, 0x04, 0x61, 0x00, 0x01, 0x04, 0x8c,
    0x00, 0x03, 0x04, 0x00, 0x06, 0x09, 0x07, 0x1f, 0x00, 0x03, 0x04, 0x71, 0x06, 0x00, 0x07, 0x3b,
    0x00, 0x01, 0x04, 0x2b, 0x00, 0x01, 0x04, 0x71, 0x00, 0x02, 0x04, 0x46, 0x0a, 0x04, 0x00, 0x03,
    0x04, 0x00, 0x06, 0x09, 0x07, 0x1f, 0x00, 0x03, 0x04, 0x61, 0x06, 0x00, 0x07, 0x3b, 0x00, 0x01,
    0x04, 0xb2, 0x00, 0x01, 0x04, 0x61, 0x00, 0x01, 0x04, 0x8c, 0x00, 0x03, 0x04, 0x00, 0x06, 0x09,
    0x07, 0x1f, 0x01, 0x04, 0x04, 0x2b, 0x06, 0x00, 0x07, 0x3b, 0x0a, 0x02, 0x00, 0x01, 0x04, 0x71,
    0x00, 0x01, 0x04, 0x46, 0x00, 0x03, 0x04, 0x00, 0x06, 0x09, 0x07, 0x1f, 0x01, 0x03, 0x04, 0xb2,
    0x06, 0x00, 0x07, 0x3b, 0x00, 0x01, 0x04, 0x61, 0x00, 0x01, 0x04, 0x46, 0x00, 0x03, 0x04, 0x00,
    0x06, 0x09, 0x07, 0x1f, 0x00, 0x03, 0x04, 0x2b, 0x06, 0x00, 0x07, 0x3b, 0x00, 0x03, 0x04, 0x00,
    0x07, 0x3f, 0x0a, 0x00, 0x00, 0x00
};
static const unsigned char SB_SND_SFX0B[138] = {
    0x14, 0x00, 0x00, 0x00, 0x00, 0x05, 0x04, 0x44, 0x05, 0x00, 0x06, 0x00, 0x07, 0x3b, 0x0a, 0x0e,
    0x00, 0x02, 0x04, 0x0a, 0x05, 0x01, 0x00, 0x04, 0x04, 0x00, 0x05, 0x00, 0x06, 0x08, 0x07, 0x1f,
    0x00, 0x01, 0x06, 0x09, 0x00, 0x04, 0x04, 0x0a, 0x05, 0x01, 0x06, 0x00, 0x07, 0x3b, 0x00, 0x04,
    0x04, 0x00, 0x05, 0x00, 0x06, 0x08, 0x07, 0x1f, 0x00, 0x03, 0x04, 0x4d, 0x06, 0x00, 0x07, 0x3b,
    0x00, 0x03, 0x04, 0x00, 0x06, 0x08, 0x07, 0x1f, 0x01, 0x03, 0x04, 0xb9, 0x06, 0x00, 0x07, 0x3b,
    0x00, 0x03, 0x04, 0x00, 0x06, 0x08, 0x07, 0x1f, 0x00, 0x04, 0x04, 0x0c, 0x05, 0x01, 0x06, 0x00,
    0x07, 0x3b, 0x02, 0x02, 0x04, 0x36, 0x05, 0x00, 0x01, 0x01, 0x0a, 0x0c, 0x01, 0x01, 0x0a, 0x0a,
    0x05, 0x01, 0x0a, 0x08, 0x02, 0x01, 0x0a, 0x06, 0x01, 0x01, 0x0a, 0x04, 0x03, 0x01, 0x0a, 0x02,
    0x04, 0x03, 0x04, 0x00, 0x07, 0x3f, 0x0a, 0x00, 0x00, 0x00
};
static const unsigned char SB_SND_HIT0C[448] = {
    0x43, 0x00, 0x00, 0x00, 0x00, 0x05, 0x04, 0x00, 0x05, 0x00, 0x06, 0x00, 0x07, 0x3f, 0x0a, 0x00,
    0x00, 0x03, 0x06, 0x09, 0x07, 0x1f, 0x0a, 0x09, 0x00, 0x01, 0x0a, 0x0e, 0x01, 0x01, 0x0a, 0x09,
    0x00, 0x01, 0x0a, 0x04, 0x00, 0x01, 0x0a, 0x0c, 0x00, 0x01, 0x0a, 0x0e, 0x00, 0x01, 0x06, 0x08,
    0x00, 0x03, 0x06, 0x00, 0x07, 0x3f, 0x0a, 0x00, 0x00, 0x03, 0x06, 0x09, 0x07, 0x1f, 0x0a, 0x08,
    0x00, 0x04, 0x04, 0x46, 0x06, 0x00, 0x07, 0x3b, 0x0a, 0x0d, 0x00, 0x03, 0x04, 0x00, 0x06, 0x09,
    0x07, 0x1f, 0x00, 0x01, 0x0a, 0x09, 0x00, 0x01, 0x0a, 0x02, 0x00, 0x01, 0x0a, 0x0a, 0x00, 0x01,
    0x0a, 0x0d, 0x00, 0x01, 0x06, 0x08, 0x00, 0x03, 0x06, 0x00, 0x07, 0x3f, 0x0a, 0x00, 0x00, 0x03,
    0x06, 0x0a, 0x07, 0x1f, 0x0a, 0x07, 0x00, 0x02, 0x06, 0x09, 0x0a, 0x0c, 0x01, 0x01, 0x0a, 0x09,
    0x00, 0x03, 0x06, 0x00, 0x07, 0x3f, 0x0a, 0x00, 0x00, 0x03, 0x06, 0x09, 0x07, 0x1f, 0x0a, 0x0a,
    0x00, 0x01, 0x0a, 0x0c, 0x01, 0x03, 0x06, 0x00, 0x07, 0x3f, 0x0a, 0x00, 0x00, 0x03, 0x04, 0xda,
    0x07, 0x3b, 0x0a, 0x06, 0x00, 0x04, 0x04, 0x00, 0x06, 0x08, 0x07, 0x1f, 0x0a, 0x0b, 0x01, 0x01,
    0x0a, 0x09, 0x00, 0x03, 0x06, 0x00, 0x07, 0x3f, 0x0a, 0x00, 0x00, 0x03, 0x06, 0x09, 0x07, 0x1f,
    0x0a, 0x08, 0x00, 0x01, 0x0a, 0x0b, 0x01, 0x03, 0x06, 0x00, 0x07, 0x3f, 0x0a, 0x00, 0x00, 0x03,
    0x04, 0x7a, 0x07, 0x3b, 0x0a, 0x04, 0x00, 0x04, 0x04, 0x00, 0x06, 0x0a, 0x07, 0x1f, 0x0a, 0x0a,
    0x01, 0x04, 0x04, 0x0c, 0x05, 0x01, 0x06, 0x00, 0x07, 0x3b, 0x00, 0x04, 0x04, 0x00, 0x05, 0x00,
    0x07, 0x3f, 0x0a, 0x00, 0x00, 0x03, 0x06, 0x09, 0x07, 0x1f, 0x0a, 0x07, 0x00, 0x01, 0x0a, 0x0b,
    0x00, 0x01, 0x06, 0x08, 0x00, 0x03, 0x06, 0x00, 0x07, 0x3f, 0x0a, 0x00, 0x00, 0x03, 0x04, 0x7a,
    0x07, 0x3b, 0x0a, 0x03, 0x00, 0x04, 0x04, 0x00, 0x06, 0x08, 0x07, 0x1f, 0x0a, 0x09, 0x00, 0x01,
    0x0a, 0x0b, 0x00, 0x01, 0x0a, 0x08, 0x00, 0x03, 0x06, 0x00, 0x07, 0x3f, 0x0a, 0x00, 0x00, 0x03,
    0x06, 0x09, 0x07, 0x1f, 0x0a, 0x06, 0x00, 0x01, 0x0a, 0x0a, 0x01, 0x03, 0x06, 0x00, 0x07, 0x3f,
    0x0a, 0x00, 0x00, 0x03, 0x06, 0x0a, 0x07, 0x1f, 0x0a, 0x01, 0x00, 0x02, 0x06, 0x09, 0x0a, 0x08,
    0x00, 0x02, 0x06, 0x0a, 0x0a, 0x0a, 0x00, 0x01, 0x0a, 0x08, 0x00, 0x03, 0x06, 0x00, 0x07, 0x3f,
    0x0a, 0x00, 0x00, 0x03, 0x06, 0x0a, 0x07, 0x1f, 0x0a, 0x05, 0x00, 0x02, 0x06, 0x09, 0x0a, 0x09,
    0x01, 0x01, 0x0a, 0x03, 0x00, 0x03, 0x06, 0x00, 0x07, 0x3f, 0x0a, 0x00, 0x00, 0x03, 0x06, 0x09,
    0x07, 0x1f, 0x0a, 0x07, 0x00, 0x02, 0x06, 0x08, 0x0a, 0x09, 0x00, 0x01, 0x0a, 0x07, 0x00, 0x03,
    0x06, 0x00, 0x07, 0x3f, 0x0a, 0x00, 0x00, 0x03, 0x06, 0x09, 0x07, 0x1f, 0x0a, 0x04, 0x00, 0x04,
    0x04, 0x46, 0x06, 0x00, 0x07, 0x3b, 0x0a, 0x08, 0x00, 0x03, 0x04, 0x00, 0x06, 0x08, 0x07, 0x1f,
    0x00, 0x02, 0x06, 0x0a, 0x0a, 0x03, 0x00, 0x03, 0x06, 0x00, 0x07, 0x3f, 0x0a, 0x00, 0x00, 0x00
};
static const unsigned char SB_SND_HIT0D[50] = {
    0x09, 0x00, 0x00, 0x00, 0x00, 0x05, 0x04, 0x00, 0x05, 0x00, 0x06, 0x1f, 0x07, 0x1f, 0x0a, 0x0d,
    0x00, 0x01, 0x0a, 0x0f, 0x0e, 0x01, 0x0a, 0x0d, 0x01, 0x01, 0x0a, 0x0a, 0x01, 0x01, 0x0a, 0x07,
    0x01, 0x01, 0x0a, 0x04, 0x01, 0x01, 0x0a, 0x01, 0x00, 0x03, 0x06, 0x00, 0x07, 0x3f, 0x0a, 0x00,
    0x00, 0x00
};
static const unsigned char SB_SND_SFX10[70] = {
    0x0b, 0x00, 0x00, 0x00, 0x00, 0x05, 0x04, 0x1b, 0x05, 0x00, 0x06, 0x00, 0x07, 0x3b, 0x0a, 0x0e,
    0x06, 0x01, 0x0a, 0x0b, 0x01, 0x04, 0x04, 0x00, 0x06, 0x14, 0x07, 0x1f, 0x0a, 0x09, 0x00, 0x01,
    0x06, 0x1f, 0x00, 0x02, 0x06, 0x12, 0x0a, 0x06, 0x00, 0x01, 0x06, 0x1f, 0x00, 0x02, 0x06, 0x10,
    0x0a, 0x04, 0x00, 0x01, 0x06, 0x1f, 0x00, 0x02, 0x06, 0x17, 0x0a, 0x02, 0x00, 0x03, 0x06, 0x00,
    0x07, 0x3f, 0x0a, 0x00, 0x00, 0x00
};
static const unsigned char SB_SND_SFX11[222] = {
    0x23, 0x00, 0x00, 0x00, 0x00, 0x05, 0x04, 0x1b, 0x05, 0x00, 0x06, 0x00, 0x07, 0x3b, 0x0a, 0x0e,
    0x01, 0x03, 0x04, 0x00, 0x06, 0x09, 0x07, 0x1f, 0x02, 0x03, 0x04, 0x1b, 0x06, 0x00, 0x07, 0x3b,
    0x00, 0x03, 0x04, 0x00, 0x06, 0x09, 0x07, 0x1f, 0x00, 0x01, 0x06, 0x0a, 0x00, 0x01, 0x06, 0x09,
    0x00, 0x01, 0x06, 0x0a, 0x00, 0x01, 0x06, 0x09, 0x01, 0x01, 0x0a, 0x0c, 0x06, 0x01, 0x0a, 0x0a,
    0x00, 0x01, 0x06, 0x0a, 0x00, 0x01, 0x06, 0x09, 0x02, 0x01, 0x06, 0x0a, 0x00, 0x01, 0x06, 0x09,
    0x00, 0x02, 0x06, 0x0a, 0x0a, 0x08, 0x00, 0x01, 0x06, 0x09, 0x00, 0x03, 0x04, 0x1b, 0x06, 0x00,
    0x07, 0x3b, 0x00, 0x03, 0x04, 0x00, 0x06, 0x09, 0x07, 0x1f, 0x02, 0x04, 0x04, 0x1b, 0x06, 0x00,
    0x07, 0x3b, 0x0a, 0x06, 0x00, 0x03, 0x04, 0x00, 0x06, 0x09, 0x07, 0x1f, 0x00, 0x03, 0x04, 0x1b,
    0x06, 0x00, 0x07, 0x3b, 0x00, 0x03, 0x04, 0x00, 0x06, 0x09, 0x07, 0x1f, 0x00, 0x03, 0x04, 0x1b,
    0x06, 0x00, 0x07, 0x3b, 0x00, 0x03, 0x04, 0x00, 0x06, 0x09, 0x07, 0x1f, 0x00, 0x03, 0x04, 0x1b,
    0x06, 0x00, 0x07, 0x3b, 0x00, 0x04, 0x04, 0x00, 0x06, 0x09, 0x07, 0x1f, 0x0a, 0x04, 0x00, 0x03,
    0x04, 0x1b, 0x06, 0x00, 0x07, 0x3b, 0x00, 0x03, 0x04, 0x00, 0x06, 0x09, 0x07, 0x1f, 0x02, 0x01,
    0x06, 0x0a, 0x00, 0x02, 0x06, 0x09, 0x0a, 0x02, 0x01, 0x01, 0x06, 0x08, 0x00, 0x01, 0x06, 0x09,
    0x02, 0x01, 0x06, 0x08, 0x00, 0x03, 0x06, 0x00, 0x07, 0x3f, 0x0a, 0x00, 0x00, 0x00
};
static const unsigned char SB_SND_SFX12[88] = {
    0x0e, 0x00, 0x00, 0x00, 0x00, 0x05, 0x04, 0x00, 0x05, 0x00, 0x06, 0x0b, 0x07, 0x1f, 0x0a, 0x0e,
    0x00, 0x01, 0x06, 0x0c, 0x00, 0x01, 0x06, 0x0a, 0x01, 0x01, 0x06, 0x0d, 0x01, 0x01, 0x06, 0x0a,
    0x00, 0x01, 0x06, 0x0c, 0x00, 0x01, 0x06, 0x12, 0x00, 0x02, 0x06, 0x0b, 0x0a, 0x0c, 0x00, 0x02,
    0x06, 0x0a, 0x0a, 0x09, 0x00, 0x04, 0x04, 0x85, 0x06, 0x00, 0x07, 0x3b, 0x0a, 0x07, 0x00, 0x04,
    0x04, 0x00, 0x06, 0x10, 0x07, 0x1f, 0x0a, 0x04, 0x00, 0x02, 0x06, 0x0c, 0x0a, 0x02, 0x00, 0x03,
    0x06, 0x00, 0x07, 0x3f, 0x0a, 0x00, 0x00, 0x00
};
static const unsigned char SB_SND_SFX13[106] = {
    0x13, 0x00, 0x00, 0x00, 0x00, 0x05, 0x04, 0x00, 0x05, 0x00, 0x06, 0x0b, 0x07, 0x1f, 0x0a, 0x0f,
    0x00, 0x01, 0x06, 0x0a, 0x00, 0x01, 0x06, 0x0b, 0x01, 0x01, 0x06, 0x0d, 0x00, 0x03, 0x04, 0x1b,
    0x06, 0x00, 0x07, 0x3b, 0x00, 0x03, 0x04, 0x00, 0x06, 0x0c, 0x07, 0x1f, 0x00, 0x03, 0x04, 0x1b,
    0x06, 0x00, 0x07, 0x3b, 0x06, 0x03, 0x04, 0x00, 0x06, 0x1f, 0x07, 0x1f, 0x00, 0x01, 0x06, 0x1b,
    0x00, 0x01, 0x06, 0x1f, 0x01, 0x01, 0x0a, 0x0d, 0x02, 0x01, 0x0a, 0x0b, 0x03, 0x01, 0x0a, 0x09,
    0x02, 0x01, 0x0a, 0x07, 0x02, 0x01, 0x0a, 0x05, 0x02, 0x01, 0x0a, 0x03, 0x03, 0x01, 0x0a, 0x01,
    0x00, 0x03, 0x06, 0x00, 0x07, 0x3f, 0x0a, 0x00, 0x00, 0x00
};
static const unsigned char SB_SND_SFX1B[60] = {
    0x09, 0x00, 0x00, 0x00, 0x00, 0x05, 0x04, 0x00, 0x05, 0x00, 0x06, 0x08, 0x07, 0x1f, 0x0a, 0x0f,
    0x01, 0x01, 0x0a, 0x0d, 0x02, 0x01, 0x0a, 0x0b, 0x00, 0x04, 0x04, 0x41, 0x06, 0x00, 0x07, 0x3b,
    0x0a, 0x09, 0x00, 0x02, 0x04, 0x29, 0x0a, 0x06, 0x00, 0x02, 0x04, 0x56, 0x0a, 0x04, 0x00, 0x01,
    0x0a, 0x02, 0x00, 0x03, 0x04, 0x00, 0x07, 0x3f, 0x0a, 0x00, 0x00, 0x00
};
static const unsigned char SB_SND_JUMP[72] = {
    0x0a, 0x00, 0x00, 0x00, 0x00, 0x05, 0x04, 0x00, 0x05, 0x00, 0x06, 0x00, 0x07, 0x3f, 0x0a, 0x00,
    0x01, 0x03, 0x04, 0xbb, 0x07, 0x3b, 0x0a, 0x07, 0x00, 0x04, 0x04, 0x00, 0x06, 0x08, 0x07, 0x1f,
    0x0a, 0x0b, 0x00, 0x01, 0x0a, 0x0d, 0x00, 0x01, 0x06, 0x09, 0x01, 0x02, 0x06, 0x08, 0x0a, 0x0b,
    0x00, 0x04, 0x04, 0x41, 0x06, 0x00, 0x07, 0x3b, 0x0a, 0x08, 0x00, 0x01, 0x0a, 0x04, 0x00, 0x03,
    0x04, 0x00, 0x07, 0x3f, 0x0a, 0x00, 0x00, 0x00
};
static const unsigned char SB_SND_SFX1D[106] = {
    0x15, 0x00, 0x00, 0x00, 0x00, 0x05, 0x04, 0x65, 0x05, 0x00, 0x06, 0x00, 0x07, 0x3b, 0x0a, 0x0e,
    0x01, 0x03, 0x04, 0x00, 0x06, 0x09, 0x07, 0x1f, 0x01, 0x01, 0x06, 0x08, 0x00, 0x03, 0x04, 0xfe,
    0x06, 0x00, 0x07, 0x3b, 0x00, 0x01, 0x04, 0x3f, 0x04, 0x01, 0x04, 0xbb, 0x01, 0x01, 0x04, 0x7c,
    0x02, 0x01, 0x04, 0x3d, 0x08, 0x01, 0x04, 0x77, 0x02, 0x01, 0x04, 0xb2, 0x01, 0x01, 0x04, 0x3b,
    0x05, 0x01, 0x04, 0xad, 0x02, 0x01, 0x04, 0x73, 0x06, 0x01, 0x0a, 0x0c, 0x03, 0x01, 0x0a, 0x0a,
    0x02, 0x01, 0x0a, 0x08, 0x02, 0x01, 0x0a, 0x06, 0x03, 0x01, 0x0a, 0x04, 0x04, 0x01, 0x0a, 0x02,
    0x02, 0x03, 0x04, 0x00, 0x07, 0x3f, 0x0a, 0x00, 0x00, 0x00
};
static const unsigned char SB_SND_SHOT[48] = {
    0x06, 0x00, 0x00, 0x00, 0x00, 0x05, 0x04, 0xa4, 0x05, 0x00, 0x06, 0x00, 0x07, 0x3b, 0x0a, 0x06,
    0x00, 0x02, 0x04, 0x22, 0x0a, 0x0e, 0x01, 0x02, 0x04, 0xad, 0x0a, 0x0b, 0x00, 0x04, 0x04, 0x00,
    0x06, 0x08, 0x07, 0x1f, 0x0a, 0x05, 0x00, 0x03, 0x06, 0x00, 0x07, 0x3f, 0x0a, 0x00, 0x00, 0x00
};
static const unsigned char SB_SND_START[74] = {
    0x09, 0x00, 0x00, 0x00, 0x00, 0x05, 0x04, 0x29, 0x05, 0x00, 0x06, 0x00, 0x07, 0x3b, 0x0a, 0x0e,
    0x04, 0x03, 0x04, 0x00, 0x07, 0x3f, 0x0a, 0x00, 0x03, 0x03, 0x04, 0x2d, 0x07, 0x3b, 0x0a, 0x0e,
    0x04, 0x03, 0x04, 0x00, 0x07, 0x3f, 0x0a, 0x00, 0x03, 0x03, 0x04, 0x29, 0x07, 0x3b, 0x0a, 0x0e,
    0x04, 0x03, 0x04, 0x00, 0x07, 0x3f, 0x0a, 0x00, 0x03, 0x03, 0x04, 0x2d, 0x07, 0x3b, 0x0a, 0x0e,
    0x04, 0x03, 0x04, 0x00, 0x07, 0x3f, 0x0a, 0x00, 0x00, 0x00
};
static const unsigned char SB_SND_CLEAR[482] = {
    0x54, 0x00, 0x00, 0x00, 0x00, 0x05, 0x04, 0x00, 0x05, 0x00, 0x06, 0x1d, 0x07, 0x1f, 0x0a, 0x0f,
    0x01, 0x01, 0x06, 0x1e, 0x00, 0x01, 0x06, 0x1d, 0x00, 0x01, 0x06, 0x1b, 0x01, 0x01, 0x06, 0x1d,
    0x00, 0x03, 0x04, 0x1d, 0x06, 0x00, 0x07, 0x3b, 0x00, 0x01, 0x04, 0x1b, 0x00, 0x01, 0x04, 0x20,
    0x00, 0x01, 0x04, 0x1b, 0x01, 0x01, 0x04, 0x1d, 0x00, 0x01, 0x04, 0x1b, 0x00, 0x01, 0x04, 0x20,
    0x00, 0x01, 0x04, 0x1d, 0x00, 0x01, 0x04, 0x22, 0x00, 0x01, 0x04, 0x20, 0x00, 0x03, 0x04, 0x00,
    0x06, 0x1f, 0x07, 0x1f, 0x00, 0x01, 0x0a, 0x0c, 0x00, 0x01, 0x0a, 0x0a, 0x01, 0x01, 0x0a, 0x08,
    0x03, 0x01, 0x0a, 0x06, 0x00, 0x02, 0x06, 0x1b, 0x0a, 0x0f, 0x02, 0x01, 0x06, 0x1a, 0x00, 0x01,
    0x06, 0x19, 0x00, 0x01, 0x06, 0x1a, 0x00, 0x01, 0x06, 0x1c, 0x00, 0x03, 0x04, 0x1b, 0x06, 0x00,
    0x07, 0x3b, 0x00, 0x01, 0x04, 0x20, 0x00, 0x01, 0x04, 0x1d, 0x01, 0x01, 0x04, 0x20, 0x00, 0x01,
    0x04, 0x1b, 0x00, 0x01, 0x04, 0x1d, 0x01, 0x01, 0x04, 0x19, 0x00, 0x01, 0x04, 0x1d, 0x01, 0x01,
    0x04, 0x29, 0x00, 0x02, 0x04, 0x2b, 0x0a, 0x0c, 0x00, 0x04, 0x04, 0x00, 0x06, 0x1f, 0x07, 0x1f,
    0x0a, 0x0a, 0x01, 0x01, 0x0a, 0x08, 0x03, 0x01, 0x0a, 0x06, 0x00, 0x02, 0x06, 0x1e, 0x0a, 0x0f,
    0x00, 0x01, 0x06, 0x1c, 0x00, 0x01, 0x06, 0x1d, 0x00, 0x01, 0x06, 0x1e, 0x00, 0x01, 0x06, 0x1c,
    0x00, 0x01, 0x06, 0x1b, 0x00, 0x01, 0x06, 0x1d, 0x00, 0x03, 0x04, 0x1d, 0x06, 0x00, 0x07, 0x3b,
    0x01, 0x01, 0x04, 0x22, 0x00, 0x04, 0x04, 0x00, 0x06, 0x1f, 0x07, 0x1f, 0x0a, 0x0d, 0x01, 0x01,
    0x0a, 0x0a, 0x05, 0x02, 0x06, 0x15, 0x0a, 0x0d, 0x00, 0x05, 0x04, 0x10, 0x05, 0x01, 0x06, 0x00,
    0x07, 0x3b, 0x0a, 0x0f, 0x00, 0x04, 0x04, 0x00, 0x05, 0x00, 0x06, 0x11, 0x07, 0x1f, 0x02, 0x01,
    0x0a, 0x0d, 0x00, 0x04, 0x04, 0x97, 0x05, 0x01, 0x06, 0x00, 0x07, 0x3b, 0x01, 0x04, 0x04, 0x00,
    0x05, 0x00, 0x06, 0x11, 0x07, 0x1f, 0x01, 0x04, 0x04, 0x95, 0x05, 0x01, 0x06, 0x00, 0x07, 0x3b,
    0x04, 0x02, 0x04, 0x0e, 0x0a, 0x0b, 0x00, 0x01, 0x04, 0x95, 0x01, 0x05, 0x04, 0x00, 0x05, 0x00,
    0x06, 0x10, 0x07, 0x1f, 0x0a, 0x09, 0x00, 0x04, 0x04, 0x95, 0x05, 0x01, 0x06, 0x00, 0x07, 0x3b,
    0x00, 0x01, 0x04, 0x0e, 0x10, 0x01, 0x04, 0x0c, 0x0b, 0x02, 0x04, 0x26, 0x05, 0x03, 0x01, 0x02,
    0x04, 0x0c, 0x05, 0x01, 0x00, 0x02, 0x04, 0x26, 0x05, 0x03, 0x01, 0x02, 0x04, 0x0c, 0x05, 0x01,
    0x04, 0x02, 0x04, 0x26, 0x05, 0x03, 0x01, 0x02, 0x04, 0x0c, 0x05, 0x01, 0x00, 0x02, 0x04, 0x26,
    0x05, 0x03, 0x01, 0x01, 0x04, 0x23, 0x08, 0x02, 0x04, 0xa0, 0x05, 0x00, 0x00, 0x02, 0x04, 0x21,
    0x05, 0x03, 0x03, 0x04, 0x04, 0x00, 0x05, 0x00, 0x06, 0x18, 0x07, 0x1f, 0x00, 0x04, 0x04, 0x21,
    0x05, 0x03, 0x06, 0x00, 0x07, 0x3b, 0x02, 0x04, 0x04, 0x00, 0x05, 0x00, 0x06, 0x1f, 0x07, 0x1f,
    0x00, 0x03, 0x04, 0xc8, 0x06, 0x00, 0x07, 0x3b, 0x00, 0x02, 0x04, 0x0c, 0x05, 0x01, 0x00, 0x04,
    0x04, 0x00, 0x05, 0x00, 0x06, 0x1f, 0x07, 0x1f, 0x01, 0x01, 0x0a, 0x07, 0x04, 0x01, 0x0a, 0x05,
    0x03, 0x01, 0x0a, 0x03, 0x03, 0x01, 0x0a, 0x01, 0x01, 0x03, 0x06, 0x00, 0x07, 0x3f, 0x0a, 0x00,
    0x00, 0x00
};
static const unsigned char SB_SND_DEATH[410] = {
    0x41, 0x00, 0x00, 0x00, 0x00, 0x05, 0x04, 0x00, 0x05, 0x00, 0x06, 0x1f, 0x07, 0x1f, 0x0a, 0x0d,
    0x0c, 0x03, 0x04, 0x1d, 0x06, 0x00, 0x07, 0x3b, 0x01, 0x01, 0x04, 0x1b, 0x00, 0x01, 0x04, 0x1d,
    0x02, 0x01, 0x0a, 0x0b, 0x00, 0x03, 0x04, 0x00, 0x06, 0x18, 0x07, 0x1f, 0x00, 0x04, 0x04, 0xc7,
    0x05, 0x01, 0x06, 0x00, 0x07, 0x3b, 0x04, 0x01, 0x04, 0xc9, 0x03, 0x04, 0x04, 0x00, 0x05, 0x00,
    0x06, 0x1f, 0x07, 0x1f, 0x00, 0x01, 0x0a, 0x0e, 0x0e, 0x03, 0x04, 0x22, 0x06, 0x00, 0x07, 0x3b,
    0x00, 0x02, 0x04, 0x1d, 0x0a, 0x0c, 0x00, 0x01, 0x04, 0x1b, 0x00, 0x01, 0x04, 0x1d, 0x00, 0x04,
    0x04, 0x00, 0x06, 0x1f, 0x07, 0x1f, 0x0a, 0x0a, 0x00, 0x04, 0x04, 0x87, 0x06, 0x00, 0x07, 0x3b,
    0x0a, 0x0c, 0x07, 0x01, 0x0a, 0x0a, 0x01, 0x04, 0x04, 0x00, 0x06, 0x1f, 0x07, 0x1f, 0x0a, 0x0c,
    0x00, 0x04, 0x04, 0xe4, 0x05, 0x01, 0x06, 0x00, 0x07, 0x3b, 0x00, 0x01, 0x04, 0xe2, 0x02, 0x01,
    0x04, 0xe4, 0x00, 0x01, 0x04, 0xe2, 0x01, 0x01, 0x04, 0xe4, 0x00, 0x01, 0x04, 0xe2, 0x00, 0x03,
    0x04, 0xa2, 0x05, 0x00, 0x0a, 0x0a, 0x00, 0x01, 0x04, 0xa0, 0x01, 0x01, 0x0a, 0x08, 0x03, 0x01,
    0x0a, 0x06, 0x02, 0x04, 0x04, 0x00, 0x06, 0x1f, 0x07, 0x1f, 0x0a, 0x0b, 0x00, 0x01, 0x0a, 0x0e,
    0x07, 0x01, 0x0a, 0x0c, 0x01, 0x01, 0x0a, 0x0e, 0x0a, 0x01, 0x0a, 0x0c, 0x01, 0x03, 0x04, 0x26,
    0x06, 0x00, 0x07, 0x3b, 0x00, 0x01, 0x04, 0x24, 0x00, 0x01, 0x04, 0x29, 0x00, 0x01, 0x04, 0x2d,
    0x00, 0x01, 0x04, 0x2b, 0x00, 0x01, 0x04, 0x24, 0x00, 0x02, 0x04, 0x26, 0x0a, 0x0a, 0x00, 0x03,
    0x04, 0x00, 0x06, 0x1f, 0x07, 0x1f, 0x00, 0x01, 0x0a, 0x08, 0x01, 0x04, 0x04, 0x93, 0x05, 0x01,
    0x06, 0x00, 0x07, 0x3b, 0x00, 0x04, 0x04, 0x00, 0x05, 0x00, 0x06, 0x1f, 0x07, 0x1f, 0x00, 0x04,
    0x04, 0x93, 0x05, 0x01, 0x06, 0x00, 0x07, 0x3b, 0x00, 0x05, 0x04, 0x00, 0x05, 0x00, 0x06, 0x1f,
    0x07, 0x1f, 0x0a, 0x06, 0x00, 0x04, 0x04, 0x93, 0x05, 0x01, 0x06, 0x00, 0x07, 0x3b, 0x01, 0x02,
    0x04, 0xc8, 0x05, 0x00, 0x00, 0x04, 0x04, 0x00, 0x06, 0x1f, 0x07, 0x1f, 0x0a, 0x0c, 0x00, 0x01,
    0x0a, 0x0e, 0x07, 0x01, 0x0a, 0x0c, 0x10, 0x03, 0x04, 0x1d, 0x06, 0x00, 0x07, 0x3b, 0x00, 0x03,
    0x04, 0x00, 0x06, 0x1f, 0x07, 0x1f, 0x01, 0x03, 0x04, 0x1d, 0x06, 0x00, 0x07, 0x3b, 0x00, 0x01,
    0x04, 0x20, 0x00, 0x03, 0x04, 0x00, 0x06, 0x1f, 0x07, 0x1f, 0x06, 0x01, 0x0a, 0x0a, 0x01, 0x01,
    0x0a, 0x08, 0x05, 0x01, 0x0a, 0x06, 0x02, 0x01, 0x0a, 0x04, 0x03, 0x05, 0x04, 0x58, 0x05, 0x01,
    0x06, 0x00, 0x07, 0x3b, 0x0a, 0x02, 0x00, 0x01, 0x04, 0x56, 0x00, 0x01, 0x04, 0x58, 0x00, 0x04,
    0x04, 0x00, 0x05, 0x00, 0x07, 0x3f, 0x0a, 0x00, 0x00, 0x00
};
static const unsigned char SB_SND_MUS22[846] = {
    0x5f, 0x00, 0x00, 0x00, 0x08, 0x00, 0x00, 0x00, 0x00, 0x08, 0x00, 0xc8, 0x01, 0x01, 0x02, 0x1e,
    0x03, 0x02, 0x06, 0x1c, 0x07, 0x2c, 0x08, 0x0f, 0x09, 0x0c, 0x01, 0x01, 0x07, 0x3c, 0x06, 0x02,
    0x06, 0x12, 0x07, 0x2c, 0x01, 0x01, 0x07, 0x3c, 0x04, 0x07, 0x00, 0x00, 0x01, 0x00, 0x02, 0x00,
    0x03, 0x00, 0x07, 0x3f, 0x08, 0x00, 0x09, 0x00, 0x01, 0x03, 0x06, 0x1c, 0x07, 0x2f, 0x09, 0x0c,
    0x00, 0x01, 0x09, 0x06, 0x00, 0x02, 0x07, 0x3f, 0x09, 0x00, 0x06, 0x07, 0x00, 0xc8, 0x01, 0x01,
    0x02, 0x1e, 0x03, 0x02, 0x07, 0x2c, 0x08, 0x0f, 0x09, 0x0c, 0x01, 0x01, 0x07, 0x3c, 0x04, 0x07,
    0x00, 0x00, 0x01, 0x00, 0x02, 0x00, 0x03, 0x00, 0x07, 0x3f, 0x08, 0x00, 0x09, 0x00, 0x01, 0x02,
    0x07, 0x2f, 0x09, 0x0c, 0x00, 0x01, 0x09, 0x06, 0x00, 0x02, 0x07, 0x3f, 0x09, 0x00, 0x06, 0x07,
    0x00, 0xc8, 0x01, 0x01, 0x02, 0x1e, 0x03, 0x02, 0x07, 0x2c, 0x08, 0x0f, 0x09, 0x0c, 0x01, 0x01,
    0x07, 0x3c, 0x04, 0x07, 0x00, 0x00, 0x01, 0x00, 0x02, 0x00, 0x03, 0x00, 0x07, 0x3f, 0x08, 0x00,
    0x09, 0x00, 0x01, 0x02, 0x07, 0x2f, 0x09, 0x0c, 0x00, 0x01, 0x09, 0x06, 0x00, 0x02, 0x07, 0x3f,
    0x09, 0x00, 0x06, 0x07, 0x00, 0xc8, 0x01, 0x01, 0x02, 0x1e, 0x03, 0x02, 0x07, 0x2c, 0x08, 0x0f,
    0x09, 0x0c, 0x01, 0x01, 0x07, 0x3c, 0x04, 0x07, 0x00, 0x00, 0x01, 0x00, 0x02, 0x00, 0x03, 0x00,
    0x07, 0x3f, 0x08, 0x00, 0x09, 0x00, 0x01, 0x02, 0x07, 0x2f, 0x09, 0x0c, 0x00, 0x01, 0x09, 0x06,
    0x00, 0x02, 0x07, 0x3f, 0x09, 0x00, 0x06, 0x08, 0x00, 0xc8, 0x01, 0x01, 0x02, 0x1e, 0x03, 0x02,
    0x06, 0x12, 0x07, 0x2c, 0x08, 0x0f, 0x09, 0x0c, 0x01, 0x01, 0x07, 0x3c, 0x04, 0x07, 0x00, 0x00,
    0x01, 0x00, 0x02, 0x00, 0x03, 0x00, 0x07, 0x3f, 0x08, 0x00, 0x09, 0x00, 0x01, 0x03, 0x06, 0x1c,
    0x07, 0x2f, 0x09, 0x0c, 0x00, 0x01, 0x09, 0x06, 0x00, 0x02, 0x07, 0x3f, 0x09, 0x00, 0x06, 0x07,
    0x00, 0xc8, 0x01, 0x01, 0x02, 0x1e, 0x03, 0x02, 0x07, 0x2c, 0x08, 0x0f, 0x09, 0x0c, 0x01, 0x01,
    0x07, 0x3c, 0x04, 0x07, 0x00, 0x00, 0x01, 0x00, 0x02, 0x00, 0x03, 0x00, 0x07, 0x3f, 0x08, 0x00,
    0x09, 0x00, 0x01, 0x02, 0x07, 0x2f, 0x09, 0x0c, 0x00, 0x01, 0x09, 0x06, 0x00, 0x02, 0x07, 0x3f,
    0x09, 0x00, 0x07, 0x07, 0x00, 0xc8, 0x01, 0x01, 0x02, 0x1e, 0x03, 0x02, 0x07, 0x2c, 0x08, 0x0f,
    0x09, 0x0c, 0x01, 0x01, 0x07, 0x3c, 0x03, 0x07, 0x00, 0x00, 0x01, 0x00, 0x02, 0x00, 0x03, 0x00,
    0x07, 0x3f, 0x08, 0x00, 0x09, 0x00, 0x02, 0x02, 0x07, 0x2f, 0x09, 0x0c, 0x00, 0x01, 0x09, 0x06,
    0x00, 0x02, 0x07, 0x3f, 0x09, 0x00, 0x06, 0x07, 0x00, 0xc8, 0x01, 0x01, 0x02, 0x1e, 0x03, 0x02,
    0x07, 0x2c, 0x08, 0x0f, 0x09, 0x0c, 0x01, 0x01, 0x07, 0x3c, 0x03, 0x07, 0x00, 0x00, 0x01, 0x00,
    0x02, 0x00, 0x03, 0x00, 0x07, 0x3f, 0x08, 0x00, 0x09, 0x00, 0x02, 0x07, 0x00, 0xc8, 0x01, 0x01,
    0x02, 0x1e, 0x03, 0x02, 0x07, 0x2c, 0x08, 0x0f, 0x09, 0x0c, 0x01, 0x01, 0x07, 0x3c, 0x06, 0x02,
    0x06, 0x12, 0x07, 0x2c, 0x01, 0x01, 0x07, 0x3c, 0x04, 0x07, 0x00, 0x00, 0x01, 0x00, 0x02, 0x00,
    0x03, 0x00, 0x07, 0x3f, 0x08, 0x00, 0x09, 0x00, 0x01, 0x03, 0x06, 0x1c, 0x07, 0x2f, 0x09, 0x0c,
    0x00, 0x01, 0x09, 0x06, 0x00, 0x02, 0x07, 0x3f, 0x09, 0x00, 0x06, 0x07, 0x00, 0xc8, 0x01, 0x01,
    0x02, 0x1e, 0x03, 0x02, 0x07, 0x2c, 0x08, 0x0f, 0x09, 0x0c, 0x01, 0x01, 0x07, 0x3c, 0x04, 0x07,
    0x00, 0x00, 0x01, 0x00, 0x02, 0x00, 0x03, 0x00, 0x07, 0x3f, 0x08, 0x00, 0x09, 0x00, 0x01, 0x02,
    0x07, 0x2f, 0x09, 0x0c, 0x00, 0x01, 0x09, 0x06, 0x00, 0x02, 0x07, 0x3f, 0x09, 0x00, 0x06, 0x07,
    0x00, 0xc8, 0x01, 0x01, 0x02, 0x1e, 0x03, 0x02, 0x07, 0x2c, 0x08, 0x0f, 0x09, 0x0c, 0x01, 0x01,
    0x07, 0x3c, 0x04, 0x07, 0x00, 0x00, 0x01, 0x00, 0x02, 0x00, 0x03, 0x00, 0x07, 0x3f, 0x08, 0x00,
    0x09, 0x00, 0x01, 0x02, 0x07, 0x2f, 0x09, 0x0c, 0x00, 0x01, 0x09, 0x06, 0x00, 0x02, 0x07, 0x3f,
    0x09, 0x00, 0x06, 0x07, 0x00, 0xc8, 0x01, 0x01, 0x02, 0x1e, 0x03, 0x02, 0x07, 0x2c, 0x08, 0x0f,
    0x09, 0x0c, 0x01, 0x01, 0x07, 0x3c, 0x04, 0x07, 0x00, 0x00, 0x01, 0x00, 0x02, 0x00, 0x03, 0x00,
    0x07, 0x3f, 0x08, 0x00, 0x09, 0x00, 0x01, 0x02, 0x07, 0x2f, 0x09, 0x0c, 0x00, 0x01, 0x09, 0x06,
    0x00, 0x02, 0x07, 0x3f, 0x09, 0x00, 0x06, 0x08, 0x00, 0xc8, 0x01, 0x01, 0x02, 0x1e, 0x03, 0x02,
    0x06, 0x12, 0x07, 0x2c, 0x08, 0x0f, 0x09, 0x0c, 0x01, 0x01, 0x07, 0x3c, 0x04, 0x07, 0x00, 0x00,
    0x01, 0x00, 0x02, 0x00, 0x03, 0x00, 0x07, 0x3f, 0x08, 0x00, 0x09, 0x00, 0x01, 0x03, 0x06, 0x1c,
    0x07, 0x2f, 0x09, 0x0c, 0x00, 0x01, 0x09, 0x06, 0x00, 0x02, 0x07, 0x3f, 0x09, 0x00, 0x06, 0x07,
    0x00, 0xc8, 0x01, 0x01, 0x02, 0x1e, 0x03, 0x02, 0x07, 0x2c, 0x08, 0x0f, 0x09, 0x0c, 0x01, 0x01,
    0x07, 0x3c, 0x04, 0x07, 0x00, 0x00, 0x01, 0x00, 0x02, 0x00, 0x03, 0x00, 0x07, 0x3f, 0x08, 0x00,
    0x09, 0x00, 0x01, 0x02, 0x07, 0x2f, 0x09, 0x0c, 0x00, 0x01, 0x09, 0x06, 0x00, 0x02, 0x07, 0x3f,
    0x09, 0x00, 0x07, 0x07, 0x00, 0xc8, 0x01, 0x01, 0x02, 0x1e, 0x03, 0x02, 0x07, 0x2c, 0x08, 0x0f,
    0x09, 0x0c, 0x01, 0x01, 0x07, 0x3c, 0x03, 0x07, 0x00, 0x00, 0x01, 0x00, 0x02, 0x00, 0x03, 0x00,
    0x07, 0x3f, 0x08, 0x00, 0x09, 0x00, 0x02, 0x07, 0x00, 0xc8, 0x01, 0x01, 0x02, 0x1e, 0x03, 0x02,
    0x07, 0x2c, 0x08, 0x0f, 0x09, 0x0c, 0x01, 0x01, 0x07, 0x3c, 0x03, 0x07, 0x00, 0x00, 0x01, 0x00,
    0x02, 0x00, 0x03, 0x00, 0x07, 0x3f, 0x08, 0x00, 0x09, 0x00, 0x02, 0x03, 0x06, 0x12, 0x07, 0x2f,
    0x09, 0x0c, 0x00, 0x01, 0x09, 0x06, 0x00, 0x02, 0x07, 0x3f, 0x09, 0x00, 0x06, 0xff
};
static const unsigned char SB_SND_LEVEL[10618] = {
    0x93, 0x04, 0x00, 0x00, 0x32, 0x01, 0x00, 0x00, 0x00, 0x08, 0x00, 0x42, 0x01, 0x01, 0x02, 0x42,
    0x03, 0x01, 0x06, 0x1c, 0x07, 0x2c, 0x08, 0x0f, 0x09, 0x0f, 0x01, 0x01, 0x07, 0x3c, 0x00, 0x04,
    0x02, 0x00, 0x03, 0x00, 0x07, 0x3e, 0x09, 0x00, 0x04, 0x04, 0x00, 0x00, 0x01, 0x00, 0x07, 0x3f,
    0x08, 0x00, 0x01, 0x07, 0x00, 0x69, 0x01, 0x01, 0x02, 0x69, 0x03, 0x01, 0x07, 0x2c, 0x08, 0x0f,
    0x09, 0x0f, 0x01, 0x01, 0x07, 0x3c, 0x00, 0x04, 0x02, 0x00, 0x03, 0x00, 0x07, 0x3e, 0x09, 0x00,
    0x04, 0x04, 0x00, 0x00, 0x01, 0x00, 0x07, 0x3f, 0x08, 0x00, 0x01, 0x07, 0x00, 0x42, 0x01, 0x01,
    0x02, 0x42, 0x03, 0x01, 0x07, 0x2c, 0x08, 0x0f, 0x09, 0x0f, 0x01, 0x01, 0x07, 0x3c, 0x00, 0x04,
    0x02, 0x00, 0x03, 0x00, 0x07, 0x3e, 0x09, 0x00, 0x05, 0x04, 0x00, 0x00, 0x01, 0x00, 0x07, 0x3f,
    0x08, 0x00, 0x00, 0x05, 0x00, 0x0f, 0x01, 0x01, 0x07, 0x2e, 0x08, 0x0f, 0x09, 0x0c, 0x00, 0x01,
    0x09, 0x06, 0x00, 0x02, 0x07, 0x3e, 0x09, 0x00, 0x06, 0x04, 0x00, 0x00, 0x01, 0x00, 0x07, 0x3f,
    0x08, 0x00, 0x00, 0x03, 0x06, 0x12, 0x07, 0x2f, 0x09, 0x0c, 0x00, 0x01, 0x09, 0x06, 0x00, 0x02,
    0x07, 0x3f, 0x09, 0x00, 0x08, 0x07, 0x00, 0xd7, 0x02, 0x0f, 0x03, 0x01, 0x06, 0x1c, 0x07, 0x2c,
    0x08, 0x0f, 0x09, 0x0f, 0x01, 0x01, 0x07, 0x3c, 0x05, 0x06, 0x00, 0x00, 0x02, 0x00, 0x03, 0x00,
    0x07, 0x3f, 0x08, 0x00, 0x09, 0x00, 0x01, 0x02, 0x07, 0x2f, 0x09, 0x0c, 0x00, 0x01, 0x09, 0x06,
    0x00, 0x02, 0x07, 0x3f, 0x09, 0x00, 0x07, 0x04, 0x00, 0xb5, 0x07, 0x2e, 0x08, 0x0f, 0x09, 0x0c,
    0x00, 0x01, 0x09, 0x06, 0x00, 0x02, 0x07, 0x3e, 0x09, 0x00, 0x06, 0x03, 0x00, 0x00, 0x07, 0x3f,
    0x08, 0x00, 0x00, 0x04, 0x00, 0xd7, 0x07, 0x2e, 0x08, 0x0f, 0x09, 0x0c, 0x00, 0x01, 0x09, 0x06,
    0x00, 0x02, 0x07, 0x3e, 0x09, 0x00, 0x06, 0x03, 0x00, 0x00, 0x07, 0x3f, 0x08, 0x00, 0x00, 0x04,
    0x00, 0xe4, 0x07, 0x2e, 0x08, 0x0f, 0x09, 0x0c, 0x00, 0x01, 0x09, 0x06, 0x00, 0x02, 0x07, 0x3e,
    0x09, 0x00, 0x06, 0x03, 0x00, 0x00, 0x07, 0x3f, 0x08, 0x00, 0x01, 0x04, 0x00, 0xd7, 0x07, 0x2e,
    0x08, 0x0f, 0x09, 0x0c, 0x00, 0x01, 0x09, 0x06, 0x00, 0x02, 0x07, 0x3e, 0x09, 0x00, 0x05, 0x03,
    0x00, 0x00, 0x07, 0x3f, 0x08, 0x00, 0x01, 0x05, 0x00, 0x0f, 0x01, 0x01, 0x07, 0x2e, 0x08, 0x0f,
    0x09, 0x0c, 0x00, 0x01, 0x09, 0x06, 0x00, 0x02, 0x07, 0x3e, 0x09, 0x00, 0x07, 0x03, 0x06, 0x12,
    0x07, 0x2e, 0x09, 0x0c, 0x00, 0x01, 0x09, 0x06, 0x00, 0x02, 0x07, 0x3e, 0x09, 0x00, 0x05, 0x04,
    0x00, 0x00, 0x01, 0x00, 0x07, 0x3f, 0x08, 0x00, 0x01, 0x08, 0x00, 0x69, 0x01, 0x01, 0x02, 0x0f,
    0x03, 0x01, 0x06, 0x1c, 0x07, 0x2c, 0x08, 0x0f, 0x09, 0x0c, 0x01, 0x01, 0x07, 0x3c, 0x01, 0x07,
    0x00, 0x00, 0x01, 0x00, 0x02, 0x00, 0x03, 0x00, 0x07, 0x3f, 0x08, 0x00, 0x09, 0x00, 0x05, 0x07,
    0x00, 0xae, 0x01, 0x01, 0x02, 0x42, 0x03, 0x01, 0x07, 0x2c, 0x08, 0x0f, 0x09, 0x0c, 0x01, 0x01,
    0x07, 0x3c, 0x01, 0x07, 0x00, 0x00, 0x01, 0x00, 0x02, 0x00, 0x03, 0x00, 0x07, 0x3f, 0x08, 0x00,
    0x09, 0x00, 0x06, 0x07, 0x00, 0xae, 0x01, 0x01, 0x02, 0x69, 0x03, 0x01, 0x07, 0x2c, 0x08, 0x0f,
    0x09, 0x0c, 0x01, 0x01, 0x07, 0x3c, 0x00, 0x07, 0x00, 0x00, 0x01, 0x00, 0x02, 0x00, 0x03, 0x00,
    0x07, 0x3f, 0x08, 0x00, 0x09, 0x00, 0x06, 0x05, 0x00, 0x69, 0x01, 0x01, 0x07, 0x2e, 0x08, 0x0f,
    0x09, 0x0c, 0x00, 0x01, 0x09, 0x06, 0x00, 0x02, 0x07, 0x3e, 0x09, 0x00, 0x05, 0x04, 0x00, 0x00,
    0x01, 0x00, 0x07, 0x3f, 0x08, 0x00, 0x01, 0x05, 0x00, 0x42, 0x01, 0x01, 0x07, 0x2e, 0x08, 0x0f,
    0x09, 0x0c, 0x00, 0x01, 0x09, 0x06, 0x00, 0x02, 0x07, 0x3e, 0x09, 0x00, 0x05, 0x04, 0x00, 0x00,
    0x01, 0x00, 0x07, 0x3f, 0x08, 0x00, 0x01, 0x05, 0x00, 0x1f, 0x01, 0x01, 0x07, 0x2e, 0x08, 0x0f,
    0x09, 0x0c, 0x00, 0x01, 0x09, 0x06, 0x00, 0x02, 0x07, 0x3e, 0x09, 0x00, 0x06, 0x04, 0x00, 0x00,
    0x01, 0x00, 0x07, 0x3f, 0x08, 0x00, 0x00, 0x05, 0x00, 0x0f, 0x01, 0x01, 0x07, 0x2e, 0x08, 0x0f,
    0x09, 0x0c, 0x00, 0x01, 0x09, 0x06, 0x00, 0x02, 0x07, 0x3e, 0x09, 0x00, 0x06, 0x04, 0x00, 0x00,
    0x01, 0x00, 0x07, 0x3f, 0x08, 0x00, 0x01, 0x04, 0x00, 0xd7, 0x07, 0x2e, 0x08, 0x0f, 0x09, 0x0c,
    0x00, 0x01, 0x09, 0x06, 0x00, 0x02, 0x07, 0x3e, 0x09, 0x00, 0x08, 0x03, 0x00, 0x00, 0x07, 0x3f,
    0x08, 0x00, 0x01, 0x04, 0x00, 0xb5, 0x07, 0x2e, 0x08, 0x0f, 0x09, 0x0c, 0x00, 0x01, 0x09, 0x06,
    0x00, 0x02, 0x07, 0x3e, 0x09, 0x00, 0x04, 0x03, 0x06, 0x0d, 0x07, 0x2e, 0x09, 0x0c, 0x00, 0x01,
    0x09, 0x06, 0x00, 0x02, 0x07, 0x3e, 0x09, 0x00, 0x02, 0x03, 0x00, 0x00, 0x07, 0x3f, 0x08, 0x00,
    0x01, 0x05, 0x00, 0xa1, 0x06, 0x1c, 0x07, 0x2e, 0x08, 0x0f, 0x09, 0x0c, 0x00, 0x01, 0x09, 0x06,
    0x00, 0x02, 0x07, 0x3e, 0x09, 0x00, 0x00, 0x03, 0x06, 0x12, 0x07, 0x2e, 0x09, 0x0c, 0x00, 0x01,
    0x09, 0x06, 0x00, 0x02, 0x07, 0x3e, 0x09, 0x00, 0x06, 0x03, 0x00, 0x00, 0x07, 0x3f, 0x08, 0x00,
    0x00, 0x06, 0x00, 0x8f, 0x02, 0x8f, 0x06, 0x1c, 0x07, 0x2c, 0x08, 0x0f, 0x09, 0x0f, 0x01, 0x01,
    0x07, 0x3c, 0x08, 0x01, 0x07, 0x2c, 0x01, 0x01, 0x07, 0x3c, 0x05, 0x05, 0x00, 0x00, 0x02, 0x00,
    0x07, 0x3f, 0x08, 0x00, 0x09, 0x00, 0x01, 0x03, 0x06, 0x03, 0x07, 0x2f, 0x09, 0x0c, 0x00, 0x01,
    0x09, 0x06, 0x00, 0x02, 0x07, 0x3f, 0x09, 0x00, 0x07, 0x06, 0x00, 0xa1, 0x02, 0xa1, 0x06, 0x1c,
    0x07, 0x2c, 0x08, 0x0f, 0x09, 0x0f, 0x01, 0x01, 0x07, 0x3c, 0x07, 0x02, 0x06, 0x12, 0x07, 0x2c,
    0x01, 0x01, 0x07, 0x3c, 0x06, 0x05, 0x00, 0x00, 0x02, 0x00, 0x07, 0x3f, 0x08, 0x00, 0x09, 0x00,
    0x00, 0x03, 0x06, 0x1c, 0x07, 0x2f, 0x09, 0x0c, 0x00, 0x01, 0x09, 0x06, 0x00, 0x02, 0x07, 0x3f,
    0x09, 0x00, 0x08, 0x03, 0x06, 0x0d, 0x07, 0x2f, 0x09, 0x0c, 0x00, 0x01, 0x09, 0x06, 0x00, 0x02,
    0x07, 0x3f, 0x09, 0x00, 0x07, 0x03, 0x06, 0x12, 0x07, 0x2f, 0x09, 0x0c, 0x00, 0x01, 0x09, 0x06,
    0x00, 0x02, 0x07, 0x3f, 0x09, 0x00, 0x07, 0x07, 0x00, 0xa1, 0x02, 0x1e, 0x03, 0x02, 0x06, 0x1c,
    0x07, 0x2c, 0x08, 0x0f, 0x09, 0x0f, 0x01, 0x01, 0x07, 0x3c, 0x00, 0x04, 0x02, 0x00, 0x03, 0x00,
    0x07, 0x3e, 0x09, 0x00, 0x04, 0x03, 0x00, 0x00, 0x07, 0x3f, 0x08, 0x00, 0x01, 0x04, 0x00, 0x88,
    0x07, 0x2e, 0x08, 0x0f, 0x09, 0x0c, 0x00, 0x01, 0x09, 0x06, 0x00, 0x02, 0x07, 0x3e, 0x09, 0x00,
    0x06, 0x03, 0x00, 0x00, 0x07, 0x3f, 0x08, 0x00, 0x00, 0x04, 0x00, 0xa1, 0x07, 0x2e, 0x08, 0x0f,
    0x09, 0x0c, 0x00, 0x01, 0x09, 0x06, 0x00, 0x02, 0x07, 0x3e, 0x09, 0x00, 0x06, 0x03, 0x00, 0x00,
    0x07, 0x3f, 0x08, 0x00, 0x01, 0x06, 0x00, 0x88, 0x02, 0x96, 0x03, 0x01, 0x07, 0x2c, 0x08, 0x0f,
    0x09, 0x0f, 0x01, 0x01, 0x07, 0x3c, 0x00, 0x04, 0x02, 0x00, 0x03, 0x00, 0x07, 0x3e, 0x09, 0x00,
    0x06, 0x03, 0x06, 0x12, 0x07, 0x2e, 0x09, 0x0c, 0x00, 0x01, 0x09, 0x06, 0x00, 0x02, 0x07, 0x3e,
    0x09, 0x00, 0x05, 0x03, 0x00, 0x00, 0x07, 0x3f, 0x08, 0x00, 0x01, 0x07, 0x00, 0x79, 0x02, 0x1e,
    0x03, 0x02, 0x06, 0x1c, 0x07, 0x2c, 0x08, 0x0f, 0x09, 0x0f, 0x01, 0x01, 0x07, 0x3c, 0x00, 0x04,
    0x02, 0x00, 0x03, 0x00, 0x07, 0x3e, 0x09, 0x00, 0x06, 0x02, 0x07, 0x2e, 0x09, 0x0c, 0x00, 0x01,
    0x09, 0x06, 0x00, 0x02, 0x07, 0x3e, 0x09, 0x00, 0x06, 0x03, 0x00, 0x00, 0x07, 0x3f, 0x08, 0x00,
    0x00, 0x06, 0x00, 0x79, 0x02, 0x84, 0x03, 0x02, 0x07, 0x2c, 0x08, 0x0f, 0x09, 0x0f, 0x01, 0x01,
    0x07, 0x3c, 0x01, 0x04, 0x02, 0x00, 0x03, 0x00, 0x07, 0x3e, 0x09, 0x00, 0x04, 0x03, 0x00, 0x00,
    0x07, 0x3f, 0x08, 0x00, 0x01, 0x06, 0x00, 0x72, 0x02, 0x1e, 0x03, 0x02, 0x07, 0x2c, 0x08, 0x0f,
    0x09, 0x0f, 0x01, 0x01, 0x07, 0x3c, 0x00, 0x04, 0x02, 0x00, 0x03, 0x00, 0x07, 0x3e, 0x09, 0x00,
    0x04, 0x03, 0x00, 0x00, 0x07, 0x3f, 0x08, 0x00, 0x01, 0x04, 0x00, 0x79, 0x07, 0x2e, 0x08, 0x0f,
    0x09, 0x0c, 0x00, 0x01, 0x09, 0x06, 0x00, 0x02, 0x07, 0x3e, 0x09, 0x00, 0x05, 0x03, 0x00, 0x00,
    0x07, 0x3f, 0x08, 0x00, 0x01, 0x04, 0x00, 0x88, 0x07, 0x2e, 0x08, 0x0f, 0x09, 0x0c, 0x00, 0x01,
    0x09, 0x06, 0x00, 0x02, 0x07, 0x3e, 0x09, 0x00, 0x05, 0x03, 0x00, 0x00, 0x07, 0x3f, 0x08, 0x00,
    0x01, 0x06, 0x00, 0xa1, 0x02, 0x96, 0x03, 0x01, 0x07, 0x2c, 0x08, 0x0f, 0x09, 0x0f, 0x01, 0x01,
    0x07, 0x3c, 0x00, 0x04, 0x02, 0x00, 0x03, 0x00, 0x07, 0x3e, 0x09, 0x00, 0x06, 0x03, 0x06, 0x12,
    0x07, 0x2e, 0x09, 0x0c, 0x00, 0x01, 0x09, 0x06, 0x00, 0x02, 0x07, 0x3e, 0x09, 0x00, 0x06, 0x03,
    0x00, 0x00, 0x07, 0x3f, 0x08, 0x00, 0x00, 0x08, 0x00, 0x1e, 0x01, 0x02, 0x02, 0x96, 0x03, 0x01,
    0x06, 0x1c, 0x07, 0x2c, 0x08, 0x0f, 0x09, 0x0c, 0x01, 0x01, 0x07, 0x3c, 0x01, 0x07, 0x00, 0x00,
    0x01, 0x00, 0x02, 0x00, 0x03, 0x00, 0x07, 0x3f, 0x08, 0x00, 0x09, 0x00, 0x06, 0x02, 0x07, 0x2f,
    0x09, 0x0c, 0x00, 0x01, 0x09, 0x06, 0x00, 0x02, 0x07, 0x3f, 0x09, 0x00, 0x07, 0x07, 0x00, 0x84,
    0x01, 0x02, 0x02, 0x1e, 0x03, 0x02, 0x07, 0x2c, 0x08, 0x0f, 0x09, 0x0c, 0x01, 0x01, 0x07, 0x3c,
    0x00, 0x07, 0x00, 0x00, 0x01, 0x00, 0x02, 0x00, 0x03, 0x00, 0x07, 0x3f, 0x08, 0x00, 0x09, 0x00,
    0x06, 0x06, 0x00, 0xb5, 0x02, 0xe3, 0x03, 0x01, 0x07, 0x2c, 0x08, 0x0f, 0x09, 0x0f, 0x01, 0x01,
    0x07, 0x3c, 0x00, 0x04, 0x02, 0x00, 0x03, 0x00, 0x07, 0x3e, 0x09, 0x00, 0x05, 0x03, 0x00, 0x00,
    0x07, 0x3f, 0x08, 0x00, 0x00, 0x04, 0x00, 0xb5, 0x07, 0x2e, 0x08, 0x0f, 0x09, 0x0c, 0x00, 0x01,
    0x09, 0x06, 0x00, 0x02, 0x07, 0x3e, 0x09, 0x00, 0x06, 0x03, 0x00, 0x00, 0x07, 0x3f, 0x08, 0x00,
    0x00, 0x04, 0x00, 0xb5, 0x07, 0x2e, 0x08, 0x0f, 0x09, 0x0c, 0x00, 0x01, 0x09, 0x06, 0x00, 0x02,
    0x07, 0x3e, 0x09, 0x00, 0x06, 0x03, 0x00, 0x00, 0x07, 0x3f, 0x08, 0x00, 0x01, 0x06, 0x00, 0xa1,
    0x02, 0x69, 0x03, 0x01, 0x07, 0x2c, 0x08, 0x0f, 0x09, 0x0f, 0x01, 0x01, 0x07, 0x3c, 0x00, 0x04,
    0x02, 0x00, 0x03, 0x00, 0x07, 0x3e, 0x09, 0x00, 0x04, 0x03, 0x00, 0x00, 0x07, 0x3f, 0x08, 0x00,
    0x01, 0x05, 0x00, 0xb5, 0x06, 0x12, 0x07, 0x2e, 0x08, 0x0f, 0x09, 0x0c, 0x00, 0x01, 0x09, 0x06,
    0x00, 0x02, 0x07, 0x3e, 0x09, 0x00, 0x05, 0x03, 0x00, 0x00, 0x07, 0x3f, 0x08, 0x00, 0x01, 0x08,
    0x00, 0xe3, 0x01, 0x01, 0x02, 0x69, 0x03, 0x01, 0x06, 0x1c, 0x07, 0x2c, 0x08, 0x0f, 0x09, 0x0c,
    0x01, 0x01, 0x07, 0x3c, 0x00, 0x07, 0x00, 0x00, 0x01, 0x00, 0x02, 0x00, 0x03, 0x00, 0x07, 0x3f,
    0x08, 0x00, 0x09, 0x00, 0x06, 0x02, 0x07, 0x2f, 0x09, 0x0c, 0x00, 0x01, 0x09, 0x06, 0x00, 0x02,
    0x07, 0x3f, 0x09, 0x00, 0x07, 0x07, 0x00, 0x3e, 0x01, 0x02, 0x02, 0xe3, 0x03, 0x01, 0x07, 0x2c,
    0x08, 0x0f, 0x09, 0x0c, 0x01, 0x01, 0x07, 0x3c, 0x01, 0x07, 0x00, 0x00, 0x01, 0x00, 0x02, 0x00,
    0x03, 0x00, 0x07, 0x3f, 0x08, 0x00, 0x09, 0x00, 0x06, 0x06, 0x00, 0xb5, 0x02, 0x3e, 0x03, 0x02,
    0x07, 0x2c, 0x08, 0x0f, 0x09, 0x0f, 0x01, 0x01, 0x07, 0x3c, 0x00, 0x04, 0x02, 0x00, 0x03, 0x00,
    0x07, 0x3e, 0x09, 0x00, 0x04, 0x03, 0x00, 0x00, 0x07, 0x3f, 0x08, 0x00, 0x01, 0x06, 0x00, 0xb5,
    0x02, 0xe3, 0x03, 0x01, 0x07, 0x2c, 0x08, 0x0f, 0x09, 0x0f, 0x01, 0x01, 0x07, 0x3c, 0x00, 0x04,
    0x02, 0x00, 0x03, 0x00, 0x07, 0x3e, 0x09, 0x00, 0x04, 0x03, 0x00, 0x00, 0x07, 0x3f, 0x08, 0x00,
    0x01, 0x06, 0x00, 0xa1, 0x02, 0xd3, 0x03, 0x02, 0x07, 0x2c, 0x08, 0x0f, 0x09, 0x0f, 0x01, 0x01,
    0x07, 0x3c, 0x00, 0x04, 0x02, 0x00, 0x03, 0x00, 0x07, 0x3e, 0x09, 0x00, 0x04, 0x03, 0x00, 0x00,
    0x07, 0x3f, 0x08, 0x00, 0x01, 0x06, 0x00, 0x98, 0x02, 0x3e, 0x03, 0x02, 0x07, 0x2c, 0x08, 0x0f,
    0x09, 0x0f, 0x01, 0x01, 0x07, 0x3c, 0x01, 0x04, 0x02, 0x00, 0x03, 0x00, 0x07, 0x3e, 0x09, 0x00,
    0x04, 0x03, 0x00, 0x00, 0x07, 0x3f, 0x08, 0x00, 0x00, 0x05, 0x00, 0x8f, 0x06, 0x12, 0x07, 0x2e,
    0x08, 0x0f, 0x09, 0x0c, 0x00, 0x01, 0x09, 0x06, 0x00, 0x02, 0x07, 0x3e, 0x09, 0x00, 0x06, 0x03,
    0x00, 0x00, 0x07, 0x3f, 0x08, 0x00, 0x0b, 0x03, 0x06, 0x0d, 0x07, 0x2f, 0x09, 0x0c, 0x00, 0x01,
    0x09, 0x06, 0x00, 0x02, 0x07, 0x3f, 0x09, 0x00, 0x07, 0x06, 0x00, 0x42, 0x01, 0x01, 0x06, 0x12,
    0x07, 0x2e, 0x08, 0x0f, 0x09, 0x0c, 0x00, 0x01, 0x09, 0x06, 0x00, 0x02, 0x07, 0x3e, 0x09, 0x00,
    0x05, 0x04, 0x00, 0x00, 0x01, 0x00, 0x07, 0x3f, 0x08, 0x00, 0x01, 0x08, 0x00, 0x69, 0x01, 0x01,
    0x02, 0xae, 0x03, 0x01, 0x06, 0x1c, 0x07, 0x2c, 0x08, 0x0f, 0x09, 0x0f, 0x01, 0x01, 0x07, 0x3c,
    0x01, 0x04, 0x02, 0x00, 0x03, 0x00, 0x07, 0x3e, 0x09, 0x00, 0x04, 0x04, 0x00, 0x00, 0x01, 0x00,
    0x07, 0x3f, 0x08, 0x00, 0x00, 0x05, 0x00, 0x42, 0x01, 0x01, 0x07, 0x2e, 0x08, 0x0f, 0x09, 0x0c,
    0x00, 0x01, 0x09, 0x06, 0x00, 0x02, 0x07, 0x3e, 0x09, 0x00, 0x06, 0x04, 0x00, 0x00, 0x01, 0x00,
    0x07, 0x3f, 0x08, 0x00, 0x01, 0x05, 0x00, 0x0f, 0x01, 0x01, 0x07, 0x2e, 0x08, 0x0f, 0x09, 0x0c,
    0x00, 0x01, 0x09, 0x06, 0x00, 0x02, 0x07, 0x3e, 0x09, 0x00, 0x05, 0x04, 0x00, 0x00, 0x01, 0x00,
    0x07, 0x3f, 0x08, 0x00, 0x01, 0x06, 0x00, 0xf1, 0x02, 0x69, 0x03, 0x01, 0x07, 0x2c, 0x08, 0x0f,
    0x09, 0x0f, 0x01, 0x01, 0x07, 0x3c, 0x00, 0x04, 0x02, 0x00, 0x03, 0x00, 0x07, 0x3e, 0x09, 0x00,
    0x06, 0x03, 0x06, 0x12, 0x07, 0x2e, 0x09, 0x0c, 0x00, 0x01, 0x09, 0x06, 0x00, 0x02, 0x07, 0x3e,
    0x09, 0x00, 0x05, 0x03, 0x00, 0x00, 0x07, 0x3f, 0x08, 0x00, 0x01, 0x07, 0x00, 0xe4, 0x02, 0xae,
    0x03, 0x01, 0x06, 0x1c, 0x07, 0x2c, 0x08, 0x0f, 0x09, 0x0f, 0x01, 0x01, 0x07, 0x3c, 0x01, 0x04,
    0x02, 0x00, 0x03, 0x00, 0x07, 0x3e, 0x09, 0x00, 0x05, 0x02, 0x07, 0x2e, 0x09, 0x0c, 0x00, 0x01,
    0x09, 0x06, 0x00, 0x02, 0x07, 0x3e, 0x09, 0x00, 0x06, 0x03, 0x00, 0x00, 0x07, 0x3f, 0x08, 0x00,
    0x01, 0x06, 0x00, 0xd7, 0x02, 0x1e, 0x03, 0x02, 0x07, 0x2c, 0x08, 0x0f, 0x09, 0x0f, 0x01, 0x01,
    0x07, 0x3c, 0x00, 0x04, 0x02, 0x00, 0x03, 0x00, 0x07, 0x3e, 0x09, 0x00, 0x04, 0x03, 0x00, 0x00,
    0x07, 0x3f, 0x08, 0x00, 0x01, 0x06, 0x00, 0xb5, 0x02, 0xae, 0x03, 0x01, 0x07, 0x2c, 0x08, 0x0f,
    0x09, 0x0f, 0x01, 0x01, 0x07, 0x3c, 0x00, 0x04, 0x02, 0x00, 0x03, 0x00, 0x07, 0x3e, 0x09, 0x00,
    0x04, 0x03, 0x00, 0x00, 0x07, 0x3f, 0x08, 0x00, 0x01, 0x04, 0x00, 0xd7, 0x07, 0x2e, 0x08, 0x0f,
    0x09, 0x0c, 0x00, 0x01, 0x09, 0x06, 0x00, 0x02, 0x07, 0x3e, 0x09, 0x00, 0x05, 0x03, 0x00, 0x00,
    0x07, 0x3f, 0x08, 0x00, 0x01, 0x04, 0x00, 0xf1, 0x07, 0x2e, 0x08, 0x0f, 0x09, 0x0c, 0x00, 0x01,
    0x09, 0x06, 0x00, 0x02, 0x07, 0x3e, 0x09, 0x00, 0x06, 0x03, 0x00, 0x00, 0x07, 0x3f, 0x08, 0x00,
    0x00, 0x07, 0x00, 0x0f, 0x01, 0x01, 0x02, 0x69, 0x03, 0x01, 0x07, 0x2c, 0x08, 0x0f, 0x09, 0x0f,
    0x01, 0x01, 0x07, 0x3c, 0x01, 0x04, 0x02, 0x00, 0x03, 0x00, 0x07, 0x3e, 0x09, 0x00, 0x06, 0x03,
    0x06, 0x12, 0x07, 0x2e, 0x09, 0x0c, 0x00, 0x01, 0x09, 0x06, 0x00, 0x02, 0x07, 0x3e, 0x09, 0x00,
    0x05, 0x04, 0x00, 0x00, 0x01, 0x00, 0x07, 0x3f, 0x08, 0x00, 0x01, 0x08, 0x00, 0xae, 0x01, 0x01,
    0x02, 0x1e, 0x03, 0x02, 0x06, 0x1c, 0x07, 0x2c, 0x08, 0x0f, 0x09, 0x0c, 0x01, 0x01, 0x07, 0x3c,
    0x00, 0x07, 0x00, 0x00, 0x01, 0x00, 0x02, 0x00, 0x03, 0x00, 0x07, 0x3f, 0x08, 0x00, 0x09, 0x00,
    0x06, 0x02, 0x07, 0x2f, 0x09, 0x0c, 0x00, 0x01, 0x09, 0x06, 0x00, 0x02, 0x07, 0x3f, 0x09, 0x00,
    0x07, 0x07, 0x00, 0x1e, 0x01, 0x02, 0x02, 0xd3, 0x03, 0x02, 0x07, 0x2c, 0x08, 0x0f, 0x09, 0x0c,
    0x01, 0x01, 0x07, 0x3c, 0x00, 0x07, 0x00, 0x00, 0x01, 0x00, 0x02, 0x00, 0x03, 0x00, 0x07, 0x3f,
    0x08, 0x00, 0x09, 0x00, 0x06, 0x07, 0x00, 0x69, 0x01, 0x01, 0x02, 0xae, 0x03, 0x01, 0x07, 0x2c,
    0x08, 0x0f, 0x09, 0x0f, 0x01, 0x01, 0x07, 0x3c, 0x01, 0x04, 0x02, 0x00, 0x03, 0x00, 0x07, 0x3e,
    0x09, 0x00, 0x04, 0x04, 0x00, 0x00, 0x01, 0x00, 0x07, 0x3f, 0x08, 0x00, 0x00, 0x04, 0x00, 0x42,
    0x01, 0x01, 0x07, 0x3e, 0x08, 0x0f, 0x00, 0x02, 0x07, 0x2e, 0x09, 0x0c, 0x00, 0x01, 0x09, 0x06,
    0x00, 0x02, 0x07, 0x3e, 0x09, 0x00, 0x05, 0x04, 0x00, 0x00, 0x01, 0x00, 0x07, 0x3f, 0x08, 0x00,
    0x01, 0x05, 0x00, 0x0f, 0x01, 0x01, 0x07, 0x2e, 0x08, 0x0f, 0x09, 0x0c, 0x00, 0x01, 0x09, 0x06,
    0x00, 0x02, 0x07, 0x3e, 0x09, 0x00, 0x05, 0x04, 0x00, 0x00, 0x01, 0x00, 0x07, 0x3f, 0x08, 0x00,
    0x01, 0x06, 0x00, 0xf1, 0x02, 0x69, 0x03, 0x01, 0x07, 0x2c, 0x08, 0x0f, 0x09, 0x0f, 0x01, 0x01,
    0x07, 0x3c, 0x00, 0x04, 0x02, 0x00, 0x03, 0x00, 0x07, 0x3e, 0x09, 0x00, 0x06, 0x03, 0x06, 0x12,
    0x07, 0x2e, 0x09, 0x0c, 0x00, 0x01, 0x09, 0x06, 0x00, 0x02, 0x07, 0x3e, 0x09, 0x00, 0x06, 0x03,
    0x00, 0x00, 0x07, 0x3f, 0x08, 0x00, 0x00, 0x07, 0x00, 0xe4, 0x02, 0xae, 0x03, 0x01, 0x06, 0x1c,
    0x07, 0x2c, 0x08, 0x0f, 0x09, 0x0f, 0x01, 0x01, 0x07, 0x3c, 0x01, 0x04, 0x02, 0x00, 0x03, 0x00,
    0x07, 0x3e, 0x09, 0x00, 0x05, 0x02, 0x07, 0x2e, 0x09, 0x0c, 0x00, 0x01, 0x09, 0x06, 0x00, 0x02,
    0x07, 0x3e, 0x09, 0x00, 0x06, 0x03, 0x00, 0x00, 0x07, 0x3f, 0x08, 0x00, 0x01, 0x06, 0x00, 0xd7,
    0x02, 0x1e, 0x03, 0x02, 0x07, 0x2c, 0x08, 0x0f, 0x09, 0x0f, 0x01, 0x01, 0x07, 0x3c, 0x00, 0x04,
    0x02, 0x00, 0x03, 0x00, 0x07, 0x3e, 0x09, 0x00, 0x04, 0x03, 0x00, 0x00, 0x07, 0x3f, 0x08, 0x00,
    0x01, 0x07, 0x00, 0x1f, 0x01, 0x01, 0x02, 0x1f, 0x03, 0x01, 0x07, 0x2c, 0x08, 0x0f, 0x09, 0x0f,
    0x01, 0x01, 0x07, 0x3c, 0x07, 0x01, 0x07, 0x2c, 0x01, 0x01, 0x07, 0x3c, 0x06, 0x07, 0x00, 0x00,
    0x01, 0x00, 0x02, 0x00, 0x03, 0x00, 0x07, 0x3f, 0x08, 0x00, 0x09, 0x00, 0x00, 0x06, 0x00, 0x30,
    0x01, 0x01, 0x06, 0x03, 0x07, 0x2e, 0x08, 0x0f, 0x09, 0x0c, 0x00, 0x01, 0x09, 0x06, 0x00, 0x02,
    0x07, 0x3e, 0x09, 0x00, 0x06, 0x04, 0x00, 0x00, 0x01, 0x00, 0x07, 0x3f, 0x08, 0x00, 0x00, 0x08,
    0x00, 0x42, 0x01, 0x01, 0x02, 0x42, 0x03, 0x01, 0x06, 0x1c, 0x07, 0x2c, 0x08, 0x0f, 0x09, 0x0f,
    0x01, 0x01, 0x07, 0x3c, 0x08, 0x02, 0x06, 0x12, 0x07, 0x2c, 0x01, 0x01, 0x07, 0x3c, 0x05, 0x07,
    0x00, 0x00, 0x01, 0x00, 0x02, 0x00, 0x03, 0x00, 0x07, 0x3f, 0x08, 0x00, 0x09, 0x00, 0x01, 0x03,
    0x06, 0x1c, 0x07, 0x2f, 0x09, 0x0c, 0x00, 0x01, 0x09, 0x06, 0x00, 0x02, 0x07, 0x3f, 0x09, 0x00,
    0x07, 0x03, 0x06, 0x0d, 0x07, 0x2f, 0x09, 0x0c, 0x00, 0x01, 0x09, 0x06, 0x00, 0x02, 0x07, 0x3f,
    0x09, 0x00, 0x07, 0x03, 0x06, 0x12, 0x07, 0x2f, 0x09, 0x0c, 0x00, 0x01, 0x09, 0x06, 0x00, 0x02,
    0x07, 0x3f, 0x09, 0x00, 0x07, 0x08, 0x00, 0x42, 0x01, 0x01, 0x02, 0x1e, 0x03, 0x02, 0x06, 0x1c,
    0x07, 0x2c, 0x08, 0x0f, 0x09, 0x0f, 0x01, 0x01, 0x07, 0x3c, 0x01, 0x04, 0x02, 0x00, 0x03, 0x00,
    0x07, 0x3e, 0x09, 0x00, 0x04, 0x04, 0x00, 0x00, 0x01, 0x00, 0x07, 0x3f, 0x08, 0x00, 0x01, 0x05,
    0x00, 0x0f, 0x01, 0x01, 0x07, 0x2e, 0x08, 0x0f, 0x09, 0x0c, 0x00, 0x01, 0x09, 0x06, 0x00, 0x02,
    0x07, 0x3e, 0x09, 0x00, 0x05, 0x04, 0x00, 0x00, 0x01, 0x00, 0x07, 0x3f, 0x08, 0x00, 0x01, 0x05,
    0x00, 0x42, 0x01, 0x01, 0x07, 0x2e, 0x08, 0x0f, 0x09, 0x0c, 0x00, 0x01, 0x09, 0x06, 0x00, 0x02,
    0x07, 0x3e, 0x09, 0x00, 0x05, 0x04, 0x00, 0x00, 0x01, 0x00, 0x07, 0x3f, 0x08, 0x00, 0x01, 0x07,
    0x00, 0x0f, 0x01, 0x01, 0x02, 0x96, 0x03, 0x01, 0x07, 0x2c, 0x08, 0x0f, 0x09, 0x0f, 0x01, 0x01,
    0x07, 0x3c, 0x00, 0x04, 0x02, 0x00, 0x03, 0x00, 0x07, 0x3e, 0x09, 0x00, 0x04, 0x04, 0x00, 0x00,
    0x01, 0x00, 0x07, 0x3f, 0x08, 0x00, 0x01, 0x03, 0x06, 0x12, 0x07, 0x2f, 0x09, 0x0c, 0x00, 0x01,
    0x09, 0x06, 0x00, 0x02, 0x07, 0x3f, 0x09, 0x00, 0x07, 0x07, 0x00, 0xf1, 0x02, 0x1e, 0x03, 0x02,
    0x06, 0x1c, 0x07, 0x2c, 0x08, 0x0f, 0x09, 0x0f, 0x01, 0x01, 0x07, 0x3c, 0x01, 0x04, 0x02, 0x00,
    0x03, 0x00, 0x07, 0x3e, 0x09, 0x00, 0x04, 0x03, 0x00, 0x00, 0x07, 0x3f, 0x08, 0x00, 0x01, 0x02,
    0x07, 0x2f, 0x09, 0x0c, 0x00, 0x01, 0x09, 0x06, 0x00, 0x02, 0x07, 0x3f, 0x09, 0x00, 0x07, 0x06,
    0x00, 0xf1, 0x02, 0x84, 0x03, 0x02, 0x07, 0x2c, 0x08, 0x0f, 0x09, 0x0f, 0x01, 0x01, 0x07, 0x3c,
    0x00, 0x04, 0x02, 0x00, 0x03, 0x00, 0x07, 0x3e, 0x09, 0x00, 0x04, 0x03, 0x00, 0x00, 0x07, 0x3f,
    0x08, 0x00, 0x01, 0x06, 0x00, 0xd7, 0x02, 0x3e, 0x03, 0x02, 0x07, 0x2c, 0x08, 0x0f, 0x09, 0x0f,
    0x01, 0x01, 0x07, 0x3c, 0x00, 0x04, 0x02, 0x00, 0x03, 0x00, 0x07, 0x3e, 0x09, 0x00, 0x04, 0x03,
    0x00, 0x00, 0x07, 0x3f, 0x08, 0x00, 0x01, 0x04, 0x00, 0xb5, 0x07, 0x2e, 0x08, 0x0f, 0x09, 0x0c,
    0x00, 0x01, 0x09, 0x06, 0x00, 0x02, 0x07, 0x3e, 0x09, 0x00, 0x06, 0x03, 0x00, 0x00, 0x07, 0x3f,
    0x08, 0x00, 0x00, 0x04, 0x00, 0x8f, 0x07, 0x2e, 0x08, 0x0f, 0x09, 0x0c, 0x00, 0x01, 0x09, 0x06,
    0x00, 0x02, 0x07, 0x3e, 0x09, 0x00, 0x06, 0x03, 0x00, 0x00, 0x07, 0x3f, 0x08, 0x00, 0x01, 0x06,
    0x00, 0xa1, 0x02, 0x1e, 0x03, 0x02, 0x07, 0x2c, 0x08, 0x0f, 0x09, 0x0f, 0x01, 0x01, 0x07, 0x3c,
    0x00, 0x04, 0x02, 0x00, 0x03, 0x00, 0x07, 0x3e, 0x09, 0x00, 0x06, 0x03, 0x06, 0x12, 0x07, 0x2e,
    0x09, 0x0c, 0x00, 0x01, 0x09, 0x06, 0x00, 0x02, 0x07, 0x3e, 0x09, 0x00, 0x05, 0x03, 0x00, 0x00,
    0x07, 0x3f, 0x08, 0x00, 0x01, 0x08, 0x00, 0x84, 0x01, 0x02, 0x02, 0x1e, 0x03, 0x02, 0x06, 0x1c,
    0x07, 0x2c, 0x08, 0x0f, 0x09, 0x0c, 0x01, 0x01, 0x07, 0x3c, 0x00, 0x07, 0x00, 0x00, 0x01, 0x00,
    0x02, 0x00, 0x03, 0x00, 0x07, 0x3f, 0x08, 0x00, 0x09, 0x00, 0x06, 0x02, 0x07, 0x2f, 0x09, 0x0c,
    0x00, 0x01, 0x09, 0x06, 0x00, 0x02, 0x07, 0x3f, 0x09, 0x00, 0x07, 0x07, 0x00, 0x84, 0x01, 0x02,
    0x02, 0x1e, 0x03, 0x02, 0x07, 0x2c, 0x08, 0x0f, 0x09, 0x0c, 0x01, 0x01, 0x07, 0x3c, 0x01, 0x07,
    0x00, 0x00, 0x01, 0x00, 0x02, 0x00, 0x03, 0x00, 0x07, 0x3f, 0x08, 0x00, 0x09, 0x00, 0x06, 0x06,
    0x00, 0x88, 0x02, 0x1e, 0x03, 0x02, 0x07, 0x2c, 0x08, 0x0f, 0x09, 0x0f, 0x01, 0x01, 0x07, 0x3c,
    0x00, 0x04, 0x02, 0x00, 0x03, 0x00, 0x07, 0x3e, 0x09, 0x00, 0x04, 0x03, 0x00, 0x00, 0x07, 0x3f,
    0x08, 0x00, 0x01, 0x04, 0x00, 0xa1, 0x07, 0x2e, 0x08, 0x0f, 0x09, 0x0c, 0x00, 0x01, 0x09, 0x06,
    0x00, 0x02, 0x07, 0x3e, 0x09, 0x00, 0x07, 0x02, 0x07, 0x2e, 0x09, 0x0c, 0x00, 0x01, 0x09, 0x06,
    0x00, 0x02, 0x07, 0x3e, 0x09, 0x00, 0x05, 0x03, 0x00, 0x00, 0x07, 0x3f, 0x08, 0x00, 0x01, 0x07,
    0x00, 0x96, 0x01, 0x01, 0x02, 0x42, 0x03, 0x01, 0x07, 0x2c, 0x08, 0x0f, 0x09, 0x0c, 0x01, 0x01,
    0x07, 0x3c, 0x01, 0x07, 0x00, 0x00, 0x01, 0x00, 0x02, 0x00, 0x03, 0x00, 0x07, 0x3f, 0x08, 0x00,
    0x09, 0x00, 0x05, 0x05, 0x00, 0xb5, 0x06, 0x12, 0x07, 0x2e, 0x08, 0x0f, 0x09, 0x0c, 0x00, 0x01,
    0x09, 0x06, 0x00, 0x02, 0x07, 0x3e, 0x09, 0x00, 0x06, 0x03, 0x00, 0x00, 0x07, 0x3f, 0x08, 0x00,
    0x01, 0x07, 0x00, 0xa1, 0x02, 0x1e, 0x03, 0x02, 0x06, 0x1c, 0x07, 0x2c, 0x08, 0x0f, 0x09, 0x0f,
    0x01, 0x01, 0x07, 0x3c, 0x00, 0x04, 0x02, 0x00, 0x03, 0x00, 0x07, 0x3e, 0x09, 0x00, 0x04, 0x03,
    0x00, 0x00, 0x07, 0x3f, 0x08, 0x00, 0x01, 0x04, 0x00, 0xd7, 0x07, 0x2e, 0x08, 0x0f, 0x09, 0x0c,
    0x00, 0x01, 0x09, 0x06, 0x00, 0x02, 0x07, 0x3e, 0x09, 0x00, 0x05, 0x03, 0x00, 0x00, 0x07, 0x3f,
    0x08, 0x00, 0x01, 0x06, 0x00, 0xf1, 0x02, 0x84, 0x03, 0x02, 0x07, 0x2c, 0x08, 0x0f, 0x09, 0x0f,
    0x01, 0x01, 0x07, 0x3c, 0x00, 0x04, 0x02, 0x00, 0x03, 0x00, 0x07, 0x3e, 0x09, 0x00, 0x04, 0x03,
    0x00, 0x00, 0x07, 0x3f, 0x08, 0x00, 0x01, 0x07, 0x00, 0x0f, 0x01, 0x01, 0x02, 0xae, 0x03, 0x01,
    0x07, 0x2c, 0x08, 0x0f, 0x09, 0x0f, 0x01, 0x01, 0x07, 0x3c, 0x00, 0x04, 0x02, 0x00, 0x03, 0x00,
    0x07, 0x3e, 0x09, 0x00, 0x06, 0x02, 0x07, 0x2e, 0x09, 0x0c, 0x00, 0x01, 0x09, 0x06, 0x00, 0x02,
    0x07, 0x3e, 0x09, 0x00, 0x06, 0x04, 0x00, 0x00, 0x01, 0x00, 0x07, 0x3f, 0x08, 0x00, 0x01, 0x02,
    0x07, 0x2f, 0x09, 0x0c, 0x00, 0x01, 0x09, 0x06, 0x00, 0x02, 0x07, 0x3f, 0x09, 0x00, 0x07, 0x07,
    0x00, 0xd3, 0x01, 0x02, 0x02, 0xae, 0x03, 0x01, 0x07, 0x2c, 0x08, 0x0f, 0x09, 0x0c, 0x01, 0x01,
    0x07, 0x3c, 0x00, 0x07, 0x00, 0x00, 0x01, 0x00, 0x02, 0x00, 0x03, 0x00, 0x07, 0x3f, 0x08, 0x00,
    0x09, 0x00, 0x06, 0x03, 0x06, 0x12, 0x07, 0x2f, 0x09, 0x0c, 0x00, 0x01, 0x09, 0x06, 0x00, 0x02,
    0x07, 0x3f, 0x09, 0x00, 0x02, 0x07, 0x00, 0xae, 0x01, 0x01, 0x02, 0x1e, 0x03, 0x02, 0x07, 0x3c,
    0x08, 0x0f, 0x09, 0x0c, 0x02, 0x07, 0x00, 0x00, 0x01, 0x00, 0x02, 0x00, 0x03, 0x00, 0x07, 0x3f,
    0x08, 0x00, 0x09, 0x00, 0x01, 0x03, 0x06, 0x1c, 0x07, 0x2f, 0x09, 0x0c, 0x00, 0x01, 0x09, 0x06,
    0x00, 0x02, 0x07, 0x3f, 0x09, 0x00, 0x02, 0x07, 0x00, 0xae, 0x01, 0x01, 0x02, 0x1e, 0x03, 0x02,
    0x07, 0x3c, 0x08, 0x0f, 0x09, 0x0c, 0x03, 0x07, 0x00, 0x00, 0x01, 0x00, 0x02, 0x00, 0x03, 0x00,
    0x07, 0x3f, 0x08, 0x00, 0x09, 0x00, 0x00, 0x07, 0x00, 0x69, 0x01, 0x01, 0x02, 0xae, 0x03, 0x01,
    0x07, 0x2c, 0x08, 0x0f, 0x09, 0x0c, 0x01, 0x01, 0x07, 0x3c, 0x06, 0x07, 0x00, 0x00, 0x01, 0x00,
    0x02, 0x00, 0x03, 0x00, 0x07, 0x3f, 0x08, 0x00, 0x09, 0x00, 0x00, 0x07, 0x00, 0xae, 0x01, 0x01,
    0x02, 0x1e, 0x03, 0x02, 0x07, 0x2c, 0x08, 0x0f, 0x09, 0x0c, 0x01, 0x01, 0x07, 0x3c, 0x01, 0x07,
    0x00, 0x00, 0x01, 0x00, 0x02, 0x00, 0x03, 0x00, 0x07, 0x3f, 0x08, 0x00, 0x09, 0x00, 0x06, 0x07,
    0x00, 0x0f, 0x01, 0x01, 0x02, 0xae, 0x03, 0x01, 0x07, 0x2c, 0x08, 0x0f, 0x09, 0x0f, 0x01, 0x01,
    0x07, 0x3c, 0x00, 0x04, 0x02, 0x00, 0x03, 0x00, 0x07, 0x3e, 0x09, 0x00, 0x04, 0x04, 0x00, 0x00,
    0x01, 0x00, 0x07, 0x3f, 0x08, 0x00, 0x01, 0x07, 0x00, 0x1f, 0x01, 0x01, 0x02, 0xae, 0x03, 0x01,
    0x07, 0x2c, 0x08, 0x0f, 0x09, 0x0f, 0x01, 0x01, 0x07, 0x3c, 0x00, 0x04, 0x02, 0x00, 0x03, 0x00,
    0x07, 0x3e, 0x09, 0x00, 0x04, 0x04, 0x00, 0x00, 0x01, 0x00, 0x07, 0x3f, 0x08, 0x00, 0x01, 0x07,
    0x00, 0x30, 0x01, 0x01, 0x02, 0xae, 0x03, 0x01, 0x07, 0x2c, 0x08, 0x0f, 0x09, 0x0f, 0x01, 0x01,
    0x07, 0x3c, 0x00, 0x07, 0x00, 0x00, 0x01, 0x00, 0x02, 0x00, 0x03, 0x00, 0x07, 0x3f, 0x08, 0x00,
    0x09, 0x00, 0x01, 0x04, 0x00, 0x0f, 0x01, 0x01, 0x07, 0x3e, 0x08, 0x0f, 0x03, 0x04, 0x00, 0x00,
    0x01, 0x00, 0x07, 0x3f, 0x08, 0x00, 0x00, 0x05, 0x00, 0x30, 0x01, 0x01, 0x07, 0x2e, 0x08, 0x0f,
    0x09, 0x0c, 0x00, 0x01, 0x09, 0x06, 0x00, 0x02, 0x07, 0x3e, 0x09, 0x00, 0x01, 0x04, 0x00, 0x00,
    0x01, 0x00, 0x07, 0x3f, 0x08, 0x00, 0x00, 0x07, 0x00, 0xae, 0x01, 0x01, 0x02, 0x1e, 0x03, 0x02,
    0x07, 0x3c, 0x08, 0x0f, 0x09, 0x0c, 0x03, 0x07, 0x00, 0x00, 0x01, 0x00, 0x02, 0x00, 0x03, 0x00,
    0x07, 0x3f, 0x08, 0x00, 0x09, 0x00, 0x00, 0x06, 0x00, 0x1f, 0x01, 0x01, 0x06, 0x12, 0x07, 0x2e,
    0x08, 0x0f, 0x09, 0x0c, 0x00, 0x01, 0x09, 0x06, 0x00, 0x02, 0x07, 0x3e, 0x09, 0x00, 0x03, 0x04,
    0x02, 0xae, 0x03, 0x01, 0x07, 0x3c, 0x09, 0x0f, 0x02, 0x07, 0x00, 0x00, 0x01, 0x00, 0x02, 0x00,
    0x03, 0x00, 0x07, 0x3f, 0x08, 0x00, 0x09, 0x00, 0x01, 0x06, 0x00, 0x30, 0x01, 0x01, 0x06, 0x1c,
    0x07, 0x2e, 0x08, 0x0f, 0x09, 0x0c, 0x00, 0x01, 0x09, 0x06, 0x00, 0x02, 0x07, 0x3e, 0x09, 0x00,
    0x02, 0x04, 0x02, 0xae, 0x03, 0x01, 0x07, 0x3c, 0x09, 0x0f, 0x02, 0x07, 0x00, 0x00, 0x01, 0x00,
    0x02, 0x00, 0x03, 0x00, 0x07, 0x3f, 0x08, 0x00, 0x09, 0x00, 0x01, 0x07, 0x00, 0x42, 0x01, 0x01,
    0x02, 0x69, 0x03, 0x01, 0x07, 0x2c, 0x08, 0x0f, 0x09, 0x0f, 0x01, 0x01, 0x07, 0x3c, 0x00, 0x02,
    0x00, 0xae, 0x08, 0x0c, 0x04, 0x07, 0x00, 0x00, 0x01, 0x00, 0x02, 0x00, 0x03, 0x00, 0x07, 0x3f,
    0x08, 0x00, 0x09, 0x00, 0x01, 0x07, 0x00, 0x42, 0x01, 0x01, 0x02, 0xae, 0x03, 0x01, 0x07, 0x2c,
    0x08, 0x0f, 0x09, 0x0f, 0x01, 0x01, 0x07, 0x3c, 0x00, 0x07, 0x00, 0x00, 0x01, 0x00, 0x02, 0x00,
    0x03, 0x00, 0x07, 0x3f, 0x08, 0x00, 0x09, 0x00, 0x06, 0x07, 0x00, 0x69, 0x01, 0x01, 0x02, 0xe3,
    0x03, 0x01, 0x07, 0x2c, 0x08, 0x0f, 0x09, 0x0f, 0x01, 0x01, 0x07, 0x3c, 0x01, 0x04, 0x02, 0x00,
    0x03, 0x00, 0x07, 0x3e, 0x09, 0x00, 0x04, 0x04, 0x00, 0x00, 0x01, 0x00, 0x07, 0x3f, 0x08, 0x00,
    0x00, 0x07, 0x00, 0x69, 0x01, 0x01, 0x02, 0xe3, 0x03, 0x01, 0x07, 0x2c, 0x08, 0x0f, 0x09, 0x0f,
    0x01, 0x01, 0x07, 0x3c, 0x01, 0x07, 0x00, 0x00, 0x01, 0x00, 0x02, 0x00, 0x03, 0x00, 0x07, 0x3f,
    0x08, 0x00, 0x09, 0x00, 0x01, 0x04, 0x00, 0x69, 0x01, 0x01, 0x07, 0x3e, 0x08, 0x0f, 0x02, 0x04,
    0x00, 0x00, 0x01, 0x00, 0x07, 0x3f, 0x08, 0x00, 0x01, 0x07, 0x00, 0x42, 0x01, 0x01, 0x02, 0xe3,
    0x03, 0x01, 0x07, 0x2c, 0x08, 0x0f, 0x09, 0x0f, 0x01, 0x01, 0x07, 0x3c, 0x00, 0x04, 0x02, 0x00,
    0x03, 0x00, 0x07, 0x3e, 0x09, 0x00, 0x04, 0x04, 0x00, 0x00, 0x01, 0x00, 0x07, 0x3f, 0x08, 0x00,
    0x01, 0x05, 0x00, 0x69, 0x01, 0x01, 0x07, 0x2e, 0x08, 0x0f, 0x09, 0x0c, 0x00, 0x01, 0x09, 0x06,
    0x00, 0x02, 0x07, 0x3e, 0x09, 0x00, 0x02, 0x04, 0x02, 0xe3, 0x03, 0x01, 0x07, 0x3c, 0x09, 0x0f,
    0x02, 0x07, 0x00, 0x00, 0x01, 0x00, 0x02, 0x00, 0x03, 0x00, 0x07, 0x3f, 0x08, 0x00, 0x09, 0x00,
    0x01, 0x03, 0x06, 0x12, 0x07, 0x2f, 0x09, 0x0c, 0x00, 0x01, 0x09, 0x06, 0x00, 0x02, 0x07, 0x3f,
    0x09, 0x00, 0x02, 0x07, 0x00, 0x69, 0x01, 0x01, 0x02, 0xe3, 0x03, 0x01, 0x07, 0x3c, 0x08, 0x0f,
    0x09, 0x0f, 0x02, 0x07, 0x00, 0x00, 0x01, 0x00, 0x02, 0x00, 0x03, 0x00, 0x07, 0x3f, 0x08, 0x00,
    0x09, 0x00, 0x01, 0x06, 0x00, 0x69, 0x01, 0x01, 0x06, 0x1c, 0x07, 0x2e, 0x08, 0x0f, 0x09, 0x0c,
    0x00, 0x01, 0x09, 0x06, 0x00, 0x02, 0x07, 0x3e, 0x09, 0x00, 0x02, 0x04, 0x02, 0xe3, 0x03, 0x01,
    0x07, 0x3c, 0x09, 0x0f, 0x03, 0x07, 0x00, 0x00, 0x01, 0x00, 0x02, 0x00, 0x03, 0x00, 0x07, 0x3f,
    0x08, 0x00, 0x09, 0x00, 0x00, 0x07, 0x00, 0x42, 0x01, 0x01, 0x02, 0x69, 0x03, 0x01, 0x07, 0x2c,
    0x08, 0x0f, 0x09, 0x0f, 0x01, 0x01, 0x07, 0x3c, 0x06, 0x07, 0x00, 0x00, 0x01, 0x00, 0x02, 0x00,
    0x03, 0x00, 0x07, 0x3f, 0x08, 0x00, 0x09, 0x00, 0x01, 0x07, 0x00, 0x69, 0x01, 0x01, 0x02, 0xe3,
    0x03, 0x01, 0x07, 0x2c, 0x08, 0x0f, 0x09, 0x0f, 0x01, 0x01, 0x07, 0x3c, 0x00, 0x04, 0x02, 0x00,
    0x03, 0x00, 0x07, 0x3e, 0x09, 0x00, 0x04, 0x04, 0x00, 0x00, 0x01, 0x00, 0x07, 0x3f, 0x08, 0x00,
    0x01, 0x07, 0x00, 0x0f, 0x01, 0x01, 0x02, 0xd3, 0x03, 0x02, 0x07, 0x2c, 0x08, 0x0f, 0x09, 0x0f,
    0x01, 0x01, 0x07, 0x3c, 0x00, 0x04, 0x02, 0x00, 0x03, 0x00, 0x07, 0x3e, 0x09, 0x00, 0x04, 0x04,
    0x00, 0x00, 0x01, 0x00, 0x07, 0x3f, 0x08, 0x00, 0x01, 0x07, 0x00, 0x1f, 0x01, 0x01, 0x02, 0xd3,
    0x03, 0x02, 0x07, 0x2c, 0x08, 0x0f, 0x09, 0x0f, 0x01, 0x01, 0x07, 0x3c, 0x00, 0x04, 0x02, 0x00,
    0x03, 0x00, 0x07, 0x3e, 0x09, 0x00, 0x04, 0x04, 0x00, 0x00, 0x01, 0x00, 0x07, 0x3f, 0x08, 0x00,
    0x01, 0x07, 0x00, 0x30, 0x01, 0x01, 0x02, 0xd3, 0x03, 0x02, 0x07, 0x2c, 0x08, 0x0f, 0x09, 0x0f,
    0x01, 0x01, 0x07, 0x3c, 0x01, 0x07, 0x00, 0x00, 0x01, 0x00, 0x02, 0x00, 0x03, 0x00, 0x07, 0x3f,
    0x08, 0x00, 0x09, 0x00, 0x00, 0x04, 0x00, 0x0f, 0x01, 0x01, 0x07, 0x3e, 0x08, 0x0f, 0x03, 0x04,
    0x00, 0x00, 0x01, 0x00, 0x07, 0x3f, 0x08, 0x00, 0x00, 0x05, 0x00, 0x30, 0x01, 0x01, 0x07, 0x2e,
    0x08, 0x0f, 0x09, 0x0c, 0x00, 0x01, 0x09, 0x06, 0x00, 0x02, 0x07, 0x3e, 0x09, 0x00, 0x01, 0x04,
    0x00, 0x00, 0x01, 0x00, 0x07, 0x3f, 0x08, 0x00, 0x00, 0x07, 0x00, 0xd3, 0x01, 0x02, 0x02, 0x1e,
    0x03, 0x02, 0x07, 0x3c, 0x08, 0x0f, 0x09, 0x0c, 0x03, 0x07, 0x00, 0x00, 0x01, 0x00, 0x02, 0x00,
    0x03, 0x00, 0x07, 0x3f, 0x08, 0x00, 0x09, 0x00, 0x01, 0x06, 0x00, 0x1f, 0x01, 0x01, 0x06, 0x12,
    0x07, 0x2e, 0x08, 0x0f, 0x09, 0x0c, 0x00, 0x01, 0x09, 0x06, 0x00, 0x02, 0x07, 0x3e, 0x09, 0x00,
    0x02, 0x04, 0x02, 0xd3, 0x03, 0x02, 0x07, 0x3c, 0x09, 0x0f, 0x02, 0x07, 0x00, 0x00, 0x01, 0x00,
    0x02, 0x00, 0x03, 0x00, 0x07, 0x3f, 0x08, 0x00, 0x09, 0x00, 0x01, 0x06, 0x00, 0x30, 0x01, 0x01,
    0x06, 0x1c, 0x07, 0x2e, 0x08, 0x0f, 0x09, 0x0c, 0x00, 0x01, 0x09, 0x06, 0x00, 0x02, 0x07, 0x3e,
    0x09, 0x00, 0x02, 0x04, 0x02, 0xd3, 0x03, 0x02, 0x07, 0x3c, 0x09, 0x0f, 0x02, 0x07, 0x00, 0x00,
    0x01, 0x00, 0x02, 0x00, 0x03, 0x00, 0x07, 0x3f, 0x08, 0x00, 0x09, 0x00, 0x01, 0x07, 0x00, 0x42,
    0x01, 0x01, 0x02, 0x1e, 0x03, 0x02, 0x07, 0x2c, 0x08, 0x0f, 0x09, 0x0f, 0x01, 0x01, 0x07, 0x3c,
    0x00, 0x02, 0x00, 0xae, 0x08, 0x0c, 0x04, 0x07, 0x00, 0x00, 0x01, 0x00, 0x02, 0x00, 0x03, 0x00,
    0x07, 0x3f, 0x08, 0x00, 0x09, 0x00, 0x01, 0x07, 0x00, 0x42, 0x01, 0x01, 0x02, 0xd3, 0x03, 0x02,
    0x07, 0x2c, 0x08, 0x0f, 0x09, 0x0f, 0x01, 0x01, 0x07, 0x3c, 0x01, 0x07, 0x00, 0x00, 0x01, 0x00,
    0x02, 0x00, 0x03, 0x00, 0x07, 0x3f, 0x08, 0x00, 0x09, 0x00, 0x05, 0x07, 0x00, 0xe3, 0x01, 0x01,
    0x02, 0x69, 0x03, 0x01, 0x07, 0x2c, 0x08, 0x0f, 0x09, 0x0c, 0x01, 0x01, 0x07, 0x3c, 0x01, 0x07,
    0x00, 0x00, 0x01, 0x00, 0x02, 0x00, 0x03, 0x00, 0x07, 0x3f, 0x08, 0x00, 0x09, 0x00, 0x00, 0x04,
    0x00, 0x69, 0x01, 0x01, 0x07, 0x3e, 0x08, 0x0f, 0x03, 0x04, 0x00, 0x00, 0x01, 0x00, 0x07, 0x3f,
    0x08, 0x00, 0x01, 0x07, 0x00, 0x69, 0x01, 0x01, 0x02, 0xe3, 0x03, 0x01, 0x07, 0x2c, 0x08, 0x0f,
    0x09, 0x0f, 0x01, 0x01, 0x07, 0x3c, 0x00, 0x07, 0x00, 0x00, 0x01, 0x00, 0x02, 0x00, 0x03, 0x00,
    0x07, 0x3f, 0x08, 0x00, 0x09, 0x00, 0x01, 0x04, 0x00, 0x69, 0x01, 0x01, 0x07, 0x3e, 0x08, 0x0f,
    0x02, 0x04, 0x00, 0x00, 0x01, 0x00, 0x07, 0x3f, 0x08, 0x00, 0x01, 0x07, 0x00, 0x42, 0x01, 0x01,
    0x02, 0xe3, 0x03, 0x01, 0x07, 0x2c, 0x08, 0x0f, 0x09, 0x0f, 0x01, 0x01, 0x07, 0x3c, 0x00, 0x04,
    0x02, 0x00, 0x03, 0x00, 0x07, 0x3e, 0x09, 0x00, 0x04, 0x04, 0x00, 0x00, 0x01, 0x00, 0x07, 0x3f,
    0x08, 0x00, 0x01, 0x05, 0x00, 0x69, 0x01, 0x01, 0x07, 0x2e, 0x08, 0x0f, 0x09, 0x0c, 0x00, 0x01,
    0x09, 0x06, 0x00, 0x02, 0x07, 0x3e, 0x09, 0x00, 0x02, 0x04, 0x02, 0xe3, 0x03, 0x01, 0x07, 0x3c,
    0x09, 0x0f, 0x02, 0x07, 0x00, 0x00, 0x01, 0x00, 0x02, 0x00, 0x03, 0x00, 0x07, 0x3f, 0x08, 0x00,
    0x09, 0x00, 0x01, 0x03, 0x06, 0x12, 0x07, 0x2f, 0x09, 0x0c, 0x00, 0x01, 0x09, 0x06, 0x00, 0x02,
    0x07, 0x3f, 0x09, 0x00, 0x02, 0x07, 0x00, 0xe3, 0x01, 0x01, 0x02, 0x69, 0x03, 0x01, 0x07, 0x3c,
    0x08, 0x0f, 0x09, 0x0c, 0x03, 0x07, 0x00, 0x00, 0x01, 0x00, 0x02, 0x00, 0x03, 0x00, 0x07, 0x3f,
    0x08, 0x00, 0x09, 0x00, 0x00, 0x06, 0x00, 0x0f, 0x01, 0x01, 0x06, 0x1c, 0x07, 0x2e, 0x08, 0x0f,
    0x09, 0x0c, 0x00, 0x01, 0x09, 0x06, 0x00, 0x02, 0x07, 0x3e, 0x09, 0x00, 0x02, 0x04, 0x02, 0xe3,
    0x03, 0x01, 0x07, 0x3c, 0x09, 0x0f, 0x03, 0x07, 0x00, 0x00, 0x01, 0x00, 0x02, 0x00, 0x03, 0x00,
    0x07, 0x3f, 0x08, 0x00, 0x09, 0x00, 0x01, 0x07, 0x00, 0x1f, 0x01, 0x01, 0x02, 0x69, 0x03, 0x01,
    0x07, 0x2c, 0x08, 0x0f, 0x09, 0x0f, 0x01, 0x01, 0x07, 0x3c, 0x05, 0x07, 0x00, 0x00, 0x01, 0x00,
    0x02, 0x00, 0x03, 0x00, 0x07, 0x3f, 0x08, 0x00, 0x09, 0x00, 0x01, 0x07, 0x00, 0x30, 0x01, 0x01,
    0x02, 0xe3, 0x03, 0x01, 0x07, 0x2c, 0x08, 0x0f, 0x09, 0x0f, 0x01, 0x01, 0x07, 0x3c, 0x00, 0x04,
    0x02, 0x00, 0x03, 0x00, 0x07, 0x3e, 0x09, 0x00, 0x04, 0x04, 0x00, 0x00, 0x01, 0x00, 0x07, 0x3f,
    0x08, 0x00, 0x01, 0x07, 0x00, 0x55, 0x01, 0x01, 0x02, 0x1e, 0x03, 0x02, 0x07, 0x2c, 0x08, 0x0f,
    0x09, 0x0f, 0x01, 0x01, 0x07, 0x3c, 0x00, 0x04, 0x02, 0x00, 0x03, 0x00, 0x07, 0x3e, 0x09, 0x00,
    0x04, 0x04, 0x00, 0x00, 0x01, 0x00, 0x07, 0x3f, 0x08, 0x00, 0x01, 0x07, 0x00, 0x42, 0x01, 0x01,
    0x02, 0x1e, 0x03, 0x02, 0x07, 0x2c, 0x08, 0x0f, 0x09, 0x0f, 0x01, 0x01, 0x07, 0x3c, 0x00, 0x04,
    0x02, 0x00, 0x03, 0x00, 0x07, 0x3e, 0x09, 0x00, 0x05, 0x04, 0x00, 0x00, 0x01, 0x00, 0x07, 0x3f,
    0x08, 0x00, 0x00, 0x07, 0x00, 0x0f, 0x01, 0x01, 0x02, 0x1e, 0x03, 0x02, 0x07, 0x2c, 0x08, 0x0f,
    0x09, 0x0f, 0x01, 0x01, 0x07, 0x3c, 0x01, 0x04, 0x02, 0x00, 0x03, 0x00, 0x07, 0x3e, 0x09, 0x00,
    0x04, 0x04, 0x00, 0x00, 0x01, 0x00, 0x07, 0x3f, 0x08, 0x00, 0x01, 0x05, 0x00, 0x55, 0x01, 0x01,
    0x07, 0x2e, 0x08, 0x0f, 0x09, 0x0c, 0x00, 0x01, 0x09, 0x06, 0x00, 0x02, 0x07, 0x3e, 0x09, 0x00,
    0x00, 0x04, 0x00, 0x00, 0x01, 0x00, 0x07, 0x3f, 0x08, 0x00, 0x01, 0x07, 0x00, 0x42, 0x01, 0x01,
    0x02, 0x1e, 0x03, 0x02, 0x07, 0x3c, 0x08, 0x0f, 0x09, 0x0f, 0x02, 0x07, 0x00, 0x00, 0x01, 0x00,
    0x02, 0x00, 0x03, 0x00, 0x07, 0x3f, 0x08, 0x00, 0x09, 0x00, 0x01, 0x05, 0x00, 0xf1, 0x06, 0x12,
    0x07, 0x2e, 0x08, 0x0f, 0x09, 0x0c, 0x00, 0x01, 0x09, 0x06, 0x00, 0x02, 0x07, 0x3e, 0x09, 0x00,
    0x02, 0x04, 0x02, 0x1e, 0x03, 0x02, 0x07, 0x3c, 0x09, 0x0f, 0x02, 0x06, 0x00, 0x00, 0x02, 0x00,
    0x03, 0x00, 0x07, 0x3f, 0x08, 0x00, 0x09, 0x00, 0x01, 0x06, 0x00, 0x55, 0x01, 0x01, 0x06, 0x1c,
    0x07, 0x2e, 0x08, 0x0f, 0x09, 0x0c, 0x00, 0x01, 0x09, 0x06, 0x00, 0x02, 0x07, 0x3e, 0x09, 0x00,
    0x02, 0x04, 0x02, 0x1e, 0x03, 0x02, 0x07, 0x3c, 0x09, 0x0f, 0x02, 0x07, 0x00, 0x00, 0x01, 0x00,
    0x02, 0x00, 0x03, 0x00, 0x07, 0x3f, 0x08, 0x00, 0x09, 0x00, 0x01, 0x07, 0x00, 0x42, 0x01, 0x01,
    0x02, 0x96, 0x03, 0x01, 0x07, 0x2c, 0x08, 0x0f, 0x09, 0x0f, 0x01, 0x01, 0x07, 0x3c, 0x06, 0x07,
    0x00, 0x00, 0x01, 0x00, 0x02, 0x00, 0x03, 0x00, 0x07, 0x3f, 0x08, 0x00, 0x09, 0x00, 0x00, 0x07,
    0x00, 0x0f, 0x01, 0x01, 0x02, 0x1e, 0x03, 0x02, 0x07, 0x2c, 0x08, 0x0f, 0x09, 0x0f, 0x01, 0x01,
    0x07, 0x3c, 0x01, 0x04, 0x02, 0x00, 0x03, 0x00, 0x07, 0x3e, 0x09, 0x00, 0x04, 0x04, 0x00, 0x00,
    0x01, 0x00, 0x07, 0x3f, 0x08, 0x00, 0x01, 0x05, 0x00, 0x55, 0x01, 0x01, 0x07, 0x2e, 0x08, 0x0f,
    0x09, 0x0c, 0x00, 0x01, 0x09, 0x06, 0x00, 0x02, 0x07, 0x3e, 0x09, 0x00, 0x05, 0x04, 0x00, 0x00,
    0x01, 0x00, 0x07, 0x3f, 0x08, 0x00, 0x01, 0x07, 0x00, 0x42, 0x01, 0x01, 0x02, 0x1e, 0x03, 0x02,
    0x07, 0x2c, 0x08, 0x0f, 0x09, 0x0f, 0x01, 0x01, 0x07, 0x3c, 0x00, 0x04, 0x02, 0x00, 0x03, 0x00,
    0x07, 0x3e, 0x09, 0x00, 0x04, 0x04, 0x00, 0x00, 0x01, 0x00, 0x07, 0x3f, 0x08, 0x00, 0x01, 0x07,
    0x00, 0x0f, 0x01, 0x01, 0x02, 0x1e, 0x03, 0x02, 0x07, 0x2c, 0x08, 0x0f, 0x09, 0x0f, 0x01, 0x01,
    0x07, 0x3c, 0x00, 0x04, 0x02, 0x00, 0x03, 0x00, 0x07, 0x3e, 0x09, 0x00, 0x04, 0x04, 0x00, 0x00,
    0x01, 0x00, 0x07, 0x3f, 0x08, 0x00, 0x01, 0x05, 0x00, 0x55, 0x01, 0x01, 0x07, 0x2e, 0x08, 0x0f,
    0x09, 0x0c, 0x00, 0x01, 0x09, 0x06, 0x00, 0x02, 0x07, 0x3e, 0x09, 0x00, 0x00, 0x04, 0x00, 0x00,
    0x01, 0x00, 0x07, 0x3f, 0x08, 0x00, 0x01, 0x07, 0x00, 0x42, 0x01, 0x01, 0x02, 0x1e, 0x03, 0x02,
    0x07, 0x3c, 0x08, 0x0f, 0x09, 0x0f, 0x03, 0x07, 0x00, 0x00, 0x01, 0x00, 0x02, 0x00, 0x03, 0x00,
    0x07, 0x3f, 0x08, 0x00, 0x09, 0x00, 0x00, 0x05, 0x00, 0xf1, 0x06, 0x12, 0x07, 0x2e, 0x08, 0x0f,
    0x09, 0x0c, 0x00, 0x01, 0x09, 0x06, 0x00, 0x02, 0x07, 0x3e, 0x09, 0x00, 0x02, 0x04, 0x02, 0x1e,
    0x03, 0x02, 0x07, 0x3c, 0x09, 0x0f, 0x03, 0x06, 0x00, 0x00, 0x02, 0x00, 0x03, 0x00, 0x07, 0x3f,
    0x08, 0x00, 0x09, 0x00, 0x00, 0x06, 0x00, 0x1f, 0x01, 0x01, 0x06, 0x1c, 0x07, 0x2e, 0x08, 0x0f,
    0x09, 0x0c, 0x00, 0x01, 0x09, 0x06, 0x00, 0x02, 0x07, 0x3e, 0x09, 0x00, 0x03, 0x04, 0x02, 0x1e,
    0x03, 0x02, 0x07, 0x3c, 0x09, 0x0f, 0x02, 0x07, 0x00, 0x00, 0x01, 0x00, 0x02, 0x00, 0x03, 0x00,
    0x07, 0x3f, 0x08, 0x00, 0x09, 0x00, 0x01, 0x07, 0x00, 0x0f, 0x01, 0x01, 0x02, 0x96, 0x03, 0x01,
    0x07, 0x2c, 0x08, 0x0f, 0x09, 0x0f, 0x01, 0x01, 0x07, 0x3c, 0x05, 0x07, 0x00, 0x00, 0x01, 0x00,
    0x02, 0x00, 0x03, 0x00, 0x07, 0x3f, 0x08, 0x00, 0x09, 0x00, 0x01, 0x06, 0x00, 0xf1, 0x02, 0x1e,
    0x03, 0x02, 0x07, 0x2c, 0x08, 0x0f, 0x09, 0x0f, 0x01, 0x01, 0x07, 0x3c, 0x00, 0x04, 0x02, 0x00,
    0x03, 0x00, 0x07, 0x3e, 0x09, 0x00, 0x04, 0x03, 0x00, 0x00, 0x07, 0x3f, 0x08, 0x00, 0x01, 0x06,
    0x00, 0xe4, 0x02, 0xae, 0x03, 0x01, 0x07, 0x2c, 0x08, 0x0f, 0x09, 0x0f, 0x01, 0x01, 0x07, 0x3c,
    0x00, 0x04, 0x02, 0x00, 0x03, 0x00, 0x07, 0x3e, 0x09, 0x00, 0x05, 0x03, 0x00, 0x00, 0x07, 0x3f,
    0x08, 0x00, 0x00, 0x06, 0x00, 0xd7, 0x02, 0xae, 0x03, 0x01, 0x07, 0x2c, 0x08, 0x0f, 0x09, 0x0f,
    0x01, 0x01, 0x07, 0x3c, 0x01, 0x04, 0x02, 0x00, 0x03, 0x00, 0x07, 0x3e, 0x09, 0x00, 0x04, 0x03,
    0x00, 0x00, 0x07, 0x3f, 0x08, 0x00, 0x00, 0x06, 0x00, 0xb5, 0x02, 0xae, 0x03, 0x01, 0x07, 0x2c,
    0x08, 0x0f, 0x09, 0x0f, 0x01, 0x01, 0x07, 0x3c, 0x01, 0x04, 0x02, 0x00, 0x03, 0x00, 0x07, 0x3e,
    0x09, 0x00, 0x04, 0x03, 0x00, 0x00, 0x07, 0x3f, 0x08, 0x00, 0x01, 0x04, 0x00, 0xe4, 0x07, 0x2e,
    0x08, 0x0f, 0x09, 0x0c, 0x00, 0x01, 0x09, 0x06, 0x00, 0x02, 0x07, 0x3e, 0x09, 0x00, 0x00, 0x03,
    0x00, 0x00, 0x07, 0x3f, 0x08, 0x00, 0x01, 0x06, 0x00, 0xd7, 0x02, 0xae, 0x03, 0x01, 0x07, 0x3c,
    0x08, 0x0f, 0x09, 0x0f, 0x02, 0x06, 0x00, 0x00, 0x02, 0x00, 0x03, 0x00, 0x07, 0x3f, 0x08, 0x00,
    0x09, 0x00, 0x01, 0x05, 0x00, 0xa1, 0x06, 0x12, 0x07, 0x2e, 0x08, 0x0f, 0x09, 0x0c, 0x00, 0x01,
    0x09, 0x06, 0x00, 0x02, 0x07, 0x3e, 0x09, 0x00, 0x02, 0x04, 0x02, 0xae, 0x03, 0x01, 0x07, 0x3c,
    0x09, 0x0f, 0x02, 0x06, 0x00, 0x00, 0x02, 0x00, 0x03, 0x00, 0x07, 0x3f, 0x08, 0x00, 0x09, 0x00,
    0x01, 0x05, 0x00, 0xe4, 0x06, 0x1c, 0x07, 0x2e, 0x08, 0x0f, 0x09, 0x0c, 0x00, 0x01, 0x09, 0x06,
    0x00, 0x02, 0x07, 0x3e, 0x09, 0x00, 0x02, 0x04, 0x02, 0xae, 0x03, 0x01, 0x07, 0x3c, 0x09, 0x0f,
    0x02, 0x06, 0x00, 0x00, 0x02, 0x00, 0x03, 0x00, 0x07, 0x3f, 0x08, 0x00, 0x09, 0x00, 0x01, 0x06,
    0x00, 0xd7, 0x02, 0x69, 0x03, 0x01, 0x07, 0x2c, 0x08, 0x0f, 0x09, 0x0f, 0x01, 0x01, 0x07, 0x3c,
    0x06, 0x06, 0x00, 0x00, 0x02, 0x00, 0x03, 0x00, 0x07, 0x3f, 0x08, 0x00, 0x09, 0x00, 0x00, 0x06,
    0x00, 0xb5, 0x02, 0xae, 0x03, 0x01, 0x07, 0x2c, 0x08, 0x0f, 0x09, 0x0f, 0x01, 0x01, 0x07, 0x3c,
    0x01, 0x04, 0x02, 0x00, 0x03, 0x00, 0x07, 0x3e, 0x09, 0x00, 0x04, 0x03, 0x00, 0x00, 0x07, 0x3f,
    0x08, 0x00, 0x01, 0x04, 0x00, 0xe4, 0x07, 0x2e, 0x08, 0x0f, 0x09, 0x0c, 0x00, 0x01, 0x09, 0x06,
    0x00, 0x02, 0x07, 0x3e, 0x09, 0x00, 0x05, 0x03, 0x00, 0x00, 0x07, 0x3f, 0x08, 0x00, 0x01, 0x06,
    0x00, 0xd7, 0x02, 0xae, 0x03, 0x01, 0x07, 0x2c, 0x08, 0x0f, 0x09, 0x0f, 0x01, 0x01, 0x07, 0x3c,
    0x00, 0x04, 0x02, 0x00, 0x03, 0x00, 0x07, 0x3e, 0x09, 0x00, 0x04, 0x03, 0x00, 0x00, 0x07, 0x3f,
    0x08, 0x00, 0x01, 0x06, 0x00, 0xb5, 0x02, 0xae, 0x03, 0x01, 0x07, 0x2c, 0x08, 0x0f, 0x09, 0x0f,
    0x01, 0x01, 0x07, 0x3c, 0x00, 0x04, 0x02, 0x00, 0x03, 0x00, 0x07, 0x3e, 0x09, 0x00, 0x04, 0x03,
    0x00, 0x00, 0x07, 0x3f, 0x08, 0x00, 0x01, 0x04, 0x00, 0xe4, 0x07, 0x2e, 0x08, 0x0f, 0x09, 0x0c,
    0x00, 0x01, 0x09, 0x06, 0x00, 0x02, 0x07, 0x3e, 0x09, 0x00, 0x01, 0x03, 0x00, 0x00, 0x07, 0x3f,
    0x08, 0x00, 0x00, 0x06, 0x00, 0xd7, 0x02, 0xae, 0x03, 0x01, 0x07, 0x3c, 0x08, 0x0f, 0x09, 0x0f,
    0x03, 0x06, 0x00, 0x00, 0x02, 0x00, 0x03, 0x00, 0x07, 0x3f, 0x08, 0x00, 0x09, 0x00, 0x00, 0x05,
    0x00, 0xa1, 0x06, 0x12, 0x07, 0x2e, 0x08, 0x0f, 0x09, 0x0c, 0x00, 0x01, 0x09, 0x06, 0x00, 0x02,
    0x07, 0x3e, 0x09, 0x00, 0x02, 0x04, 0x02, 0xae, 0x03, 0x01, 0x07, 0x3c, 0x09, 0x0f, 0x03, 0x06,
    0x00, 0x00, 0x02, 0x00, 0x03, 0x00, 0x07, 0x3f, 0x08, 0x00, 0x09, 0x00, 0x01, 0x05, 0x00, 0xe4,
    0x06, 0x1c, 0x07, 0x2e, 0x08, 0x0f, 0x09, 0x0c, 0x00, 0x01, 0x09, 0x06, 0x00, 0x02, 0x07, 0x3e,
    0x09, 0x00, 0x02, 0x04, 0x02, 0xae, 0x03, 0x01, 0x07, 0x3c, 0x09, 0x0f, 0x02, 0x06, 0x00, 0x00,
    0x02, 0x00, 0x03, 0x00, 0x07, 0x3f, 0x08, 0x00, 0x09, 0x00, 0x01, 0x06, 0x00, 0xf1, 0x02, 0x69,
    0x03, 0x01, 0x07, 0x2c, 0x08, 0x0f, 0x09, 0x0f, 0x01, 0x01, 0x07, 0x3c, 0x05, 0x06, 0x00, 0x00,
    0x02, 0x00, 0x03, 0x00, 0x07, 0x3f, 0x08, 0x00, 0x09, 0x00, 0x01, 0x07, 0x00, 0x0f, 0x01, 0x01,
    0x02, 0xae, 0x03, 0x01, 0x07, 0x2c, 0x08, 0x0f, 0x09, 0x0f, 0x01, 0x01, 0x07, 0x3c, 0x00, 0x04,
    0x02, 0x00, 0x03, 0x00, 0x07, 0x3e, 0x09, 0x00, 0x04, 0x04, 0x00, 0x00, 0x01, 0x00, 0x07, 0x3f,
    0x08, 0x00, 0x01, 0x07, 0x00, 0x55, 0x01, 0x01, 0x02, 0x1e, 0x03, 0x02, 0x07, 0x2c, 0x08, 0x0f,
    0x09, 0x0f, 0x01, 0x01, 0x07, 0x3c, 0x01, 0x04, 0x02, 0x00, 0x03, 0x00, 0x07, 0x3e, 0x09, 0x00,
    0x04, 0x04, 0x00, 0x00, 0x01, 0x00, 0x07, 0x3f, 0x08, 0x00, 0x00, 0x07, 0x00, 0x42, 0x01, 0x01,
    0x02, 0x1e, 0x03, 0x02, 0x07, 0x2c, 0x08, 0x0f, 0x09, 0x0f, 0x01, 0x01, 0x07, 0x3c, 0x01, 0x04,
    0x02, 0x00, 0x03, 0x00, 0x07, 0x3e, 0x09, 0x00, 0x04, 0x04, 0x00, 0x00, 0x01, 0x00, 0x07, 0x3f,
    0x08, 0x00, 0x01, 0x07, 0x00, 0x0f, 0x01, 0x01, 0x02, 0x1e, 0x03, 0x02, 0x07, 0x2c, 0x08, 0x0f,
    0x09, 0x0f, 0x01, 0x01, 0x07, 0x3c, 0x00, 0x04, 0x02, 0x00, 0x03, 0x00, 0x07, 0x3e, 0x09, 0x00,
    0x04, 0x04, 0x00, 0x00, 0x01, 0x00, 0x07, 0x3f, 0x08, 0x00, 0x01, 0x05, 0x00, 0x55, 0x01, 0x01,
    0x07, 0x2e, 0x08, 0x0f, 0x09, 0x0c, 0x00, 0x01, 0x09, 0x06, 0x00, 0x02, 0x07, 0x3e, 0x09, 0x00,
    0x00, 0x04, 0x00, 0x00, 0x01, 0x00, 0x07, 0x3f, 0x08, 0x00, 0x01, 0x07, 0x00, 0x42, 0x01, 0x01,
    0x02, 0x1e, 0x03, 0x02, 0x07, 0x3c, 0x08, 0x0f, 0x09, 0x0f, 0x02, 0x07, 0x00, 0x00, 0x01, 0x00,
    0x02, 0x00, 0x03, 0x00, 0x07, 0x3f, 0x08, 0x00, 0x09, 0x00, 0x01, 0x05, 0x00, 0xf1, 0x06, 0x12,
    0x07, 0x2e, 0x08, 0x0f, 0x09, 0x0c, 0x00, 0x01, 0x09, 0x06, 0x00, 0x02, 0x07, 0x3e, 0x09, 0x00,
    0x02, 0x04, 0x02, 0x1e, 0x03, 0x02, 0x07, 0x3c, 0x09, 0x0f, 0x02, 0x06, 0x00, 0x00, 0x02, 0x00,
    0x03, 0x00, 0x07, 0x3f, 0x08, 0x00, 0x09, 0x00, 0x01, 0x06, 0x00, 0x55, 0x01, 0x01, 0x06, 0x1c,
    0x07, 0x2e, 0x08, 0x0f, 0x09, 0x0c, 0x00, 0x01, 0x09, 0x06, 0x00, 0x02, 0x07, 0x3e, 0x09, 0x00,
    0x02, 0x04, 0x02, 0x1e, 0x03, 0x02, 0x07, 0x3c, 0x09, 0x0f, 0x03, 0x07, 0x00, 0x00, 0x01, 0x00,
    0x02, 0x00, 0x03, 0x00, 0x07, 0x3f, 0x08, 0x00, 0x09, 0x00, 0x00, 0x07, 0x00, 0x42, 0x01, 0x01,
    0x02, 0x96, 0x03, 0x01, 0x07, 0x2c, 0x08, 0x0f, 0x09, 0x0f, 0x01, 0x01, 0x07, 0x3c, 0x06, 0x07,
    0x00, 0x00, 0x01, 0x00, 0x02, 0x00, 0x03, 0x00, 0x07, 0x3f, 0x08, 0x00, 0x09, 0x00, 0x01, 0x07,
    0x00, 0x0f, 0x01, 0x01, 0x02, 0x1e, 0x03, 0x02, 0x07, 0x2c, 0x08, 0x0f, 0x09, 0x0f, 0x01, 0x01,
    0x07, 0x3c, 0x00, 0x04, 0x02, 0x00, 0x03, 0x00, 0x07, 0x3e, 0x09, 0x00, 0x04, 0x04, 0x00, 0x00,
    0x01, 0x00, 0x07, 0x3f, 0x08, 0x00, 0x01, 0x05, 0x00, 0x55, 0x01, 0x01, 0x07, 0x2e, 0x08, 0x0f,
    0x09, 0x0c, 0x00, 0x01, 0x09, 0x06, 0x00, 0x02, 0x07, 0x3e, 0x09, 0x00, 0x05, 0x04, 0x00, 0x00,
    0x01, 0x00, 0x07, 0x3f, 0x08, 0x00, 0x01, 0x07, 0x00, 0x42, 0x01, 0x01, 0x02, 0x1e, 0x03, 0x02,
    0x07, 0x2c, 0x08, 0x0f, 0x09, 0x0f, 0x01, 0x01, 0x07, 0x3c, 0x00, 0x04, 0x02, 0x00, 0x03, 0x00,
    0x07, 0x3e, 0x09, 0x00, 0x04, 0x04, 0x00, 0x00, 0x01, 0x00, 0x07, 0x3f, 0x08, 0x00, 0x01, 0x07,
    0x00, 0x0f, 0x01, 0x01, 0x02, 0x1e, 0x03, 0x02, 0x07, 0x2c, 0x08, 0x0f, 0x09, 0x0f, 0x01, 0x01,
    0x07, 0x3c, 0x00, 0x04, 0x02, 0x00, 0x03, 0x00, 0x07, 0x3e, 0x09, 0x00, 0x05, 0x04, 0x00, 0x00,
    0x01, 0x00, 0x07, 0x3f, 0x08, 0x00, 0x00, 0x05, 0x00, 0x55, 0x01, 0x01, 0x07, 0x2e, 0x08, 0x0f,
    0x09, 0x0c, 0x00, 0x01, 0x09, 0x06, 0x00, 0x02, 0x07, 0x3e, 0x09, 0x00, 0x01, 0x04, 0x00, 0x00,
    0x01, 0x00, 0x07, 0x3f, 0x08, 0x00, 0x00, 0x07, 0x00, 0x42, 0x01, 0x01, 0x02, 0x1e, 0x03, 0x02,
    0x07, 0x3c, 0x08, 0x0f, 0x09, 0x0f, 0x03, 0x07, 0x00, 0x00, 0x01, 0x00, 0x02, 0x00, 0x03, 0x00,
    0x07, 0x3f, 0x08, 0x00, 0x09, 0x00, 0x01, 0x05, 0x00, 0xf1, 0x06, 0x12, 0x07, 0x2e, 0x08, 0x0f,
    0x09, 0x0c, 0x00, 0x01, 0x09, 0x06, 0x00, 0x02, 0x07, 0x3e, 0x09, 0x00, 0x02, 0x04, 0x02, 0x1e,
    0x03, 0x02, 0x07, 0x3c, 0x09, 0x0f, 0x02, 0x06, 0x00, 0x00, 0x02, 0x00, 0x03, 0x00, 0x07, 0x3f,
    0x08, 0x00, 0x09, 0x00, 0x01, 0x06, 0x00, 0x55, 0x01, 0x01, 0x06, 0x1c, 0x07, 0x2e, 0x08, 0x0f,
    0x09, 0x0c, 0x00, 0x01, 0x09, 0x06, 0x00, 0x02, 0x07, 0x3e, 0x09, 0x00, 0x02, 0x04, 0x02, 0x1e,
    0x03, 0x02, 0x07, 0x3c, 0x09, 0x0f, 0x02, 0x07, 0x00, 0x00, 0x01, 0x00, 0x02, 0x00, 0x03, 0x00,
    0x07, 0x3f, 0x08, 0x00, 0x09, 0x00, 0x01, 0x07, 0x00, 0x42, 0x01, 0x01, 0x02, 0x96, 0x03, 0x01,
    0x07, 0x2c, 0x08, 0x0f, 0x09, 0x0f, 0x01, 0x01, 0x07, 0x3c, 0x05, 0x07, 0x00, 0x00, 0x01, 0x00,
    0x02, 0x00, 0x03, 0x00, 0x07, 0x3f, 0x08, 0x00, 0x09, 0x00, 0x01, 0x07, 0x00, 0x0f, 0x01, 0x01,
    0x02, 0x1e, 0x03, 0x02, 0x07, 0x2c, 0x08, 0x0f, 0x09, 0x0f, 0x01, 0x01, 0x07, 0x3c, 0x00, 0x04,
    0x02, 0x00, 0x03, 0x00, 0x07, 0x3e, 0x09, 0x00, 0x05, 0x04, 0x00, 0x00, 0x01, 0x00, 0x07, 0x3f,
    0x08, 0x00, 0x00, 0x06, 0x00, 0xf1, 0x02, 0xe3, 0x03, 0x01, 0x07, 0x2c, 0x08, 0x0f, 0x09, 0x0f,
    0x01, 0x01, 0x07, 0x3c, 0x01, 0x04, 0x02, 0x00, 0x03, 0x00, 0x07, 0x3e, 0x09, 0x00, 0x04, 0x03,
    0x00, 0x00, 0x07, 0x3f, 0x08, 0x00, 0x00, 0x04, 0x00, 0xd7, 0x07, 0x2e, 0x08, 0x0f, 0x09, 0x0c,
    0x00, 0x01, 0x09, 0x06, 0x00, 0x02, 0x07, 0x3e, 0x09, 0x00, 0x06, 0x03, 0x00, 0x00, 0x07, 0x3f,
    0x08, 0x00, 0x01, 0x04, 0x00, 0xcb, 0x07, 0x2e, 0x08, 0x0f, 0x09, 0x0c, 0x00, 0x01, 0x09, 0x06,
    0x00, 0x02, 0x07, 0x3e, 0x09, 0x00, 0x05, 0x03, 0x00, 0x00, 0x07, 0x3f, 0x08, 0x00, 0x01, 0x06,
    0x00, 0xc0, 0x02, 0x7f, 0x03, 0x01, 0x07, 0x2c, 0x08, 0x0f, 0x09, 0x0f, 0x01, 0x01, 0x07, 0x3c,
    0x00, 0x04, 0x02, 0x00, 0x03, 0x00, 0x07, 0x3e, 0x09, 0x00, 0x04, 0x03, 0x00, 0x00, 0x07, 0x3f,
    0x08, 0x00, 0x01, 0x03, 0x06, 0x12, 0x07, 0x2f, 0x09, 0x0c, 0x00, 0x01, 0x09, 0x06, 0x00, 0x02,
    0x07, 0x3f, 0x09, 0x00, 0x07, 0x07, 0x00, 0xc0, 0x02, 0x7f, 0x03, 0x01, 0x06, 0x1c, 0x07, 0x2c,
    0x08, 0x0f, 0x09, 0x0f, 0x01, 0x01, 0x07, 0x3c, 0x01, 0x04, 0x02, 0x00, 0x03, 0x00, 0x07, 0x3e,
    0x09, 0x00, 0x04, 0x03, 0x00, 0x00, 0x07, 0x3f, 0x08, 0x00, 0x00, 0x03, 0x06, 0x0d, 0x07, 0x2f,
    0x09, 0x0c, 0x00, 0x01, 0x09, 0x06, 0x00, 0x02, 0x07, 0x3f, 0x09, 0x00, 0x08, 0x07, 0x00, 0xc0,
    0x02, 0x7f, 0x03, 0x01, 0x06, 0x1c, 0x07, 0x2c, 0x08, 0x0f, 0x09, 0x0f, 0x01, 0x01, 0x07, 0x3c,
    0x00, 0x04, 0x02, 0x00, 0x03, 0x00, 0x07, 0x3e, 0x09, 0x00, 0x04, 0x03, 0x00, 0x00, 0x07, 0x3f,
    0x08, 0x00, 0x01, 0x06, 0x00, 0xb5, 0x02, 0xe3, 0x03, 0x01, 0x07, 0x2c, 0x08, 0x0f, 0x09, 0x0f,
    0x01, 0x01, 0x07, 0x3c, 0x00, 0x06, 0x00, 0x00, 0x02, 0x00, 0x03, 0x00, 0x07, 0x3f, 0x08, 0x00,
    0x09, 0x00, 0x01, 0x06, 0x00, 0xb5, 0x02, 0xe3, 0x03, 0x01, 0x07, 0x3c, 0x08, 0x0f, 0x09, 0x0f,
    0x02, 0x06, 0x00, 0x00, 0x02, 0x00, 0x03, 0x00, 0x07, 0x3f, 0x08, 0x00, 0x09, 0x00, 0x01, 0x03,
    0x06, 0x12, 0x07, 0x2f, 0x09, 0x0c, 0x00, 0x01, 0x09, 0x06, 0x00, 0x02, 0x07, 0x3f, 0x09, 0x00,
    0x02, 0x07, 0x00, 0xb5, 0x02, 0xe3, 0x03, 0x01, 0x06, 0x1c, 0x07, 0x2c, 0x08, 0x0f, 0x09, 0x0f,
    0x01, 0x01, 0x07, 0x3c, 0x01, 0x06, 0x00, 0x00, 0x02, 0x00, 0x03, 0x00, 0x07, 0x3f, 0x08, 0x00,
    0x09, 0x00, 0x00, 0x07, 0x00, 0xb5, 0x02, 0xe3, 0x03, 0x01, 0x06, 0x03, 0x07, 0x2c, 0x08, 0x0f,
    0x09, 0x0f, 0x01, 0x01, 0x07, 0x3c, 0x01, 0x06, 0x00, 0x00, 0x02, 0x00, 0x03, 0x00, 0x07, 0x3f,
    0x08, 0x00, 0x09, 0x00, 0x05, 0x07, 0x00, 0xb5, 0x02, 0xe3, 0x03, 0x01, 0x06, 0x1c, 0x07, 0x2c,
    0x08, 0x0f, 0x09, 0x0f, 0x01, 0x01, 0x07, 0x3c, 0x01, 0x04, 0x02, 0x00, 0x03, 0x00, 0x07, 0x3e,
    0x09, 0x00, 0x04, 0x03, 0x00, 0x00, 0x07, 0x3f, 0x08, 0x00, 0x01, 0x06, 0x00, 0xb5, 0x02, 0xe3,
    0x03, 0x01, 0x07, 0x2c, 0x08, 0x0f, 0x09, 0x0f, 0x01, 0x01, 0x07, 0x3c, 0x00, 0x04, 0x02, 0x00,
    0x03, 0x00, 0x07, 0x3e, 0x09, 0x00, 0x04, 0x03, 0x00, 0x00, 0x07, 0x3f, 0x08, 0x00, 0x0b, 0x03,
    0x06, 0x0d, 0x07, 0x2f, 0x09, 0x0c, 0x00, 0x01, 0x09, 0x06, 0x00, 0x02, 0x07, 0x3f, 0x09, 0x00,
    0x07, 0x03, 0x06, 0x12, 0x07, 0x2f, 0x09, 0x0c, 0x00, 0x01, 0x09, 0x06, 0x00, 0x02, 0x07, 0x3f,
    0x09, 0x00, 0x07, 0x07, 0x00, 0x65, 0x02, 0x1e, 0x03, 0x02, 0x06, 0x1c, 0x07, 0x2c, 0x08, 0x0f,
    0x09, 0x0f, 0x01, 0x01, 0x07, 0x3c, 0x01, 0x04, 0x02, 0x00, 0x03, 0x00, 0x07, 0x3e, 0x09, 0x00,
    0x04, 0x03, 0x00, 0x00, 0x07, 0x3f, 0x08, 0x00, 0x01, 0x06, 0x00, 0x72, 0x02, 0x1e, 0x03, 0x02,
    0x07, 0x2c, 0x08, 0x0f, 0x09, 0x0f, 0x00, 0x03, 0x00, 0x96, 0x01, 0x01, 0x08, 0x0c, 0x00, 0x01,
    0x07, 0x3c, 0x00, 0x07, 0x00, 0x79, 0x01, 0x00, 0x02, 0x00, 0x03, 0x00, 0x07, 0x3e, 0x08, 0x0f,
    0x09, 0x00, 0x01, 0x03, 0x00, 0x00, 0x07, 0x3f, 0x08, 0x00, 0x00, 0x03, 0x00, 0x88, 0x07, 0x3e,
    0x08, 0x0f, 0x01, 0x03, 0x00, 0x00, 0x07, 0x3f, 0x08, 0x00, 0x01, 0x06, 0x00, 0xa1, 0x02, 0x1e,
    0x03, 0x02, 0x07, 0x2c, 0x08, 0x0f, 0x09, 0x0f, 0x01, 0x01, 0x07, 0x3c, 0x00, 0x06, 0x00, 0x00,
    0x02, 0x00, 0x03, 0x00, 0x07, 0x3f, 0x08, 0x00, 0x09, 0x00, 0x06, 0x04, 0x00, 0xab, 0x07, 0x2e,
    0x08, 0x0f, 0x09, 0x0c, 0x00, 0x01, 0x09, 0x06, 0x00, 0x02, 0x07, 0x3e, 0x09, 0x00, 0x02, 0x04,
    0x02, 0x1e, 0x03, 0x02, 0x07, 0x3c, 0x09, 0x0f, 0x02, 0x06, 0x00, 0x00, 0x02, 0x00, 0x03, 0x00,
    0x07, 0x3f, 0x08, 0x00, 0x09, 0x00, 0x01, 0x05, 0x00, 0xa1, 0x06, 0x12, 0x07, 0x2e, 0x08, 0x0f,
    0x09, 0x0c, 0x00, 0x01, 0x09, 0x06, 0x00, 0x02, 0x07, 0x3e, 0x09, 0x00, 0x02, 0x04, 0x02, 0x1e,
    0x03, 0x02, 0x07, 0x3c, 0x09, 0x0f, 0x03, 0x06, 0x00, 0x00, 0x02, 0x00, 0x03, 0x00, 0x07, 0x3f,
    0x08, 0x00, 0x09, 0x00, 0x00, 0x05, 0x00, 0x88, 0x06, 0x1c, 0x07, 0x2e, 0x08, 0x0f, 0x09, 0x0c,
    0x00, 0x01, 0x09, 0x06, 0x00, 0x02, 0x07, 0x3e, 0x09, 0x00, 0x02, 0x04, 0x02, 0x1e, 0x03, 0x02,
    0x07, 0x3c, 0x09, 0x0f, 0x03, 0x06, 0x00, 0x00, 0x02, 0x00, 0x03, 0x00, 0x07, 0x3f, 0x08, 0x00,
    0x09, 0x00, 0x01, 0x07, 0x00, 0x96, 0x01, 0x01, 0x02, 0x42, 0x03, 0x01, 0x07, 0x2c, 0x08, 0x0f,
    0x09, 0x0c, 0x01, 0x01, 0x07, 0x3c, 0x05, 0x07, 0x00, 0x00, 0x01, 0x00, 0x02, 0x00, 0x03, 0x00,
    0x07, 0x3f, 0x08, 0x00, 0x09, 0x00, 0x01, 0x06, 0x00, 0x88, 0x02, 0x1e, 0x03, 0x02, 0x07, 0x2c,
    0x08, 0x0f, 0x09, 0x0f, 0x01, 0x01, 0x07, 0x3c, 0x00, 0x04, 0x02, 0x00, 0x03, 0x00, 0x07, 0x3e,
    0x09, 0x00, 0x04, 0x03, 0x00, 0x00, 0x07, 0x3f, 0x08, 0x00, 0x01, 0x04, 0x00, 0x65, 0x07, 0x2e,
    0x08, 0x0f, 0x09, 0x0c, 0x00, 0x01, 0x09, 0x06, 0x00, 0x02, 0x07, 0x3e, 0x09, 0x00, 0x05, 0x03,
    0x00, 0x00, 0x07, 0x3f, 0x08, 0x00, 0x01, 0x06, 0x00, 0x72, 0x02, 0x1e, 0x03, 0x02, 0x07, 0x2c,
    0x08, 0x0f, 0x09, 0x0f, 0x01, 0x04, 0x00, 0x96, 0x01, 0x01, 0x07, 0x3c, 0x08, 0x0c, 0x01, 0x07,
    0x00, 0x79, 0x01, 0x00, 0x02, 0x00, 0x03, 0x00, 0x07, 0x3e, 0x08, 0x0f, 0x09, 0x00, 0x00, 0x03,
    0x00, 0x00, 0x07, 0x3f, 0x08, 0x00, 0x01, 0x03, 0x00, 0x88, 0x07, 0x3e, 0x08, 0x0f, 0x01, 0x03,
    0x00, 0x00, 0x07, 0x3f, 0x08, 0x00, 0x00, 0x06, 0x00, 0xa1, 0x02, 0x1e, 0x03, 0x02, 0x07, 0x2c,
    0x08, 0x0f, 0x09, 0x0f, 0x01, 0x01, 0x07, 0x3c, 0x01, 0x06, 0x00, 0x00, 0x02, 0x00, 0x03, 0x00,
    0x07, 0x3f, 0x08, 0x00, 0x09, 0x00, 0x06, 0x04, 0x00, 0xab, 0x07, 0x2e, 0x08, 0x0f, 0x09, 0x0c,
    0x00, 0x01, 0x09, 0x06, 0x00, 0x02, 0x07, 0x3e, 0x09, 0x00, 0x02, 0x04, 0x02, 0x1e, 0x03, 0x02,
    0x07, 0x3c, 0x09, 0x0f, 0x02, 0x06, 0x00, 0x00, 0x02, 0x00, 0x03, 0x00, 0x07, 0x3f, 0x08, 0x00,
    0x09, 0x00, 0x01, 0x05, 0x00, 0xa1, 0x06, 0x12, 0x07, 0x2e, 0x08, 0x0f, 0x09, 0x0c, 0x00, 0x01,
    0x09, 0x06, 0x00, 0x02, 0x07, 0x3e, 0x09, 0x00, 0x02, 0x04, 0x02, 0x1e, 0x03, 0x02, 0x07, 0x3c,
    0x09, 0x0f, 0x02, 0x06, 0x00, 0x00, 0x02, 0x00, 0x03, 0x00, 0x07, 0x3f, 0x08, 0x00, 0x09, 0x00,
    0x01, 0x05, 0x00, 0x88, 0x06, 0x1c, 0x07, 0x2e, 0x08, 0x0f, 0x09, 0x0c, 0x00, 0x01, 0x09, 0x06,
    0x00, 0x02, 0x07, 0x3e, 0x09, 0x00, 0x02, 0x04, 0x02, 0x1e, 0x03, 0x02, 0x07, 0x3c, 0x09, 0x0f,
    0x02, 0x06, 0x00, 0x00, 0x02, 0x00, 0x03, 0x00, 0x07, 0x3f, 0x08, 0x00, 0x09, 0x00, 0x01, 0x07,
    0x00, 0x96, 0x01, 0x01, 0x02, 0x42, 0x03, 0x01, 0x07, 0x2c, 0x08, 0x0f, 0x09, 0x0c, 0x01, 0x01,
    0x07, 0x3c, 0x06, 0x07, 0x00, 0x00, 0x01, 0x00, 0x02, 0x00, 0x03, 0x00, 0x07, 0x3f, 0x08, 0x00,
    0x09, 0x00, 0x00, 0x06, 0x00, 0x88, 0x02, 0x1e, 0x03, 0x02, 0x07, 0x2c, 0x08, 0x0f, 0x09, 0x0f,
    0x01, 0x01, 0x07, 0x3c, 0x01, 0x04, 0x02, 0x00, 0x03, 0x00, 0x07, 0x3e, 0x09, 0x00, 0x04, 0x03,
    0x00, 0x00, 0x07, 0x3f, 0x08, 0x00, 0x01, 0x06, 0x00, 0x88, 0x02, 0xae, 0x03, 0x01, 0x07, 0x2c,
    0x08, 0x0f, 0x09, 0x0f, 0x01, 0x01, 0x07, 0x3c, 0x00, 0x04, 0x02, 0x00, 0x03, 0x00, 0x07, 0x3e,
    0x09, 0x00, 0x04, 0x03, 0x00, 0x00, 0x07, 0x3f, 0x08, 0x00, 0x01, 0x06, 0x00, 0x88, 0x02, 0xae,
    0x03, 0x01, 0x07, 0x2c, 0x08, 0x0f, 0x09, 0x0f, 0x01, 0x01, 0x07, 0x3c, 0x00, 0x04, 0x02, 0x00,
    0x03, 0x00, 0x07, 0x3e, 0x09, 0x00, 0x04, 0x03, 0x00, 0x00, 0x07, 0x3f, 0x08, 0x00, 0x01, 0x06,
    0x00, 0x98, 0x02, 0xae, 0x03, 0x01, 0x07, 0x2c, 0x08, 0x0f, 0x09, 0x0f, 0x01, 0x01, 0x07, 0x3c,
    0x00, 0x04, 0x02, 0x00, 0x03, 0x00, 0x07, 0x3e, 0x09, 0x00, 0x04, 0x03, 0x00, 0x00, 0x07, 0x3f,
    0x08, 0x00, 0x01, 0x04, 0x00, 0xa1, 0x07, 0x2e, 0x08, 0x0f, 0x09, 0x0c, 0x00, 0x01, 0x09, 0x06,
    0x00, 0x02, 0x07, 0x3e, 0x09, 0x00, 0x02, 0x04, 0x02, 0xae, 0x03, 0x01, 0x07, 0x3c, 0x09, 0x0f,
    0x03, 0x06, 0x00, 0x00, 0x02, 0x00, 0x03, 0x00, 0x07, 0x3f, 0x08, 0x00, 0x09, 0x00, 0x00, 0x05,
    0x00, 0xb5, 0x06, 0x12, 0x07, 0x2e, 0x08, 0x0f, 0x09, 0x0c, 0x00, 0x01, 0x09, 0x06, 0x00, 0x02,
    0x07, 0x3e, 0x09, 0x00, 0x02, 0x04, 0x02, 0xae, 0x03, 0x01, 0x07, 0x3c, 0x09, 0x0f, 0x03, 0x06,
    0x00, 0x00, 0x02, 0x00, 0x03, 0x00, 0x07, 0x3f, 0x08, 0x00, 0x09, 0x00, 0x01, 0x05, 0x00, 0xa1,
    0x06, 0x1c, 0x07, 0x2e, 0x08, 0x0f, 0x09, 0x0c, 0x00, 0x01, 0x09, 0x06, 0x00, 0x02, 0x07, 0x3e,
    0x09, 0x00, 0x02, 0x04, 0x02, 0xae, 0x03, 0x01, 0x07, 0x3c, 0x09, 0x0f, 0x02, 0x06, 0x00, 0x00,
    0x02, 0x00, 0x03, 0x00, 0x07, 0x3f, 0x08, 0x00, 0x09, 0x00, 0x01, 0x06, 0x00, 0xd7, 0x02, 0x69,
    0x03, 0x01, 0x07, 0x2c, 0x08, 0x0f, 0x09, 0x0f, 0x01, 0x01, 0x07, 0x3c, 0x05, 0x06, 0x00, 0x00,
    0x02, 0x00, 0x03, 0x00, 0x07, 0x3f, 0x08, 0x00, 0x09, 0x00, 0x01, 0x06, 0x00, 0xf1, 0x02, 0xae,
    0x03, 0x01, 0x07, 0x2c, 0x08, 0x0f, 0x09, 0x0f, 0x01, 0x01, 0x07, 0x3c, 0x00, 0x04, 0x02, 0x00,
    0x03, 0x00, 0x07, 0x3e, 0x09, 0x00, 0x04, 0x03, 0x00, 0x00, 0x07, 0x3f, 0x08, 0x00, 0x01, 0x05,
    0x00, 0x0f, 0x01, 0x01, 0x07, 0x2e, 0x08, 0x0f, 0x09, 0x0c, 0x00, 0x01, 0x09, 0x06, 0x00, 0x02,
    0x07, 0x3e, 0x09, 0x00, 0x07, 0x04, 0x02, 0xae, 0x03, 0x01, 0x07, 0x2c, 0x09, 0x0f, 0x01, 0x01,
    0x07, 0x3c, 0x01, 0x04, 0x02, 0x00, 0x03, 0x00, 0x07, 0x3e, 0x09, 0x00, 0x04, 0x04, 0x00, 0x00,
    0x01, 0x00, 0x07, 0x3f, 0x08, 0x00, 0x01, 0x07, 0x00, 0xae, 0x01, 0x01, 0x02, 0x1e, 0x03, 0x02,
    0x07, 0x2c, 0x08, 0x0f, 0x09, 0x0c, 0x01, 0x01, 0x07, 0x3c, 0x00, 0x07, 0x00, 0x00, 0x01, 0x00,
    0x02, 0x00, 0x03, 0x00, 0x07, 0x3f, 0x08, 0x00, 0x09, 0x00, 0x06, 0x02, 0x07, 0x2f, 0x09, 0x0c,
    0x00, 0x01, 0x09, 0x06, 0x00, 0x02, 0x07, 0x3f, 0x09, 0x00, 0x02, 0x07, 0x00, 0xae, 0x01, 0x01,
    0x02, 0x1e, 0x03, 0x02, 0x07, 0x3c, 0x08, 0x0f, 0x09, 0x0c, 0x02, 0x07, 0x00, 0x00, 0x01, 0x00,
    0x02, 0x00, 0x03, 0x00, 0x07, 0x3f, 0x08, 0x00, 0x09, 0x00, 0x01, 0x03, 0x06, 0x12, 0x07, 0x2f,
    0x09, 0x0c, 0x00, 0x01, 0x09, 0x06, 0x00, 0x02, 0x07, 0x3f, 0x09, 0x00, 0x02, 0x07, 0x00, 0xae,
    0x01, 0x01, 0x02, 0x1e, 0x03, 0x02, 0x07, 0x3c, 0x08, 0x0f, 0x09, 0x0c, 0x02, 0x07, 0x00, 0x00,
    0x01, 0x00, 0x02, 0x00, 0x03, 0x00, 0x07, 0x3f, 0x08, 0x00, 0x09, 0x00, 0x01, 0x03, 0x06, 0x1c,
    0x07, 0x2f, 0x09, 0x0c, 0x00, 0x01, 0x09, 0x06, 0x00, 0x02, 0x07, 0x3f, 0x09, 0x00, 0x02, 0x07,
    0x00, 0xae, 0x01, 0x01, 0x02, 0x1e, 0x03, 0x02, 0x07, 0x3c, 0x08, 0x0f, 0x09, 0x0c, 0x03, 0x07,
    0x00, 0x00, 0x01, 0x00, 0x02, 0x00, 0x03, 0x00, 0x07, 0x3f, 0x08, 0x00, 0x09, 0x00, 0x00, 0x07,
    0x00, 0x69, 0x01, 0x01, 0x02, 0xae, 0x03, 0x01, 0x07, 0x2c, 0x08, 0x0f, 0x09, 0x0c, 0x01, 0x01,
    0x07, 0x3c, 0x06, 0x07, 0x00, 0x00, 0x01, 0x00, 0x02, 0x00, 0x03, 0x00, 0x07, 0x3f, 0x08, 0x00,
    0x09, 0x00, 0x00, 0x07, 0x00, 0xae, 0x01, 0x01, 0x02, 0x1e, 0x03, 0x02, 0x07, 0x2c, 0x08, 0x0f,
    0x09, 0x0c, 0x01, 0x01, 0x07, 0x3c, 0x01, 0x07, 0x00, 0x00, 0x01, 0x00, 0x02, 0x00, 0x03, 0x00,
    0x07, 0x3f, 0x08, 0x00, 0x09, 0x00, 0x06, 0x06, 0x00, 0x65, 0x02, 0x1e, 0x03, 0x02, 0x07, 0x2c,
    0x08, 0x0f, 0x09, 0x0f, 0x01, 0x01, 0x07, 0x3c, 0x00, 0x04, 0x02, 0x00, 0x03, 0x00, 0x07, 0x3e,
    0x09, 0x00, 0x04, 0x03, 0x00, 0x00, 0x07, 0x3f, 0x08, 0x00, 0x01, 0x06, 0x00, 0x72, 0x02, 0x1e,
    0x03, 0x02, 0x07, 0x2c, 0x08, 0x0f, 0x09, 0x0f, 0x01, 0x04, 0x00, 0x96, 0x01, 0x01, 0x07, 0x3c,
    0x08, 0x0c, 0x00, 0x07, 0x00, 0x79, 0x01, 0x00, 0x02, 0x00, 0x03, 0x00, 0x07, 0x3e, 0x08, 0x0f,
    0x09, 0x00, 0x01, 0x03, 0x00, 0x00, 0x07, 0x3f, 0x08, 0x00, 0x01, 0x03, 0x00, 0x88, 0x07, 0x3e,
    0x08, 0x0f, 0x00, 0x03, 0x00, 0x00, 0x07, 0x3f, 0x08, 0x00, 0x01, 0x06, 0x00, 0xa1, 0x02, 0x1e,
    0x03, 0x02, 0x07, 0x2c, 0x08, 0x0f, 0x09, 0x0f, 0x01, 0x01, 0x07, 0x3c, 0x00, 0x06, 0x00, 0x00,
    0x02, 0x00, 0x03, 0x00, 0x07, 0x3f, 0x08, 0x00, 0x09, 0x00, 0x06, 0x04, 0x00, 0xab, 0x07, 0x2e,
    0x08, 0x0f, 0x09, 0x0c, 0x00, 0x01, 0x09, 0x06, 0x00, 0x02, 0x07, 0x3e, 0x09, 0x00, 0x02, 0x04,
    0x02, 0x1e, 0x03, 0x02, 0x07, 0x3c, 0x09, 0x0f, 0x03, 0x06, 0x00, 0x00, 0x02, 0x00, 0x03, 0x00,
    0x07, 0x3f, 0x08, 0x00, 0x09, 0x00, 0x00, 0x05, 0x00, 0xa1, 0x06, 0x12, 0x07, 0x2e, 0x08, 0x0f,
    0x09, 0x0c, 0x00, 0x01, 0x09, 0x06, 0x00, 0x02, 0x07, 0x3e, 0x09, 0x00, 0x03, 0x04, 0x02, 0x1e,
    0x03, 0x02, 0x07, 0x3c, 0x09, 0x0f, 0x02, 0x06, 0x00, 0x00, 0x02, 0x00, 0x03, 0x00, 0x07, 0x3f,
    0x08, 0x00, 0x09, 0x00, 0x01, 0x05, 0x00, 0x88, 0x06, 0x1c, 0x07, 0x2e, 0x08, 0x0f, 0x09, 0x0c,
    0x00, 0x01, 0x09, 0x06, 0x00, 0x02, 0x07, 0x3e, 0x09, 0x00, 0x02, 0x04, 0x02, 0x1e, 0x03, 0x02,
    0x07, 0x3c, 0x09, 0x0f, 0x02, 0x06, 0x00, 0x00, 0x02, 0x00, 0x03, 0x00, 0x07, 0x3f, 0x08, 0x00,
    0x09, 0x00, 0x01, 0x07, 0x00, 0x96, 0x01, 0x01, 0x02, 0x42, 0x03, 0x01, 0x07, 0x2c, 0x08, 0x0f,
    0x09, 0x0c, 0x01, 0x01, 0x07, 0x3c, 0x05, 0x07, 0x00, 0x00, 0x01, 0x00, 0x02, 0x00, 0x03, 0x00,
    0x07, 0x3f, 0x08, 0x00, 0x09, 0x00, 0x01, 0x06, 0x00, 0x88, 0x02, 0x1e, 0x03, 0x02, 0x07, 0x2c,
    0x08, 0x0f, 0x09, 0x0f, 0x01, 0x01, 0x07, 0x3c, 0x00, 0x04, 0x02, 0x00, 0x03, 0x00, 0x07, 0x3e,
    0x09, 0x00, 0x04, 0x03, 0x00, 0x00, 0x07, 0x3f, 0x08, 0x00, 0x01, 0x04, 0x00, 0x65, 0x07, 0x2e,
    0x08, 0x0f, 0x09, 0x0c, 0x00, 0x01, 0x09, 0x06, 0x00, 0x02, 0x07, 0x3e, 0x09, 0x00, 0x06, 0x03,
    0x00, 0x00, 0x07, 0x3f, 0x08, 0x00, 0x00, 0x06, 0x00, 0x72, 0x02, 0x1e, 0x03, 0x02, 0x07, 0x2c,
    0x08, 0x0f, 0x09, 0x0f, 0x01, 0x04, 0x00, 0x96, 0x01, 0x01, 0x07, 0x3c, 0x08, 0x0c, 0x01, 0x07,
    0x00, 0x79, 0x01, 0x00, 0x02, 0x00, 0x03, 0x00, 0x07, 0x3e, 0x08, 0x0f, 0x09, 0x00, 0x00, 0x03,
    0x00, 0x00, 0x07, 0x3f, 0x08, 0x00, 0x01, 0x03, 0x00, 0x88, 0x07, 0x3e, 0x08, 0x0f, 0x01, 0x03,
    0x00, 0x00, 0x07, 0x3f, 0x08, 0x00, 0x01, 0x06, 0x00, 0xa1, 0x02, 0x1e, 0x03, 0x02, 0x07, 0x2c,
    0x08, 0x0f, 0x09, 0x0f, 0x01, 0x01, 0x07, 0x3c, 0x00, 0x06, 0x00, 0x00, 0x02, 0x00, 0x03, 0x00,
    0x07, 0x3f, 0x08, 0x00, 0x09, 0x00, 0x06, 0x04, 0x00, 0xab, 0x07, 0x2e, 0x08, 0x0f, 0x09, 0x0c,
    0x00, 0x01, 0x09, 0x06, 0x00, 0x02, 0x07, 0x3e, 0x09, 0x00, 0x02, 0x04, 0x02, 0x1e, 0x03, 0x02,
    0x07, 0x3c, 0x09, 0x0f, 0x02, 0x06, 0x00, 0x00, 0x02, 0x00, 0x03, 0x00, 0x07, 0x3f, 0x08, 0x00,
    0x09, 0x00, 0x01, 0x05, 0x00, 0xa1, 0x06, 0x12, 0x07, 0x2e, 0x08, 0x0f, 0x09, 0x0c, 0x00, 0x01,
    0x09, 0x06, 0x00, 0x02, 0x07, 0x3e, 0x09, 0x00, 0x02, 0x04, 0x02, 0x1e, 0x03, 0x02, 0x07, 0x3c,
    0x09, 0x0f, 0x02, 0x06, 0x00, 0x00, 0x02, 0x00, 0x03, 0x00, 0x07, 0x3f, 0x08, 0x00, 0x09, 0x00,
    0x01, 0x05, 0x00, 0x88, 0x06, 0x1c, 0x07, 0x2e, 0x08, 0x0f, 0x09, 0x0c, 0x00, 0x01, 0x09, 0x06,
    0x00, 0x02, 0x07, 0x3e, 0x09, 0x00, 0x02, 0x04, 0x02, 0x1e, 0x03, 0x02, 0x07, 0x3c, 0x09, 0x0f,
    0x03, 0x06, 0x00, 0x00, 0x02, 0x00, 0x03, 0x00, 0x07, 0x3f, 0x08, 0x00, 0x09, 0x00, 0x00, 0x07,
    0x00, 0x96, 0x01, 0x01, 0x02, 0x42, 0x03, 0x01, 0x07, 0x2c, 0x08, 0x0f, 0x09, 0x0c, 0x01, 0x01,
    0x07, 0x3c, 0x06, 0x07, 0x00, 0x00, 0x01, 0x00, 0x02, 0x00, 0x03, 0x00, 0x07, 0x3f, 0x08, 0x00,
    0x09, 0x00, 0x01, 0x06, 0x00, 0x88, 0x02, 0x1e, 0x03, 0x02, 0x07, 0x2c, 0x08, 0x0f, 0x09, 0x0f,
    0x01, 0x01, 0x07, 0x3c, 0x00, 0x04, 0x02, 0x00, 0x03, 0x00, 0x07, 0x3e, 0x09, 0x00, 0x04, 0x03,
    0x00, 0x00, 0x07, 0x3f, 0x08, 0x00, 0x01, 0x06, 0x00, 0xb5, 0x02, 0xe3, 0x03, 0x01, 0x07, 0x2c,
    0x08, 0x0f, 0x09, 0x0f, 0x01, 0x01, 0x07, 0x3c, 0x00, 0x04, 0x02, 0x00, 0x03, 0x00, 0x07, 0x3e,
    0x09, 0x00, 0x04, 0x03, 0x00, 0x00, 0x07, 0x3f, 0x08, 0x00, 0x01, 0x06, 0x00, 0xb5, 0x02, 0xe3,
    0x03, 0x01, 0x07, 0x2c, 0x08, 0x0f, 0x09, 0x0f, 0x01, 0x01, 0x07, 0x3c, 0x00, 0x04, 0x02, 0x00,
    0x03, 0x00, 0x07, 0x3e, 0x09, 0x00, 0x04, 0x03, 0x00, 0x00, 0x07, 0x3f, 0x08, 0x00, 0x01, 0x06,
    0x00, 0xa1, 0x02, 0xe3, 0x03, 0x01, 0x07, 0x2c, 0x08, 0x0f, 0x09, 0x0f, 0x01, 0x01, 0x07, 0x3c,
    0x01, 0x04, 0x02, 0x00, 0x03, 0x00, 0x07, 0x3e, 0x09, 0x00, 0x04, 0x03, 0x00, 0x00, 0x07, 0x3f,
    0x08, 0x00, 0x00, 0x04, 0x00, 0x98, 0x07, 0x2e, 0x08, 0x0f, 0x09, 0x0c, 0x00, 0x01, 0x09, 0x06,
    0x00, 0x02, 0x07, 0x3e, 0x09, 0x00, 0x02, 0x04, 0x02, 0xe3, 0x03, 0x01, 0x07, 0x3c, 0x09, 0x0f,
    0x03, 0x06, 0x00, 0x00, 0x02, 0x00, 0x03, 0x00, 0x07, 0x3f, 0x08, 0x00, 0x09, 0x00, 0x01, 0x05,
    0x00, 0x8f, 0x06, 0x12, 0x07, 0x2e, 0x08, 0x0f, 0x09, 0x0c, 0x00, 0x01, 0x09, 0x06, 0x00, 0x02,
    0x07, 0x3e, 0x09, 0x00, 0x02, 0x04, 0x02, 0xe3, 0x03, 0x01, 0x07, 0x3c, 0x09, 0x0f, 0x02, 0x06,
    0x00, 0x00, 0x02, 0x00, 0x03, 0x00, 0x07, 0x3f, 0x08, 0x00, 0x09, 0x00, 0x01, 0x05, 0x00, 0x98,
    0x06, 0x1c, 0x07, 0x2e, 0x08, 0x0f, 0x09, 0x0c, 0x00, 0x01, 0x09, 0x06, 0x00, 0x02, 0x07, 0x3e,
    0x09, 0x00, 0x02, 0x04, 0x02, 0xe3, 0x03, 0x01, 0x07, 0x3c, 0x09, 0x0f, 0x02, 0x06, 0x00, 0x00,
    0x02, 0x00, 0x03, 0x00, 0x07, 0x3f, 0x08, 0x00, 0x09, 0x00, 0x01, 0x06, 0x00, 0xa1, 0x02, 0x69,
    0x03, 0x01, 0x07, 0x2c, 0x08, 0x0f, 0x09, 0x0f, 0x01, 0x01, 0x07, 0x3c, 0x05, 0x06, 0x00, 0x00,
    0x02, 0x00, 0x03, 0x00, 0x07, 0x3f, 0x08, 0x00, 0x09, 0x00, 0x01, 0x06, 0x00, 0xb5, 0x02, 0xe3,
    0x03, 0x01, 0x07, 0x2c, 0x08, 0x0f, 0x09, 0x0f, 0x01, 0x01, 0x07, 0x3c, 0x01, 0x04, 0x02, 0x00,
    0x03, 0x00, 0x07, 0x3e, 0x09, 0x00, 0x04, 0x03, 0x00, 0x00, 0x07, 0x3f, 0x08, 0x00, 0x00, 0x03,
    0x06, 0x12, 0x07, 0x2f, 0x09, 0x0c, 0x00, 0x01, 0x09, 0x06, 0x00, 0x02, 0x07, 0x3f, 0x09, 0x00,
    0x08, 0x07, 0x00, 0xb5, 0x02, 0xe3, 0x03, 0x01, 0x06, 0x1c, 0x07, 0x2c, 0x08, 0x0f, 0x09, 0x0f,
    0x01, 0x01, 0x07, 0x3c, 0x00, 0x04, 0x02, 0x00, 0x03, 0x00, 0x07, 0x3e, 0x09, 0x00, 0x04, 0x03,
    0x00, 0x00, 0x07, 0x3f, 0x08, 0x00, 0x01, 0x06, 0x00, 0xb5, 0x02, 0xe3, 0x03, 0x01, 0x07, 0x2c,
    0x08, 0x0f, 0x09, 0x0f, 0x01, 0x01, 0x07, 0x3c, 0x00, 0x04, 0x02, 0x00, 0x03, 0x00, 0x07, 0x3e,
    0x09, 0x00, 0x04, 0x03, 0x00, 0x00, 0x07, 0x3f, 0x08, 0x00, 0x01, 0x06, 0x00, 0xb5, 0x02, 0xe3,
    0x03, 0x01, 0x07, 0x2c, 0x08, 0x0f, 0x09, 0x0f, 0x01, 0x01, 0x07, 0x3c, 0x00, 0x04, 0x02, 0x00,
    0x03, 0x00, 0x07, 0x3e, 0x09, 0x00, 0x04, 0x03, 0x00, 0x00, 0x07, 0x3f, 0x08, 0x00, 0x01, 0x06,
    0x00, 0xb5, 0x02, 0xe3, 0x03, 0x01, 0x07, 0x2c, 0x08, 0x0f, 0x09, 0x0f, 0x01, 0x01, 0x07, 0x3c,
    0x01, 0x04, 0x02, 0x00, 0x03, 0x00, 0x07, 0x3e, 0x09, 0x00, 0x04, 0x03, 0x00, 0x00, 0x07, 0x3f,
    0x08, 0x00, 0x0b, 0x03, 0x06, 0x0d, 0x07, 0x2f, 0x09, 0x0c, 0x00, 0x01, 0x09, 0x06, 0x00, 0x02,
    0x07, 0x3f, 0x09, 0x00, 0x07, 0x03, 0x06, 0x12, 0x07, 0x2f, 0x09, 0x0c, 0x00, 0x01, 0x09, 0x06,
    0x00, 0x02, 0x07, 0x3f, 0x09, 0x00, 0x07, 0x08, 0x00, 0x42, 0x01, 0x01, 0x02, 0x42, 0x03, 0x01,
    0x06, 0x1c, 0x07, 0x2c, 0x08, 0x0f, 0x09, 0x0f, 0x01, 0x01, 0x07, 0x3c, 0x00, 0x04, 0x02, 0x00,
    0x03, 0x00, 0x07, 0x3e, 0x09, 0x00, 0x04, 0x04, 0x00, 0x00, 0x01, 0x00, 0x07, 0x3f, 0x08, 0x00,
    0x01, 0x07, 0x00, 0x69, 0x01, 0x01, 0x02, 0x69, 0x03, 0x01, 0x07, 0x2c, 0x08, 0x0f, 0x09, 0x0f,
    0x01, 0x01, 0x07, 0x3c, 0x00, 0x04, 0x02, 0x00, 0x03, 0x00, 0x07, 0x3e, 0x09, 0x00, 0x05, 0x04,
    0x00, 0x00, 0x01, 0x00, 0x07, 0x3f, 0x08, 0x00, 0x00, 0x07, 0x00, 0x42, 0x01, 0x01, 0x02, 0x42,
    0x03, 0x01, 0x07, 0x2c, 0x08, 0x0f, 0x09, 0x0f, 0x01, 0x01, 0x07, 0x3c, 0x01, 0x04, 0x02, 0x00,
    0x03, 0x00, 0x07, 0x3e, 0x09, 0x00, 0x04, 0x04, 0x00, 0x00, 0x01, 0x00, 0x07, 0x3f, 0x08, 0x00,
    0x00, 0x04, 0x00, 0x0f, 0x01, 0x01, 0x07, 0x3e, 0x08, 0x0f, 0x00, 0x02, 0x07, 0x2e, 0x09, 0x0c,
    0x00, 0x01, 0x09, 0x06, 0x00, 0x02, 0x07, 0x3e, 0x09, 0x00, 0x05, 0x04, 0x00, 0x00, 0x01, 0x00,
    0x07, 0x3f, 0x08, 0x00, 0x01, 0x03, 0x06, 0x12, 0x07, 0x2f, 0x09, 0x0c, 0x00, 0x01, 0x09, 0x06,
    0x00, 0x02, 0x07, 0x3f, 0x09, 0x00, 0x07, 0x07, 0x00, 0xd7, 0x02, 0x0f, 0x03, 0x01, 0x06, 0x1c,
    0x07, 0x2c, 0x08, 0x0f, 0x09, 0x0f, 0x01, 0x01, 0x07, 0x3c, 0x05, 0x06, 0x00, 0x00, 0x02, 0x00,
    0x03, 0x00, 0x07, 0x3f, 0x08, 0x00, 0x09, 0x00, 0x01, 0x02, 0x07, 0x2f, 0x09, 0x0c, 0x00, 0x01,
    0x09, 0x06, 0x00, 0x02, 0x07, 0x3f, 0x09, 0x00, 0x07, 0x04, 0x00, 0xb5, 0x07, 0x2e, 0x08, 0x0f,
    0x09, 0x0c, 0x00, 0x01, 0x09, 0x06, 0x00, 0x02, 0x07, 0x3e, 0x09, 0x00, 0x06, 0x03, 0x00, 0x00,
    0x07, 0x3f, 0x08, 0x00, 0x00, 0x03, 0x00, 0xd7, 0x07, 0x3e, 0x08, 0x0f, 0x00, 0x02, 0x07, 0x2e,
    0x09, 0x0c, 0x00, 0x01, 0x09, 0x06, 0x00, 0x02, 0x07, 0x3e, 0x09, 0x00, 0x05, 0x03, 0x00, 0x00,
    0x07, 0x3f, 0x08, 0x00, 0x01, 0x04, 0x00, 0xe4, 0x07, 0x2e, 0x08, 0x0f, 0x09, 0x0c, 0x00, 0x01,
    0x09, 0x06, 0x00, 0x02, 0x07, 0x3e, 0x09, 0x00, 0x05, 0xff
};

static const struct { unsigned char cmd, is_music; const unsigned char *data; }
sb_snd_table[] = {
    { 0x01, 0, SB_SND_COIN },
    { 0x02, 0, SB_SND_ATTRACT },
    { 0x03, 0, SB_SND_SFX03 },
    { 0x04, 0, SB_SND_SFX04 },
    { 0x05, 0, SB_SND_SFX05 },
    { 0x07, 0, SB_SND_SFX07 },
    { 0x08, 0, SB_SND_SFX08 },
    { 0x09, 0, SB_SND_HIT09 },
    { 0x0a, 0, SB_SND_SFX0A },
    { 0x0b, 0, SB_SND_SFX0B },
    { 0x0c, 0, SB_SND_HIT0C },
    { 0x0d, 0, SB_SND_HIT0D },
    { 0x10, 0, SB_SND_SFX10 },
    { 0x11, 0, SB_SND_SFX11 },
    { 0x12, 0, SB_SND_SFX12 },
    { 0x13, 0, SB_SND_SFX13 },
    { 0x1b, 0, SB_SND_SFX1B },
    { 0x1c, 0, SB_SND_JUMP },
    { 0x1d, 0, SB_SND_SFX1D },
    { 0x1f, 0, SB_SND_SHOT },
    { 0x20, 0, SB_SND_START },
    { 0x21, 0, SB_SND_CLEAR },
    { 0x2e, 0, SB_SND_DEATH },
    { 0x22, 1, SB_SND_MUS22 },
    { 0x23, 1, SB_SND_LEVEL },
};

