
/Users/daniel/projects/vectrex-pseudo-python/examples/vectrex_hello/build/uvm2/vectrex_hello.elf:     file format elf32-littlearm

Sections:
Idx Name          Size      VMA       LMA       File off  Algn
  0 .vpyram       00004000  2007c000  2007c000  00005000  2**0
                  ALLOC
  1 .ARM.attributes 00000036  00000000  00000000  00004168  2**0
                  CONTENTS, READONLY
  2 .comment      00000045  00000000  00000000  0000419e  2**0
                  CONTENTS, READONLY
  3 .text         00002b34  20000000  20000000  00001000  2**3
                  CONTENTS, ALLOC, LOAD, READONLY, CODE
  4 .game_rom     00000190  20002b34  20002b34  00003b34  2**2
                  CONTENTS, ALLOC, LOAD, READONLY, CODE
  5 .rodata       00000418  20002cc4  20002cc4  00003cc4  2**2
                  CONTENTS, ALLOC, LOAD, READONLY, DATA
  6 .binary_info  00000014  200030dc  200030dc  000040dc  2**2
                  CONTENTS, ALLOC, LOAD, READONLY, DATA
  7 .data         00000078  200030f0  200030f0  000040f0  2**2
                  CONTENTS, ALLOC, LOAD, DATA
  8 .tdata        00000000  20003168  20003168  000041e3  2**0
                  CONTENTS, ALLOC, LOAD, DATA, THREAD_LOCAL
  9 .uninitialized_data 00000000  20003168  20003168  000041e3  2**0
                  CONTENTS
 10 .tbss         00000000  20003168  20003168  00000000  2**0
                  ALLOC, THREAD_LOCAL
 11 .bss          000082f4  20003168  20003168  00004168  2**3
                  ALLOC
 12 .heap         00000800  2000b45c  2000b45c  00004168  2**2
                  ALLOC, READONLY
 13 .scratch_x    00000000  20080000  20080000  000041e3  2**0
                  CONTENTS
 14 .scratch_y    00000000  20081000  20081000  000041e3  2**0
                  CONTENTS
 15 .stack1_dummy 00000800  20080000  20080000  00005000  2**2
                  ALLOC
 16 .stack_dummy  00000800  20081000  20081000  00005000  2**5
                  ALLOC, READONLY
 17 .debug_line   0001a58c  00000000  00000000  000041e3  2**0
                  CONTENTS, READONLY, DEBUGGING, OCTETS
 18 .debug_line_str 0000018f  00000000  00000000  0001e76f  2**0
                  CONTENTS, READONLY, DEBUGGING, OCTETS
 19 .debug_info   00021f29  00000000  00000000  0001e8fe  2**0
                  CONTENTS, READONLY, DEBUGGING, OCTETS
 20 .debug_abbrev 0000644b  00000000  00000000  00040827  2**0
                  CONTENTS, READONLY, DEBUGGING, OCTETS
 21 .debug_aranges 00000c90  00000000  00000000  00046c78  2**3
                  CONTENTS, READONLY, DEBUGGING, OCTETS
 22 .debug_str    000061e4  00000000  00000000  00047908  2**0
                  CONTENTS, READONLY, DEBUGGING, OCTETS
 23 .debug_rnglists 00003466  00000000  00000000  0004daec  2**0
                  CONTENTS, READONLY, DEBUGGING, OCTETS
 24 .debug_loclists 0001101b  00000000  00000000  00050f52  2**0
                  CONTENTS, READONLY, DEBUGGING, OCTETS
 25 .debug_frame  000020e8  00000000  00000000  00061f70  2**2
                  CONTENTS, READONLY, DEBUGGING, OCTETS

/Users/daniel/projects/vectrex-pseudo-python/examples/vectrex_hello/build/uvm2/vectrex_hello.elf:     file format elf32-littlearm


Disassembly of section .text:

20000000 <__VECTOR_TABLE>:
20000000:	20082000 	.word	0x20082000
20000004:	200001a5 	.word	0x200001a5
20000008:	2000011b 	.word	0x2000011b
2000000c:	2000011d 	.word	0x2000011d
20000010:	20000111 	.word	0x20000111
20000014:	20000111 	.word	0x20000111
20000018:	20000111 	.word	0x20000111
2000001c:	20000111 	.word	0x20000111
20000020:	20000119 	.word	0x20000119
20000024:	20000119 	.word	0x20000119
20000028:	20000119 	.word	0x20000119
2000002c:	20001b79 	.word	0x20001b79
20000030:	20000111 	.word	0x20000111
20000034:	20000119 	.word	0x20000119
20000038:	20000121 	.word	0x20000121
2000003c:	20000123 	.word	0x20000123
20000040:	20000111 	.word	0x20000111
20000044:	20000111 	.word	0x20000111
20000048:	20000111 	.word	0x20000111
2000004c:	20000111 	.word	0x20000111
20000050:	20000111 	.word	0x20000111
20000054:	20000111 	.word	0x20000111
20000058:	20000111 	.word	0x20000111
2000005c:	20000111 	.word	0x20000111
20000060:	20000111 	.word	0x20000111
20000064:	20000111 	.word	0x20000111
20000068:	20000111 	.word	0x20000111
2000006c:	20000111 	.word	0x20000111
20000070:	20000111 	.word	0x20000111
20000074:	20000111 	.word	0x20000111
20000078:	20000111 	.word	0x20000111
2000007c:	20000111 	.word	0x20000111
20000080:	20000111 	.word	0x20000111
20000084:	20000111 	.word	0x20000111
20000088:	20000111 	.word	0x20000111
2000008c:	20000111 	.word	0x20000111
20000090:	20000111 	.word	0x20000111
20000094:	20000111 	.word	0x20000111
20000098:	20000111 	.word	0x20000111
2000009c:	20000111 	.word	0x20000111
200000a0:	20000111 	.word	0x20000111
200000a4:	20000111 	.word	0x20000111
200000a8:	20000111 	.word	0x20000111
200000ac:	20000111 	.word	0x20000111
200000b0:	20000111 	.word	0x20000111
200000b4:	20000111 	.word	0x20000111
200000b8:	20000111 	.word	0x20000111
200000bc:	20000111 	.word	0x20000111
200000c0:	20000111 	.word	0x20000111
200000c4:	20000111 	.word	0x20000111
200000c8:	20000111 	.word	0x20000111
200000cc:	20000111 	.word	0x20000111
200000d0:	20000111 	.word	0x20000111
200000d4:	20000111 	.word	0x20000111
200000d8:	20000111 	.word	0x20000111
200000dc:	20000111 	.word	0x20000111
200000e0:	20000111 	.word	0x20000111
200000e4:	20000111 	.word	0x20000111
200000e8:	20000111 	.word	0x20000111
200000ec:	20000111 	.word	0x20000111
200000f0:	20000111 	.word	0x20000111
200000f4:	20000111 	.word	0x20000111
200000f8:	20000111 	.word	0x20000111
200000fc:	20000111 	.word	0x20000111
20000100:	20000111 	.word	0x20000111
20000104:	20000111 	.word	0x20000111
20000108:	20000111 	.word	0x20000111
2000010c:	20000111 	.word	0x20000111

20000110 <__unhandled_user_irq>:
20000110:	f3ef 8005 	mrs	r0, IPSR
20000114:	3810      	subs	r0, #16

20000116 <unhandled_user_irq_num_in_r0>:
20000116:	be00      	bkpt	0x0000

20000118 <isr_invalid>:
20000118:	be00      	bkpt	0x0000

2000011a <isr_nmi>:
2000011a:	be00      	bkpt	0x0000

2000011c <isr_hardfault>:
2000011c:	be00      	bkpt	0x0000
2000011e:	be00      	bkpt	0x0000

20000120 <isr_pendsv>:
20000120:	be00      	bkpt	0x0000

20000122 <isr_systick>:
20000122:	be00      	bkpt	0x0000

20000124 <__bi_54>:
20000124:	0006 5052 b3ab 5360 3088 2000               ..RP..`S.0. 

20000130 <__bi_42>:
20000130:	0006 5052 1c86 0203 30a4 2000               ..RP.....0. 

2000013c <__bi_34>:
2000013c:	0006 5052 2254 9da2 30b4 2000               ..RPT"...0. 

20000148 <binary_info_header>:
20000148:	7188ebf2 	.word	0x7188ebf2
2000014c:	200030dc 	.word	0x200030dc
20000150:	200030f0 	.word	0x200030f0
20000154:	200001d0 	.word	0x200001d0
20000158:	e71aa390 	.word	0xe71aa390

2000015c <__binary_info_header_end>:
2000015c:	ffffded3 	.word	0xffffded3
20000160:	10210142 	.word	0x10210142
20000164:	00000203 	.word	0x00000203
20000168:	20000000 	.word	0x20000000
2000016c:	000003ff 	.word	0x000003ff
20000170:	00000000 	.word	0x00000000
20000174:	ab123579 	.word	0xab123579

20000178 <_entry_point>:
20000178:	4820      	ldr	r0, [pc, #128]	@ (200001fc <data_cpy_table+0x2c>)
2000017a:	f45f 4140 	movs.w	r1, #49152	@ 0xc000
2000017e:	6001      	str	r1, [r0, #0]
20000180:	ee30 f710 			rcp_canary_status APSR_nzcv, delay
20000184:	d404      	bmi.n	20000190 <_entry_point+0x18>
20000186:	ec40 0780 	rcp_salt_core0 r0, r0, delay
2000018a:	ec40 0781 	rcp_salt_core1 r0, r0, delay
2000018e:	bf40      	sev
20000190:	2000      	movs	r0, #0
20000192:	f380 880a 	msr	MSPLIM, r0
20000196:	481a      	ldr	r0, [pc, #104]	@ (20000200 <data_cpy_table+0x30>)

20000198 <_enter_vtable_in_r0>:
20000198:	491a      	ldr	r1, [pc, #104]	@ (20000204 <data_cpy_table+0x34>)
2000019a:	6008      	str	r0, [r1, #0]
2000019c:	c806      	ldmia	r0!, {r1, r2}
2000019e:	f381 8808 	msr	MSP, r1
200001a2:	4710      	bx	r2

200001a4 <_reset_handler>:
200001a4:	f04f 4050 	mov.w	r0, #3489660928	@ 0xd0000000
200001a8:	6800      	ldr	r0, [r0, #0]
200001aa:	b110      	cbz	r0, 200001b2 <hold_non_core0_in_bootrom+0x6>

200001ac <hold_non_core0_in_bootrom>:
200001ac:	f04f 0000 	mov.w	r0, #0
200001b0:	e7f2      	b.n	20000198 <_enter_vtable_in_r0>
200001b2:	4915      	ldr	r1, [pc, #84]	@ (20000208 <data_cpy_table+0x38>)
200001b4:	4a15      	ldr	r2, [pc, #84]	@ (2000020c <data_cpy_table+0x3c>)
200001b6:	2000      	movs	r0, #0
200001b8:	e000      	b.n	200001bc <bss_fill_test>

200001ba <bss_fill_loop>:
200001ba:	c101      	stmia	r1!, {r0}

200001bc <bss_fill_test>:
200001bc:	4291      	cmp	r1, r2
200001be:	d1fc      	bne.n	200001ba <bss_fill_loop>

200001c0 <platform_entry>:
200001c0:	4913      	ldr	r1, [pc, #76]	@ (20000210 <data_cpy_table+0x40>)
200001c2:	4788      	blx	r1
200001c4:	4913      	ldr	r1, [pc, #76]	@ (20000214 <data_cpy_table+0x44>)
200001c6:	4788      	blx	r1
200001c8:	4913      	ldr	r1, [pc, #76]	@ (20000218 <data_cpy_table+0x48>)
200001ca:	4788      	blx	r1
200001cc:	be00      	bkpt	0x0000
200001ce:	e7fd      	b.n	200001cc <platform_entry+0xc>

200001d0 <data_cpy_table>:
200001d0:	200030f0 	.word	0x200030f0
200001d4:	200030f0 	.word	0x200030f0
200001d8:	20003168 	.word	0x20003168
200001dc:	20080000 	.word	0x20080000
200001e0:	20080000 	.word	0x20080000
200001e4:	20080000 	.word	0x20080000
200001e8:	20081000 	.word	0x20081000
200001ec:	20081000 	.word	0x20081000
200001f0:	20081000 	.word	0x20081000
200001f4:	00000000 	.word	0x00000000
200001f8:	4770      	bx	lr
200001fa:	0000      	.short	0x0000
200001fc:	e000ed88 	.word	0xe000ed88
20000200:	20000000 	.word	0x20000000
20000204:	e000ed08 	.word	0xe000ed08
20000208:	20003168 	.word	0x20003168
2000020c:	2000b45c 	.word	0x2000b45c
20000210:	20002841 	.word	0x20002841
20000214:	20001b75 	.word	0x20001b75
20000218:	20002839 	.word	0x20002839

2000021c <mutex_enter_block_until>:
2000021c:	f04f 4150 	mov.w	r1, #3489660928	@ 0xd0000000
20000220:	e92d 41f0 	stmdb	sp!, {r4, r5, r6, r7, r8, lr}
20000224:	461f      	mov	r7, r3
20000226:	680b      	ldr	r3, [r1, #0]
20000228:	4604      	mov	r4, r0
2000022a:	4616      	mov	r6, r2
2000022c:	2500      	movs	r5, #0
2000022e:	4698      	mov	r8, r3
20000230:	e008      	b.n	20000244 <mutex_enter_block_until+0x28>
20000232:	e8c3 5f8f 	stlb	r5, [r3]
20000236:	f382 8810 	msr	PRIMASK, r2
2000023a:	4630      	mov	r0, r6
2000023c:	4639      	mov	r1, r7
2000023e:	f002 f85b 	bl	200022f8 <best_effort_wfe_or_timeout>
20000242:	b9e8      	cbnz	r0, 20000280 <mutex_enter_block_until+0x64>
20000244:	6823      	ldr	r3, [r4, #0]
20000246:	f3ef 8210 	mrs	r2, PRIMASK
2000024a:	b672      	cpsid	i
2000024c:	e8d3 0fcf 	ldaexb	r0, [r3]
20000250:	2101      	movs	r1, #1
20000252:	2800      	cmp	r0, #0
20000254:	d1fa      	bne.n	2000024c <mutex_enter_block_until+0x30>
20000256:	e8c3 1f40 	strexb	r0, r1, [r3]
2000025a:	2800      	cmp	r0, #0
2000025c:	d1f6      	bne.n	2000024c <mutex_enter_block_until+0x30>
2000025e:	f3bf 8f5f 	dmb	sy
20000262:	f994 1004 	ldrsb.w	r1, [r4, #4]
20000266:	6823      	ldr	r3, [r4, #0]
20000268:	2900      	cmp	r1, #0
2000026a:	dae2      	bge.n	20000232 <mutex_enter_block_until+0x16>
2000026c:	2100      	movs	r1, #0
2000026e:	f884 8004 	strb.w	r8, [r4, #4]
20000272:	e8c3 1f8f 	stlb	r1, [r3]
20000276:	f382 8810 	msr	PRIMASK, r2
2000027a:	2001      	movs	r0, #1
2000027c:	e8bd 81f0 	ldmia.w	sp!, {r4, r5, r6, r7, r8, pc}
20000280:	2000      	movs	r0, #0
20000282:	e8bd 81f0 	ldmia.w	sp!, {r4, r5, r6, r7, r8, pc}
20000286:	bf00      	nop

20000288 <mutex_try_enter_block_until>:
20000288:	b510      	push	{r4, lr}
2000028a:	6801      	ldr	r1, [r0, #0]
2000028c:	f3ef 8e10 	mrs	lr, PRIMASK
20000290:	b672      	cpsid	i
20000292:	e8d1 cfcf 	ldaexb	ip, [r1]
20000296:	2401      	movs	r4, #1
20000298:	f1bc 0f00 	cmp.w	ip, #0
2000029c:	d1f9      	bne.n	20000292 <mutex_try_enter_block_until+0xa>
2000029e:	e8c1 4f4c 	strexb	ip, r4, [r1]
200002a2:	f1bc 0f00 	cmp.w	ip, #0
200002a6:	d1f4      	bne.n	20000292 <mutex_try_enter_block_until+0xa>
200002a8:	f3bf 8f5f 	dmb	sy
200002ac:	f990 c004 	ldrsb.w	ip, [r0, #4]
200002b0:	6804      	ldr	r4, [r0, #0]
200002b2:	f1bc 0f00 	cmp.w	ip, #0
200002b6:	db10      	blt.n	200002da <mutex_try_enter_block_until+0x52>
200002b8:	2100      	movs	r1, #0
200002ba:	e8c4 1f8f 	stlb	r1, [r4]
200002be:	f38e 8810 	msr	PRIMASK, lr
200002c2:	f04f 4450 	mov.w	r4, #3489660928	@ 0xd0000000
200002c6:	f994 4000 	ldrsb.w	r4, [r4]
200002ca:	4564      	cmp	r4, ip
200002cc:	d101      	bne.n	200002d2 <mutex_try_enter_block_until+0x4a>
200002ce:	4608      	mov	r0, r1
200002d0:	bd10      	pop	{r4, pc}
200002d2:	e8bd 4010 	ldmia.w	sp!, {r4, lr}
200002d6:	f7ff bfa1 	b.w	2000021c <mutex_enter_block_until>
200002da:	f04f 4250 	mov.w	r2, #3489660928	@ 0xd0000000
200002de:	6812      	ldr	r2, [r2, #0]
200002e0:	2300      	movs	r3, #0
200002e2:	7102      	strb	r2, [r0, #4]
200002e4:	e8c4 3f8f 	stlb	r3, [r4]
200002e8:	f38e 8810 	msr	PRIMASK, lr
200002ec:	2001      	movs	r0, #1
200002ee:	bd10      	pop	{r4, pc}

200002f0 <mutex_exit>:
200002f0:	6803      	ldr	r3, [r0, #0]
200002f2:	f3ef 8210 	mrs	r2, PRIMASK
200002f6:	b672      	cpsid	i
200002f8:	e8d3 cfcf 	ldaexb	ip, [r3]
200002fc:	2101      	movs	r1, #1
200002fe:	f1bc 0f00 	cmp.w	ip, #0
20000302:	d1f9      	bne.n	200002f8 <mutex_exit+0x8>
20000304:	e8c3 1f4c 	strexb	ip, r1, [r3]
20000308:	f1bc 0f00 	cmp.w	ip, #0
2000030c:	d1f4      	bne.n	200002f8 <mutex_exit+0x8>
2000030e:	f3bf 8f5f 	dmb	sy
20000312:	f04f 0cff 	mov.w	ip, #255	@ 0xff
20000316:	2300      	movs	r3, #0
20000318:	6801      	ldr	r1, [r0, #0]
2000031a:	f880 c004 	strb.w	ip, [r0, #4]
2000031e:	e8c1 3f8f 	stlb	r3, [r1]
20000322:	f382 8810 	msr	PRIMASK, r2
20000326:	bf40      	sev
20000328:	4770      	bx	lr
2000032a:	bf00      	nop

2000032c <uvm2_cpu_init>:
2000032c:	f04f 23e0 	mov.w	r3, #3758153728	@ 0xe000e000
20000330:	f04f 32ff 	mov.w	r2, #4294967295	@ 0xffffffff
20000334:	2100      	movs	r1, #0
20000336:	6119      	str	r1, [r3, #16]
20000338:	f8c3 2180 	str.w	r2, [r3, #384]	@ 0x180
2000033c:	f8c3 2280 	str.w	r2, [r3, #640]	@ 0x280
20000340:	f8c3 2184 	str.w	r2, [r3, #388]	@ 0x184
20000344:	f8c3 2284 	str.w	r2, [r3, #644]	@ 0x284
20000348:	f8c3 2188 	str.w	r2, [r3, #392]	@ 0x188
2000034c:	f8c3 2288 	str.w	r2, [r3, #648]	@ 0x288
20000350:	f8c3 218c 	str.w	r2, [r3, #396]	@ 0x18c
20000354:	f8c3 228c 	str.w	r2, [r3, #652]	@ 0x28c
20000358:	4770      	bx	lr
2000035a:	bf00      	nop

2000035c <uvm2_bus_pads>:
2000035c:	b530      	push	{r4, r5, lr}
2000035e:	2300      	movs	r3, #0
20000360:	f04f 0c01 	mov.w	ip, #1
20000364:	2405      	movs	r4, #5
20000366:	490c      	ldr	r1, [pc, #48]	@ (20000398 <uvm2_bus_pads+0x3c>)
20000368:	4a0c      	ldr	r2, [pc, #48]	@ (2000039c <uvm2_bus_pads+0x40>)
2000036a:	f8df e034 	ldr.w	lr, [pc, #52]	@ 200003a0 <uvm2_bus_pads+0x44>
2000036e:	fa0c f003 	lsl.w	r0, ip, r3
20000372:	f030 45a0 	bics.w	r5, r0, #1342177280	@ 0x50000000
20000376:	f103 0301 	add.w	r3, r3, #1
2000037a:	d006      	beq.n	2000038a <uvm2_bus_pads+0x2e>
2000037c:	ea10 0f0e 	tst.w	r0, lr
20000380:	bf0c      	ite	eq
20000382:	2062      	moveq	r0, #98	@ 0x62
20000384:	206a      	movne	r0, #106	@ 0x6a
20000386:	6010      	str	r0, [r2, #0]
20000388:	600c      	str	r4, [r1, #0]
2000038a:	2b20      	cmp	r3, #32
2000038c:	f102 0204 	add.w	r2, r2, #4
20000390:	f101 0108 	add.w	r1, r1, #8
20000394:	d1eb      	bne.n	2000036e <uvm2_bus_pads+0x12>
20000396:	bd30      	pop	{r4, r5, pc}
20000398:	40028004 	.word	0x40028004
2000039c:	40038004 	.word	0x40038004
200003a0:	a8c00000 	.word	0xa8c00000

200003a4 <uvm2_bus_halt>:
200003a4:	f04f 4350 	mov.w	r3, #3489660928	@ 0xd0000000
200003a8:	f04f 7c00 	mov.w	ip, #33554432	@ 0x2000000
200003ac:	f247 5130 	movw	r1, #30000	@ 0x7530
200003b0:	4807      	ldr	r0, [pc, #28]	@ (200003d0 <uvm2_bus_halt+0x2c>)
200003b2:	4a08      	ldr	r2, [pc, #32]	@ (200003d4 <uvm2_bus_halt+0x30>)
200003b4:	f8c3 c018 	str.w	ip, [r3, #24]
200003b8:	6218      	str	r0, [r3, #32]
200003ba:	639a      	str	r2, [r3, #56]	@ 0x38
200003bc:	685a      	ldr	r2, [r3, #4]
200003be:	2a00      	cmp	r2, #0
200003c0:	dafc      	bge.n	200003bc <uvm2_bus_halt+0x18>
200003c2:	685a      	ldr	r2, [r3, #4]
200003c4:	2a00      	cmp	r2, #0
200003c6:	dbfc      	blt.n	200003c2 <uvm2_bus_halt+0x1e>
200003c8:	3901      	subs	r1, #1
200003ca:	d1f7      	bne.n	200003bc <uvm2_bus_halt+0x18>
200003cc:	4770      	bx	lr
200003ce:	bf00      	nop
200003d0:	0d3fffff 	.word	0x0d3fffff
200003d4:	0f3fffff 	.word	0x0f3fffff

200003d8 <uvm2_exec>:
200003d8:	b530      	push	{r4, r5, lr}
200003da:	f04f 4250 	mov.w	r2, #3489660928	@ 0xd0000000
200003de:	4604      	mov	r4, r0
200003e0:	6853      	ldr	r3, [r2, #4]
200003e2:	2b00      	cmp	r3, #0
200003e4:	dbfc      	blt.n	200003e0 <uvm2_exec+0x8>
200003e6:	f04f 4250 	mov.w	r2, #3489660928	@ 0xd0000000
200003ea:	6853      	ldr	r3, [r2, #4]
200003ec:	2b00      	cmp	r3, #0
200003ee:	dafc      	bge.n	200003ea <uvm2_exec+0x12>
200003f0:	f04f 4050 	mov.w	r0, #3489660928	@ 0xd0000000
200003f4:	6913      	ldr	r3, [r2, #16]
200003f6:	f083 63e2 	eor.w	r3, r3, #118489088	@ 0x7100000
200003fa:	f483 6340 	eor.w	r3, r3, #3072	@ 0xc00
200003fe:	f023 4378 	bic.w	r3, r3, #4160749568	@ 0xf8000000
20000402:	f423 0340 	bic.w	r3, r3, #12582912	@ 0xc00000
20000406:	6293      	str	r3, [r2, #40]	@ 0x28
20000408:	6843      	ldr	r3, [r0, #4]
2000040a:	2b00      	cmp	r3, #0
2000040c:	dbfc      	blt.n	20000408 <uvm2_exec+0x30>
2000040e:	2900      	cmp	r1, #0
20000410:	d03a      	beq.n	20000488 <uvm2_exec+0xb0>
20000412:	f04f 0c00 	mov.w	ip, #0
20000416:	f04f 4350 	mov.w	r3, #3489660928	@ 0xd0000000
2000041a:	f04f 6580 	mov.w	r5, #67108864	@ 0x4000000
2000041e:	f101 3eff 	add.w	lr, r1, #4294967295	@ 0xffffffff
20000422:	f854 0b04 	ldr.w	r0, [r4], #4
20000426:	f3c0 210b 	ubfx	r1, r0, #8, #12
2000042a:	0d00      	lsrs	r0, r0, #20
2000042c:	685a      	ldr	r2, [r3, #4]
2000042e:	2a00      	cmp	r2, #0
20000430:	dafc      	bge.n	2000042c <uvm2_exec+0x54>
20000432:	691a      	ldr	r2, [r3, #16]
20000434:	404a      	eors	r2, r1
20000436:	f3c2 020b 	ubfx	r2, r2, #0, #12
2000043a:	629a      	str	r2, [r3, #40]	@ 0x28
2000043c:	621d      	str	r5, [r3, #32]
2000043e:	685a      	ldr	r2, [r3, #4]
20000440:	2a00      	cmp	r2, #0
20000442:	dbfc      	blt.n	2000043e <uvm2_exec+0x66>
20000444:	f10c 0c01 	add.w	ip, ip, #1
20000448:	b148      	cbz	r0, 2000045e <uvm2_exec+0x86>
2000044a:	1e41      	subs	r1, r0, #1
2000044c:	685a      	ldr	r2, [r3, #4]
2000044e:	2a00      	cmp	r2, #0
20000450:	dafc      	bge.n	2000044c <uvm2_exec+0x74>
20000452:	685a      	ldr	r2, [r3, #4]
20000454:	2a00      	cmp	r2, #0
20000456:	dbfc      	blt.n	20000452 <uvm2_exec+0x7a>
20000458:	3901      	subs	r1, #1
2000045a:	d2f7      	bcs.n	2000044c <uvm2_exec+0x74>
2000045c:	4484      	add	ip, r0
2000045e:	f1be 0e01 	subs.w	lr, lr, #1
20000462:	d2de      	bcs.n	20000422 <uvm2_exec+0x4a>
20000464:	f04f 4250 	mov.w	r2, #3489660928	@ 0xd0000000
20000468:	6853      	ldr	r3, [r2, #4]
2000046a:	2b00      	cmp	r3, #0
2000046c:	dafc      	bge.n	20000468 <uvm2_exec+0x90>
2000046e:	f04f 6380 	mov.w	r3, #67108864	@ 0x4000000
20000472:	6193      	str	r3, [r2, #24]
20000474:	6913      	ldr	r3, [r2, #16]
20000476:	4660      	mov	r0, ip
20000478:	f083 6380 	eor.w	r3, r3, #67108864	@ 0x4000000
2000047c:	f023 4378 	bic.w	r3, r3, #4160749568	@ 0xf8000000
20000480:	f423 0340 	bic.w	r3, r3, #12582912	@ 0xc00000
20000484:	6293      	str	r3, [r2, #40]	@ 0x28
20000486:	bd30      	pop	{r4, r5, pc}
20000488:	468c      	mov	ip, r1
2000048a:	e7eb      	b.n	20000464 <uvm2_exec+0x8c>

2000048c <uvm2_bus_delay>:
2000048c:	b150      	cbz	r0, 200004a4 <uvm2_bus_delay+0x18>
2000048e:	f04f 4350 	mov.w	r3, #3489660928	@ 0xd0000000
20000492:	1e41      	subs	r1, r0, #1
20000494:	685a      	ldr	r2, [r3, #4]
20000496:	2a00      	cmp	r2, #0
20000498:	dafc      	bge.n	20000494 <uvm2_bus_delay+0x8>
2000049a:	685a      	ldr	r2, [r3, #4]
2000049c:	2a00      	cmp	r2, #0
2000049e:	dbfc      	blt.n	2000049a <uvm2_bus_delay+0xe>
200004a0:	3901      	subs	r1, #1
200004a2:	d2f7      	bcs.n	20000494 <uvm2_bus_delay+0x8>
200004a4:	4770      	bx	lr
200004a6:	bf00      	nop

200004a8 <uvm2_via_write>:
200004a8:	f04f 4250 	mov.w	r2, #3489660928	@ 0xd0000000
200004ac:	0200      	lsls	r0, r0, #8
200004ae:	f400 6070 	and.w	r0, r0, #3840	@ 0xf00
200004b2:	b2c9      	uxtb	r1, r1
200004b4:	4308      	orrs	r0, r1
200004b6:	f040 7044 	orr.w	r0, r0, #51380224	@ 0x3100000
200004ba:	6853      	ldr	r3, [r2, #4]
200004bc:	2b00      	cmp	r3, #0
200004be:	dafc      	bge.n	200004ba <uvm2_via_write+0x12>
200004c0:	f04f 4150 	mov.w	r1, #3489660928	@ 0xd0000000
200004c4:	6913      	ldr	r3, [r2, #16]
200004c6:	4043      	eors	r3, r0
200004c8:	f023 4378 	bic.w	r3, r3, #4160749568	@ 0xf8000000
200004cc:	f423 0340 	bic.w	r3, r3, #12582912	@ 0xc00000
200004d0:	6293      	str	r3, [r2, #40]	@ 0x28
200004d2:	684b      	ldr	r3, [r1, #4]
200004d4:	2b00      	cmp	r3, #0
200004d6:	dbfc      	blt.n	200004d2 <uvm2_via_write+0x2a>
200004d8:	f04f 4250 	mov.w	r2, #3489660928	@ 0xd0000000
200004dc:	6853      	ldr	r3, [r2, #4]
200004de:	2b00      	cmp	r3, #0
200004e0:	dafc      	bge.n	200004dc <uvm2_via_write+0x34>
200004e2:	6911      	ldr	r1, [r2, #16]
200004e4:	4b04      	ldr	r3, [pc, #16]	@ (200004f8 <uvm2_via_write+0x50>)
200004e6:	f081 7100 	eor.w	r1, r1, #33554432	@ 0x2000000
200004ea:	4804      	ldr	r0, [pc, #16]	@ (200004fc <uvm2_via_write+0x54>)
200004ec:	400b      	ands	r3, r1
200004ee:	6293      	str	r3, [r2, #40]	@ 0x28
200004f0:	6803      	ldr	r3, [r0, #0]
200004f2:	3302      	adds	r3, #2
200004f4:	6003      	str	r3, [r0, #0]
200004f6:	4770      	bx	lr
200004f8:	073fff00 	.word	0x073fff00
200004fc:	2000b430 	.word	0x2000b430

20000500 <uvm2_via_read>:
20000500:	f04f 4250 	mov.w	r2, #3489660928	@ 0xd0000000
20000504:	21ff      	movs	r1, #255	@ 0xff
20000506:	0200      	lsls	r0, r0, #8
20000508:	f400 6370 	and.w	r3, r0, #3840	@ 0xf00
2000050c:	b500      	push	{lr}
2000050e:	f043 60e2 	orr.w	r0, r3, #118489088	@ 0x7100000
20000512:	6411      	str	r1, [r2, #64]	@ 0x40
20000514:	6853      	ldr	r3, [r2, #4]
20000516:	2b00      	cmp	r3, #0
20000518:	dafc      	bge.n	20000514 <uvm2_via_read+0x14>
2000051a:	f04f 4150 	mov.w	r1, #3489660928	@ 0xd0000000
2000051e:	6913      	ldr	r3, [r2, #16]
20000520:	f8df c048 	ldr.w	ip, [pc, #72]	@ 2000056c <uvm2_via_read+0x6c>
20000524:	4043      	eors	r3, r0
20000526:	ea03 0c0c 	and.w	ip, r3, ip
2000052a:	f8c2 c028 	str.w	ip, [r2, #40]	@ 0x28
2000052e:	684b      	ldr	r3, [r1, #4]
20000530:	2b00      	cmp	r3, #0
20000532:	dbfc      	blt.n	2000052e <uvm2_via_read+0x2e>
20000534:	f04f 4350 	mov.w	r3, #3489660928	@ 0xd0000000
20000538:	6858      	ldr	r0, [r3, #4]
2000053a:	2800      	cmp	r0, #0
2000053c:	dafc      	bge.n	20000538 <uvm2_via_read+0x38>
2000053e:	f04f 0eff 	mov.w	lr, #255	@ 0xff
20000542:	f04f 4250 	mov.w	r2, #3489660928	@ 0xd0000000
20000546:	6919      	ldr	r1, [r3, #16]
20000548:	f081 7c00 	eor.w	ip, r1, #33554432	@ 0x2000000
2000054c:	4907      	ldr	r1, [pc, #28]	@ (2000056c <uvm2_via_read+0x6c>)
2000054e:	ea0c 0101 	and.w	r1, ip, r1
20000552:	6299      	str	r1, [r3, #40]	@ 0x28
20000554:	f8c3 e038 	str.w	lr, [r3, #56]	@ 0x38
20000558:	6853      	ldr	r3, [r2, #4]
2000055a:	2b00      	cmp	r3, #0
2000055c:	dbfc      	blt.n	20000558 <uvm2_via_read+0x58>
2000055e:	4a04      	ldr	r2, [pc, #16]	@ (20000570 <uvm2_via_read+0x70>)
20000560:	b2c0      	uxtb	r0, r0
20000562:	6813      	ldr	r3, [r2, #0]
20000564:	3302      	adds	r3, #2
20000566:	6013      	str	r3, [r2, #0]
20000568:	bd00      	pop	{pc}
2000056a:	bf00      	nop
2000056c:	073fff00 	.word	0x073fff00
20000570:	2000b430 	.word	0x2000b430

20000574 <mux_sample.constprop.0>:
20000574:	4a18      	ldr	r2, [pc, #96]	@ (200005d8 <mux_sample.constprop.0+0x64>)
20000576:	6813      	ldr	r3, [r2, #0]
20000578:	f5b3 5f00 	cmp.w	r3, #8192	@ 0x2000
2000057c:	d22a      	bcs.n	200005d4 <mux_sample.constprop.0+0x60>
2000057e:	b510      	push	{r4, lr}
20000580:	4916      	ldr	r1, [pc, #88]	@ (200005dc <mux_sample.constprop.0+0x68>)
20000582:	f103 0e01 	add.w	lr, r3, #1
20000586:	f891 c000 	ldrb.w	ip, [r1]
2000058a:	f5be 5f00 	cmp.w	lr, #8192	@ 0x2000
2000058e:	f02c 0107 	bic.w	r1, ip, #7
20000592:	ea40 0001 	orr.w	r0, r0, r1
20000596:	f040 0401 	orr.w	r4, r0, #1
2000059a:	4911      	ldr	r1, [pc, #68]	@ (200005e0 <mux_sample.constprop.0+0x6c>)
2000059c:	ea4f 2404 	mov.w	r4, r4, lsl #8
200005a0:	f8c2 e000 	str.w	lr, [r2]
200005a4:	f841 4023 	str.w	r4, [r1, r3, lsl #2]
200005a8:	f040 0080 	orr.w	r0, r0, #128	@ 0x80
200005ac:	d011      	beq.n	200005d2 <mux_sample.constprop.0+0x5e>
200005ae:	0200      	lsls	r0, r0, #8
200005b0:	f440 0000 	orr.w	r0, r0, #8388608	@ 0x800000
200005b4:	f841 002e 	str.w	r0, [r1, lr, lsl #2]
200005b8:	f103 0e02 	add.w	lr, r3, #2
200005bc:	f5be 5f00 	cmp.w	lr, #8192	@ 0x2000
200005c0:	f8c2 e000 	str.w	lr, [r2]
200005c4:	d005      	beq.n	200005d2 <mux_sample.constprop.0+0x5e>
200005c6:	3303      	adds	r3, #3
200005c8:	ea4f 200c 	mov.w	r0, ip, lsl #8
200005cc:	6013      	str	r3, [r2, #0]
200005ce:	f841 002e 	str.w	r0, [r1, lr, lsl #2]
200005d2:	bd10      	pop	{r4, pc}
200005d4:	4770      	bx	lr
200005d6:	bf00      	nop
200005d8:	2000b36c 	.word	0x2000b36c
200005dc:	200030f5 	.word	0x200030f5
200005e0:	2000336c 	.word	0x2000336c

200005e4 <via_setup>:
200005e4:	f04f 0c81 	mov.w	ip, #129	@ 0x81
200005e8:	21cc      	movs	r1, #204	@ 0xcc
200005ea:	b510      	push	{r4, lr}
200005ec:	2400      	movs	r4, #0
200005ee:	4b31      	ldr	r3, [pc, #196]	@ (200006b4 <via_setup+0xd0>)
200005f0:	4a31      	ldr	r2, [pc, #196]	@ (200006b8 <via_setup+0xd4>)
200005f2:	f883 c000 	strb.w	ip, [r3]
200005f6:	4b31      	ldr	r3, [pc, #196]	@ (200006bc <via_setup+0xd8>)
200005f8:	4831      	ldr	r0, [pc, #196]	@ (200006c0 <via_setup+0xdc>)
200005fa:	7019      	strb	r1, [r3, #0]
200005fc:	6813      	ldr	r3, [r2, #0]
200005fe:	7004      	strb	r4, [r0, #0]
20000600:	f5b3 5f00 	cmp.w	r3, #8192	@ 0x2000
20000604:	d233      	bcs.n	2000066e <via_setup+0x8a>
20000606:	f44f 3480 	mov.w	r4, #65536	@ 0x10000
2000060a:	1c58      	adds	r0, r3, #1
2000060c:	492d      	ldr	r1, [pc, #180]	@ (200006c4 <via_setup+0xe0>)
2000060e:	f5b0 5f00 	cmp.w	r0, #8192	@ 0x2000
20000612:	6010      	str	r0, [r2, #0]
20000614:	f841 4023 	str.w	r4, [r1, r3, lsl #2]
20000618:	d029      	beq.n	2000066e <via_setup+0x8a>
2000061a:	1c9c      	adds	r4, r3, #2
2000061c:	f8df c0bc 	ldr.w	ip, [pc, #188]	@ 200006dc <via_setup+0xf8>
20000620:	f5b4 5f00 	cmp.w	r4, #8192	@ 0x2000
20000624:	6014      	str	r4, [r2, #0]
20000626:	f841 c020 	str.w	ip, [r1, r0, lsl #2]
2000062a:	d020      	beq.n	2000066e <via_setup+0x8a>
2000062c:	f44f 4c01 	mov.w	ip, #33024	@ 0x8100
20000630:	1cd8      	adds	r0, r3, #3
20000632:	f5b0 5f00 	cmp.w	r0, #8192	@ 0x2000
20000636:	6010      	str	r0, [r2, #0]
20000638:	f841 c024 	str.w	ip, [r1, r4, lsl #2]
2000063c:	d017      	beq.n	2000066e <via_setup+0x8a>
2000063e:	1d1c      	adds	r4, r3, #4
20000640:	f8df c09c 	ldr.w	ip, [pc, #156]	@ 200006e0 <via_setup+0xfc>
20000644:	f5b4 5f00 	cmp.w	r4, #8192	@ 0x2000
20000648:	6014      	str	r4, [r2, #0]
2000064a:	f841 c020 	str.w	ip, [r1, r0, lsl #2]
2000064e:	d00e      	beq.n	2000066e <via_setup+0x8a>
20000650:	1d58      	adds	r0, r3, #5
20000652:	f8df c090 	ldr.w	ip, [pc, #144]	@ 200006e4 <via_setup+0x100>
20000656:	f5b0 5f00 	cmp.w	r0, #8192	@ 0x2000
2000065a:	6010      	str	r0, [r2, #0]
2000065c:	f841 c024 	str.w	ip, [r1, r4, lsl #2]
20000660:	d005      	beq.n	2000066e <via_setup+0x8a>
20000662:	f44f 2436 	mov.w	r4, #745472	@ 0xb6000
20000666:	3306      	adds	r3, #6
20000668:	6013      	str	r3, [r2, #0]
2000066a:	f841 4020 	str.w	r4, [r1, r0, lsl #2]
2000066e:	4b16      	ldr	r3, [pc, #88]	@ (200006c8 <via_setup+0xe4>)
20000670:	6819      	ldr	r1, [r3, #0]
20000672:	b161      	cbz	r1, 2000068e <via_setup+0xaa>
20000674:	2000      	movs	r0, #0
20000676:	6811      	ldr	r1, [r2, #0]
20000678:	6018      	str	r0, [r3, #0]
2000067a:	f5b1 5f00 	cmp.w	r1, #8192	@ 0x2000
2000067e:	d206      	bcs.n	2000068e <via_setup+0xaa>
20000680:	f44f 3080 	mov.w	r0, #65536	@ 0x10000
20000684:	4b0f      	ldr	r3, [pc, #60]	@ (200006c4 <via_setup+0xe0>)
20000686:	1c4c      	adds	r4, r1, #1
20000688:	6014      	str	r4, [r2, #0]
2000068a:	f843 0021 	str.w	r0, [r3, r1, lsl #2]
2000068e:	2002      	movs	r0, #2
20000690:	f7ff ff70 	bl	20000574 <mux_sample.constprop.0>
20000694:	2000      	movs	r0, #0
20000696:	f7ff ff6d 	bl	20000574 <mux_sample.constprop.0>
2000069a:	2004      	movs	r0, #4
2000069c:	f7ff ff6a 	bl	20000574 <mux_sample.constprop.0>
200006a0:	2300      	movs	r3, #0
200006a2:	4c0a      	ldr	r4, [pc, #40]	@ (200006cc <via_setup+0xe8>)
200006a4:	480a      	ldr	r0, [pc, #40]	@ (200006d0 <via_setup+0xec>)
200006a6:	490b      	ldr	r1, [pc, #44]	@ (200006d4 <via_setup+0xf0>)
200006a8:	4a0b      	ldr	r2, [pc, #44]	@ (200006d8 <via_setup+0xf4>)
200006aa:	6023      	str	r3, [r4, #0]
200006ac:	6003      	str	r3, [r0, #0]
200006ae:	600b      	str	r3, [r1, #0]
200006b0:	6013      	str	r3, [r2, #0]
200006b2:	bd10      	pop	{r4, pc}
200006b4:	200030f5 	.word	0x200030f5
200006b8:	2000b36c 	.word	0x2000b36c
200006bc:	200030f4 	.word	0x200030f4
200006c0:	2000b459 	.word	0x2000b459
200006c4:	2000336c 	.word	0x2000336c
200006c8:	200030f8 	.word	0x200030f8
200006cc:	2000b3a8 	.word	0x2000b3a8
200006d0:	2000b3ac 	.word	0x2000b3ac
200006d4:	2000b390 	.word	0x2000b390
200006d8:	2000b394 	.word	0x2000b394
200006dc:	0003ff00 	.word	0x0003ff00
200006e0:	00029f00 	.word	0x00029f00
200006e4:	000ccc00 	.word	0x000ccc00

200006e8 <uvm2_draw_set_fixup>:
200006e8:	4b01      	ldr	r3, [pc, #4]	@ (200006f0 <uvm2_draw_set_fixup+0x8>)
200006ea:	6018      	str	r0, [r3, #0]
200006ec:	4770      	bx	lr
200006ee:	bf00      	nop
200006f0:	2000b370 	.word	0x2000b370

200006f4 <uvm2_draw_init>:
200006f4:	b538      	push	{r3, r4, r5, lr}
200006f6:	2500      	movs	r5, #0
200006f8:	4c06      	ldr	r4, [pc, #24]	@ (20000714 <uvm2_draw_init+0x20>)
200006fa:	6025      	str	r5, [r4, #0]
200006fc:	f7ff ff72 	bl	200005e4 <via_setup>
20000700:	4805      	ldr	r0, [pc, #20]	@ (20000718 <uvm2_draw_init+0x24>)
20000702:	6821      	ldr	r1, [r4, #0]
20000704:	f7ff fe68 	bl	200003d8 <uvm2_exec>
20000708:	6822      	ldr	r2, [r4, #0]
2000070a:	4b04      	ldr	r3, [pc, #16]	@ (2000071c <uvm2_draw_init+0x28>)
2000070c:	6025      	str	r5, [r4, #0]
2000070e:	e9c3 2000 	strd	r2, r0, [r3]
20000712:	bd38      	pop	{r3, r4, r5, pc}
20000714:	2000b36c 	.word	0x2000b36c
20000718:	2000336c 	.word	0x2000336c
2000071c:	2000b434 	.word	0x2000b434

20000720 <uvm2_draw_invalidate>:
20000720:	f04f 4300 	mov.w	r3, #2147483648	@ 0x80000000
20000724:	2001      	movs	r0, #1
20000726:	b410      	push	{r4}
20000728:	4903      	ldr	r1, [pc, #12]	@ (20000738 <uvm2_draw_invalidate+0x18>)
2000072a:	4c04      	ldr	r4, [pc, #16]	@ (2000073c <uvm2_draw_invalidate+0x1c>)
2000072c:	4a04      	ldr	r2, [pc, #16]	@ (20000740 <uvm2_draw_invalidate+0x20>)
2000072e:	6023      	str	r3, [r4, #0]
20000730:	6008      	str	r0, [r1, #0]
20000732:	6013      	str	r3, [r2, #0]
20000734:	bc10      	pop	{r4}
20000736:	4770      	bx	lr
20000738:	200030f8 	.word	0x200030f8
2000073c:	2000b3a8 	.word	0x2000b3a8
20000740:	2000b3ac 	.word	0x2000b3ac

20000744 <uvm2_draw_reset>:
20000744:	b530      	push	{r4, r5, lr}
20000746:	f8df c08c 	ldr.w	ip, [pc, #140]	@ 200007d4 <uvm2_draw_reset+0x90>
2000074a:	481f      	ldr	r0, [pc, #124]	@ (200007c8 <uvm2_draw_reset+0x84>)
2000074c:	f8dc 2000 	ldr.w	r2, [ip]
20000750:	6801      	ldr	r1, [r0, #0]
20000752:	f8df e084 	ldr.w	lr, [pc, #132]	@ 200007d8 <uvm2_draw_reset+0x94>
20000756:	430a      	orrs	r2, r1
20000758:	f89e 3000 	ldrb.w	r3, [lr]
2000075c:	d101      	bne.n	20000762 <uvm2_draw_reset+0x1e>
2000075e:	079a      	lsls	r2, r3, #30
20000760:	d428      	bmi.n	200007b4 <uvm2_draw_reset+0x70>
20000762:	4c1a      	ldr	r4, [pc, #104]	@ (200007cc <uvm2_draw_reset+0x88>)
20000764:	6822      	ldr	r2, [r4, #0]
20000766:	f5b2 5f00 	cmp.w	r2, #8192	@ 0x2000
2000076a:	d224      	bcs.n	200007b6 <uvm2_draw_reset+0x72>
2000076c:	4918      	ldr	r1, [pc, #96]	@ (200007d0 <uvm2_draw_reset+0x8c>)
2000076e:	6809      	ldr	r1, [r1, #0]
20000770:	0889      	lsrs	r1, r1, #2
20000772:	f101 052d 	add.w	r5, r1, #45	@ 0x2d
20000776:	f003 01fd 	and.w	r1, r3, #253	@ 0xfd
2000077a:	0209      	lsls	r1, r1, #8
2000077c:	f043 0302 	orr.w	r3, r3, #2
20000780:	ea41 5105 	orr.w	r1, r1, r5, lsl #20
20000784:	f88e 3000 	strb.w	r3, [lr]
20000788:	f8df e050 	ldr.w	lr, [pc, #80]	@ 200007dc <uvm2_draw_reset+0x98>
2000078c:	f441 2140 	orr.w	r1, r1, #786432	@ 0xc0000
20000790:	f84e 1022 	str.w	r1, [lr, r2, lsl #2]
20000794:	1c51      	adds	r1, r2, #1
20000796:	f5b1 5f00 	cmp.w	r1, #8192	@ 0x2000
2000079a:	6021      	str	r1, [r4, #0]
2000079c:	d00f      	beq.n	200007be <uvm2_draw_reset+0x7a>
2000079e:	021b      	lsls	r3, r3, #8
200007a0:	f443 2340 	orr.w	r3, r3, #786432	@ 0xc0000
200007a4:	f84e 3021 	str.w	r3, [lr, r1, lsl #2]
200007a8:	2300      	movs	r3, #0
200007aa:	3202      	adds	r2, #2
200007ac:	6022      	str	r2, [r4, #0]
200007ae:	f8cc 3000 	str.w	r3, [ip]
200007b2:	6003      	str	r3, [r0, #0]
200007b4:	bd30      	pop	{r4, r5, pc}
200007b6:	f043 0302 	orr.w	r3, r3, #2
200007ba:	f88e 3000 	strb.w	r3, [lr]
200007be:	2300      	movs	r3, #0
200007c0:	f8cc 3000 	str.w	r3, [ip]
200007c4:	6003      	str	r3, [r0, #0]
200007c6:	bd30      	pop	{r4, r5, pc}
200007c8:	2000b394 	.word	0x2000b394
200007cc:	2000b36c 	.word	0x2000b36c
200007d0:	200030f0 	.word	0x200030f0
200007d4:	2000b390 	.word	0x2000b390
200007d8:	200030f4 	.word	0x200030f4
200007dc:	2000336c 	.word	0x2000336c

200007e0 <uvm2_draw_intensity>:
200007e0:	4b2a      	ldr	r3, [pc, #168]	@ (2000088c <uvm2_draw_intensity+0xac>)
200007e2:	f380 0007 	usat	r0, #7, r0
200007e6:	681a      	ldr	r2, [r3, #0]
200007e8:	4929      	ldr	r1, [pc, #164]	@ (20000890 <uvm2_draw_intensity+0xb0>)
200007ea:	4290      	cmp	r0, r2
200007ec:	6008      	str	r0, [r1, #0]
200007ee:	d04c      	beq.n	2000088a <uvm2_draw_intensity+0xaa>
200007f0:	b510      	push	{r4, lr}
200007f2:	f8df c0b0 	ldr.w	ip, [pc, #176]	@ 200008a4 <uvm2_draw_intensity+0xc4>
200007f6:	6018      	str	r0, [r3, #0]
200007f8:	f89c 3000 	ldrb.w	r3, [ip]
200007fc:	4925      	ldr	r1, [pc, #148]	@ (20000894 <uvm2_draw_intensity+0xb4>)
200007fe:	fa5f fe80 	uxtb.w	lr, r0
20000802:	4573      	cmp	r3, lr
20000804:	680a      	ldr	r2, [r1, #0]
20000806:	4b24      	ldr	r3, [pc, #144]	@ (20000898 <uvm2_draw_intensity+0xb8>)
20000808:	d03a      	beq.n	20000880 <uvm2_draw_intensity+0xa0>
2000080a:	f88c e000 	strb.w	lr, [ip]
2000080e:	f04f 0c00 	mov.w	ip, #0
20000812:	f5b2 5f00 	cmp.w	r2, #8192	@ 0x2000
20000816:	f8c3 c000 	str.w	ip, [r3]
2000081a:	d230      	bcs.n	2000087e <uvm2_draw_intensity+0x9e>
2000081c:	4c1f      	ldr	r4, [pc, #124]	@ (2000089c <uvm2_draw_intensity+0xbc>)
2000081e:	0200      	lsls	r0, r0, #8
20000820:	1c53      	adds	r3, r2, #1
20000822:	f440 3080 	orr.w	r0, r0, #65536	@ 0x10000
20000826:	600b      	str	r3, [r1, #0]
20000828:	f844 0022 	str.w	r0, [r4, r2, lsl #2]
2000082c:	f5b3 5f00 	cmp.w	r3, #8192	@ 0x2000
20000830:	d225      	bcs.n	2000087e <uvm2_draw_intensity+0x9e>
20000832:	4a1b      	ldr	r2, [pc, #108]	@ (200008a0 <uvm2_draw_intensity+0xc0>)
20000834:	f103 0e01 	add.w	lr, r3, #1
20000838:	f892 c000 	ldrb.w	ip, [r2]
2000083c:	4817      	ldr	r0, [pc, #92]	@ (2000089c <uvm2_draw_intensity+0xbc>)
2000083e:	f00c 02f8 	and.w	r2, ip, #248	@ 0xf8
20000842:	f042 0405 	orr.w	r4, r2, #5
20000846:	0224      	lsls	r4, r4, #8
20000848:	f5be 5f00 	cmp.w	lr, #8192	@ 0x2000
2000084c:	f8c1 e000 	str.w	lr, [r1]
20000850:	f840 4023 	str.w	r4, [r0, r3, lsl #2]
20000854:	f042 0284 	orr.w	r2, r2, #132	@ 0x84
20000858:	d011      	beq.n	2000087e <uvm2_draw_intensity+0x9e>
2000085a:	0212      	lsls	r2, r2, #8
2000085c:	f442 0200 	orr.w	r2, r2, #8388608	@ 0x800000
20000860:	f840 202e 	str.w	r2, [r0, lr, lsl #2]
20000864:	f103 0e02 	add.w	lr, r3, #2
20000868:	f5be 5f00 	cmp.w	lr, #8192	@ 0x2000
2000086c:	f8c1 e000 	str.w	lr, [r1]
20000870:	d005      	beq.n	2000087e <uvm2_draw_intensity+0x9e>
20000872:	3303      	adds	r3, #3
20000874:	ea4f 220c 	mov.w	r2, ip, lsl #8
20000878:	600b      	str	r3, [r1, #0]
2000087a:	f840 202e 	str.w	r2, [r0, lr, lsl #2]
2000087e:	bd10      	pop	{r4, pc}
20000880:	681c      	ldr	r4, [r3, #0]
20000882:	2c00      	cmp	r4, #0
20000884:	d1c1      	bne.n	2000080a <uvm2_draw_intensity+0x2a>
20000886:	4613      	mov	r3, r2
20000888:	e7d0      	b.n	2000082c <uvm2_draw_intensity+0x4c>
2000088a:	4770      	bx	lr
2000088c:	2000b3ac 	.word	0x2000b3ac
20000890:	2000b3b0 	.word	0x2000b3b0
20000894:	2000b36c 	.word	0x2000b36c
20000898:	200030f8 	.word	0x200030f8
2000089c:	2000336c 	.word	0x2000336c
200008a0:	200030f5 	.word	0x200030f5
200008a4:	2000b459 	.word	0x2000b459

200008a8 <uvm2_draw_move>:
200008a8:	b5f0      	push	{r4, r5, r6, r7, lr}
200008aa:	4604      	mov	r4, r0
200008ac:	4b50      	ldr	r3, [pc, #320]	@ (200009f0 <uvm2_draw_move+0x148>)
200008ae:	4f51      	ldr	r7, [pc, #324]	@ (200009f4 <uvm2_draw_move+0x14c>)
200008b0:	4e51      	ldr	r6, [pc, #324]	@ (200009f8 <uvm2_draw_move+0x150>)
200008b2:	681d      	ldr	r5, [r3, #0]
200008b4:	4b51      	ldr	r3, [pc, #324]	@ (200009fc <uvm2_draw_move+0x154>)
200008b6:	683a      	ldr	r2, [r7, #0]
200008b8:	6818      	ldr	r0, [r3, #0]
200008ba:	6833      	ldr	r3, [r6, #0]
200008bc:	4422      	add	r2, r4
200008be:	440b      	add	r3, r1
200008c0:	b083      	sub	sp, #12
200008c2:	603a      	str	r2, [r7, #0]
200008c4:	6033      	str	r3, [r6, #0]
200008c6:	b1d0      	cbz	r0, 200008fe <uvm2_draw_move+0x56>
200008c8:	ea84 73e4 	eor.w	r3, r4, r4, asr #31
200008cc:	eba3 73e4 	sub.w	r3, r3, r4, asr #31
200008d0:	2b3f      	cmp	r3, #63	@ 0x3f
200008d2:	dc14      	bgt.n	200008fe <uvm2_draw_move+0x56>
200008d4:	ea81 72e1 	eor.w	r2, r1, r1, asr #31
200008d8:	eba2 72e1 	sub.w	r2, r2, r1, asr #31
200008dc:	e009      	b.n	200008f2 <uvm2_draw_move+0x4a>
200008de:	2d20      	cmp	r5, #32
200008e0:	d90d      	bls.n	200008fe <uvm2_draw_move+0x56>
200008e2:	2b3f      	cmp	r3, #63	@ 0x3f
200008e4:	ea4f 0444 	mov.w	r4, r4, lsl #1
200008e8:	ea4f 0141 	mov.w	r1, r1, lsl #1
200008ec:	ea4f 0555 	mov.w	r5, r5, lsr #1
200008f0:	dc05      	bgt.n	200008fe <uvm2_draw_move+0x56>
200008f2:	2a3f      	cmp	r2, #63	@ 0x3f
200008f4:	ea4f 0343 	mov.w	r3, r3, lsl #1
200008f8:	ea4f 0242 	mov.w	r2, r2, lsl #1
200008fc:	ddef      	ble.n	200008de <uvm2_draw_move+0x36>
200008fe:	4a40      	ldr	r2, [pc, #256]	@ (20000a00 <uvm2_draw_move+0x158>)
20000900:	4e40      	ldr	r6, [pc, #256]	@ (20000a04 <uvm2_draw_move+0x15c>)
20000902:	6810      	ldr	r0, [r2, #0]
20000904:	7833      	ldrb	r3, [r6, #0]
20000906:	4288      	cmp	r0, r1
20000908:	d063      	beq.n	200009d2 <uvm2_draw_move+0x12a>
2000090a:	fa5f fc81 	uxtb.w	ip, r1
2000090e:	459c      	cmp	ip, r3
20000910:	4f3d      	ldr	r7, [pc, #244]	@ (20000a08 <uvm2_draw_move+0x160>)
20000912:	6011      	str	r1, [r2, #0]
20000914:	d032      	beq.n	2000097c <uvm2_draw_move+0xd4>
20000916:	2300      	movs	r3, #0
20000918:	4a3c      	ldr	r2, [pc, #240]	@ (20000a0c <uvm2_draw_move+0x164>)
2000091a:	f886 c000 	strb.w	ip, [r6]
2000091e:	6810      	ldr	r0, [r2, #0]
20000920:	603b      	str	r3, [r7, #0]
20000922:	f5b0 5f00 	cmp.w	r0, #8192	@ 0x2000
20000926:	d31f      	bcc.n	20000968 <uvm2_draw_move+0xc0>
20000928:	4663      	mov	r3, ip
2000092a:	2000      	movs	r0, #0
2000092c:	e9cd 3200 	strd	r3, r2, [sp]
20000930:	f7ff fe20 	bl	20000574 <mux_sample.constprop.0>
20000934:	e9dd 3200 	ldrd	r3, r2, [sp]
20000938:	b2e1      	uxtb	r1, r4
2000093a:	4299      	cmp	r1, r3
2000093c:	6810      	ldr	r0, [r2, #0]
2000093e:	d04e      	beq.n	200009de <uvm2_draw_move+0x136>
20000940:	2300      	movs	r3, #0
20000942:	f5b0 5f00 	cmp.w	r0, #8192	@ 0x2000
20000946:	7031      	strb	r1, [r6, #0]
20000948:	603b      	str	r3, [r7, #0]
2000094a:	d31c      	bcc.n	20000986 <uvm2_draw_move+0xde>
2000094c:	4a30      	ldr	r2, [pc, #192]	@ (20000a10 <uvm2_draw_move+0x168>)
2000094e:	7813      	ldrb	r3, [r2, #0]
20000950:	f063 037f 	orn	r3, r3, #127	@ 0x7f
20000954:	7013      	strb	r3, [r2, #0]
20000956:	4b2f      	ldr	r3, [pc, #188]	@ (20000a14 <uvm2_draw_move+0x16c>)
20000958:	e9d3 1204 	ldrd	r1, r2, [r3, #16]
2000095c:	3101      	adds	r1, #1
2000095e:	442a      	add	r2, r5
20000960:	e9c3 1204 	strd	r1, r2, [r3, #16]
20000964:	b003      	add	sp, #12
20000966:	bdf0      	pop	{r4, r5, r6, r7, pc}
20000968:	020b      	lsls	r3, r1, #8
2000096a:	b29b      	uxth	r3, r3
2000096c:	492a      	ldr	r1, [pc, #168]	@ (20000a18 <uvm2_draw_move+0x170>)
2000096e:	f443 3380 	orr.w	r3, r3, #65536	@ 0x10000
20000972:	f841 3020 	str.w	r3, [r1, r0, lsl #2]
20000976:	3001      	adds	r0, #1
20000978:	6010      	str	r0, [r2, #0]
2000097a:	e7d5      	b.n	20000928 <uvm2_draw_move+0x80>
2000097c:	683a      	ldr	r2, [r7, #0]
2000097e:	2a00      	cmp	r2, #0
20000980:	d1c9      	bne.n	20000916 <uvm2_draw_move+0x6e>
20000982:	4a22      	ldr	r2, [pc, #136]	@ (20000a0c <uvm2_draw_move+0x164>)
20000984:	e7d1      	b.n	2000092a <uvm2_draw_move+0x82>
20000986:	0224      	lsls	r4, r4, #8
20000988:	4b23      	ldr	r3, [pc, #140]	@ (20000a18 <uvm2_draw_move+0x170>)
2000098a:	b2a4      	uxth	r4, r4
2000098c:	1c41      	adds	r1, r0, #1
2000098e:	f444 0401 	orr.w	r4, r4, #8454144	@ 0x810000
20000992:	6011      	str	r1, [r2, #0]
20000994:	f843 4020 	str.w	r4, [r3, r0, lsl #2]
20000998:	4c1d      	ldr	r4, [pc, #116]	@ (20000a10 <uvm2_draw_move+0x168>)
2000099a:	f5b1 5f00 	cmp.w	r1, #8192	@ 0x2000
2000099e:	7823      	ldrb	r3, [r4, #0]
200009a0:	d222      	bcs.n	200009e8 <uvm2_draw_move+0x140>
200009a2:	f003 067f 	and.w	r6, r3, #127	@ 0x7f
200009a6:	f043 0380 	orr.w	r3, r3, #128	@ 0x80
200009aa:	481b      	ldr	r0, [pc, #108]	@ (20000a18 <uvm2_draw_move+0x170>)
200009ac:	7023      	strb	r3, [r4, #0]
200009ae:	052c      	lsls	r4, r5, #20
200009b0:	ea44 2406 	orr.w	r4, r4, r6, lsl #8
200009b4:	f840 4021 	str.w	r4, [r0, r1, lsl #2]
200009b8:	1c4c      	adds	r4, r1, #1
200009ba:	f5b4 5f00 	cmp.w	r4, #8192	@ 0x2000
200009be:	6014      	str	r4, [r2, #0]
200009c0:	d0c9      	beq.n	20000956 <uvm2_draw_move+0xae>
200009c2:	021b      	lsls	r3, r3, #8
200009c4:	3102      	adds	r1, #2
200009c6:	f443 0300 	orr.w	r3, r3, #8388608	@ 0x800000
200009ca:	6011      	str	r1, [r2, #0]
200009cc:	f840 3024 	str.w	r3, [r0, r4, lsl #2]
200009d0:	e7c1      	b.n	20000956 <uvm2_draw_move+0xae>
200009d2:	4a0e      	ldr	r2, [pc, #56]	@ (20000a0c <uvm2_draw_move+0x164>)
200009d4:	b2e1      	uxtb	r1, r4
200009d6:	4299      	cmp	r1, r3
200009d8:	4f0b      	ldr	r7, [pc, #44]	@ (20000a08 <uvm2_draw_move+0x160>)
200009da:	6810      	ldr	r0, [r2, #0]
200009dc:	d1b0      	bne.n	20000940 <uvm2_draw_move+0x98>
200009de:	683b      	ldr	r3, [r7, #0]
200009e0:	2b00      	cmp	r3, #0
200009e2:	d1ad      	bne.n	20000940 <uvm2_draw_move+0x98>
200009e4:	4601      	mov	r1, r0
200009e6:	e7d7      	b.n	20000998 <uvm2_draw_move+0xf0>
200009e8:	f063 037f 	orn	r3, r3, #127	@ 0x7f
200009ec:	7023      	strb	r3, [r4, #0]
200009ee:	e7b2      	b.n	20000956 <uvm2_draw_move+0xae>
200009f0:	200030f0 	.word	0x200030f0
200009f4:	2000b390 	.word	0x2000b390
200009f8:	2000b394 	.word	0x2000b394
200009fc:	2000b370 	.word	0x2000b370
20000a00:	2000b3a8 	.word	0x2000b3a8
20000a04:	2000b459 	.word	0x2000b459
20000a08:	200030f8 	.word	0x200030f8
20000a0c:	2000b36c 	.word	0x2000b36c
20000a10:	200030f5 	.word	0x200030f5
20000a14:	2000b434 	.word	0x2000b434
20000a18:	2000336c 	.word	0x2000336c

20000a1c <uvm2_draw_delta>:
20000a1c:	b5f0      	push	{r4, r5, r6, r7, lr}
20000a1e:	4604      	mov	r4, r0
20000a20:	4b5f      	ldr	r3, [pc, #380]	@ (20000ba0 <uvm2_draw_delta+0x184>)
20000a22:	4f60      	ldr	r7, [pc, #384]	@ (20000ba4 <uvm2_draw_delta+0x188>)
20000a24:	4e60      	ldr	r6, [pc, #384]	@ (20000ba8 <uvm2_draw_delta+0x18c>)
20000a26:	681d      	ldr	r5, [r3, #0]
20000a28:	4b60      	ldr	r3, [pc, #384]	@ (20000bac <uvm2_draw_delta+0x190>)
20000a2a:	683a      	ldr	r2, [r7, #0]
20000a2c:	6818      	ldr	r0, [r3, #0]
20000a2e:	6833      	ldr	r3, [r6, #0]
20000a30:	4422      	add	r2, r4
20000a32:	440b      	add	r3, r1
20000a34:	b083      	sub	sp, #12
20000a36:	603a      	str	r2, [r7, #0]
20000a38:	6033      	str	r3, [r6, #0]
20000a3a:	b1d0      	cbz	r0, 20000a72 <uvm2_draw_delta+0x56>
20000a3c:	ea84 73e4 	eor.w	r3, r4, r4, asr #31
20000a40:	eba3 73e4 	sub.w	r3, r3, r4, asr #31
20000a44:	2b3f      	cmp	r3, #63	@ 0x3f
20000a46:	dc14      	bgt.n	20000a72 <uvm2_draw_delta+0x56>
20000a48:	ea81 72e1 	eor.w	r2, r1, r1, asr #31
20000a4c:	eba2 72e1 	sub.w	r2, r2, r1, asr #31
20000a50:	e009      	b.n	20000a66 <uvm2_draw_delta+0x4a>
20000a52:	2d20      	cmp	r5, #32
20000a54:	d90d      	bls.n	20000a72 <uvm2_draw_delta+0x56>
20000a56:	2b3f      	cmp	r3, #63	@ 0x3f
20000a58:	ea4f 0444 	mov.w	r4, r4, lsl #1
20000a5c:	ea4f 0141 	mov.w	r1, r1, lsl #1
20000a60:	ea4f 0555 	mov.w	r5, r5, lsr #1
20000a64:	dc05      	bgt.n	20000a72 <uvm2_draw_delta+0x56>
20000a66:	2a3f      	cmp	r2, #63	@ 0x3f
20000a68:	ea4f 0343 	mov.w	r3, r3, lsl #1
20000a6c:	ea4f 0242 	mov.w	r2, r2, lsl #1
20000a70:	ddef      	ble.n	20000a52 <uvm2_draw_delta+0x36>
20000a72:	4a4f      	ldr	r2, [pc, #316]	@ (20000bb0 <uvm2_draw_delta+0x194>)
20000a74:	4e4f      	ldr	r6, [pc, #316]	@ (20000bb4 <uvm2_draw_delta+0x198>)
20000a76:	6810      	ldr	r0, [r2, #0]
20000a78:	7833      	ldrb	r3, [r6, #0]
20000a7a:	4288      	cmp	r0, r1
20000a7c:	f000 8081 	beq.w	20000b82 <uvm2_draw_delta+0x166>
20000a80:	fa5f fc81 	uxtb.w	ip, r1
20000a84:	459c      	cmp	ip, r3
20000a86:	4f4c      	ldr	r7, [pc, #304]	@ (20000bb8 <uvm2_draw_delta+0x19c>)
20000a88:	6011      	str	r1, [r2, #0]
20000a8a:	d06f      	beq.n	20000b6c <uvm2_draw_delta+0x150>
20000a8c:	2300      	movs	r3, #0
20000a8e:	4a4b      	ldr	r2, [pc, #300]	@ (20000bbc <uvm2_draw_delta+0x1a0>)
20000a90:	f886 c000 	strb.w	ip, [r6]
20000a94:	6810      	ldr	r0, [r2, #0]
20000a96:	603b      	str	r3, [r7, #0]
20000a98:	f5b0 5f00 	cmp.w	r0, #8192	@ 0x2000
20000a9c:	d35c      	bcc.n	20000b58 <uvm2_draw_delta+0x13c>
20000a9e:	4663      	mov	r3, ip
20000aa0:	2000      	movs	r0, #0
20000aa2:	e9cd 3200 	strd	r3, r2, [sp]
20000aa6:	f7ff fd65 	bl	20000574 <mux_sample.constprop.0>
20000aaa:	e9dd 3200 	ldrd	r3, r2, [sp]
20000aae:	b2e1      	uxtb	r1, r4
20000ab0:	4299      	cmp	r1, r3
20000ab2:	6810      	ldr	r0, [r2, #0]
20000ab4:	d06b      	beq.n	20000b8e <uvm2_draw_delta+0x172>
20000ab6:	2300      	movs	r3, #0
20000ab8:	f5b0 5f00 	cmp.w	r0, #8192	@ 0x2000
20000abc:	7031      	strb	r1, [r6, #0]
20000abe:	603b      	str	r3, [r7, #0]
20000ac0:	d259      	bcs.n	20000b76 <uvm2_draw_delta+0x15a>
20000ac2:	0224      	lsls	r4, r4, #8
20000ac4:	4b3e      	ldr	r3, [pc, #248]	@ (20000bc0 <uvm2_draw_delta+0x1a4>)
20000ac6:	b2a4      	uxth	r4, r4
20000ac8:	1c41      	adds	r1, r0, #1
20000aca:	f444 0401 	orr.w	r4, r4, #8454144	@ 0x810000
20000ace:	6011      	str	r1, [r2, #0]
20000ad0:	f843 4020 	str.w	r4, [r3, r0, lsl #2]
20000ad4:	4e3b      	ldr	r6, [pc, #236]	@ (20000bc4 <uvm2_draw_delta+0x1a8>)
20000ad6:	f5b1 5f00 	cmp.w	r1, #8192	@ 0x2000
20000ada:	7833      	ldrb	r3, [r6, #0]
20000adc:	d25c      	bcs.n	20000b98 <uvm2_draw_delta+0x17c>
20000ade:	483a      	ldr	r0, [pc, #232]	@ (20000bc8 <uvm2_draw_delta+0x1ac>)
20000ae0:	1c4f      	adds	r7, r1, #1
20000ae2:	7804      	ldrb	r4, [r0, #0]
20000ae4:	f003 007f 	and.w	r0, r3, #127	@ 0x7f
20000ae8:	f8df c0d4 	ldr.w	ip, [pc, #212]	@ 20000bc0 <uvm2_draw_delta+0x1a4>
20000aec:	0200      	lsls	r0, r0, #8
20000aee:	f440 1040 	orr.w	r0, r0, #3145728	@ 0x300000
20000af2:	f5b7 5f00 	cmp.w	r7, #8192	@ 0x2000
20000af6:	f84c 0021 	str.w	r0, [ip, r1, lsl #2]
20000afa:	6017      	str	r7, [r2, #0]
20000afc:	f044 0020 	orr.w	r0, r4, #32
20000b00:	f1a5 0e03 	sub.w	lr, r5, #3
20000b04:	d048      	beq.n	20000b98 <uvm2_draw_delta+0x17c>
20000b06:	0200      	lsls	r0, r0, #8
20000b08:	ea40 500e 	orr.w	r0, r0, lr, lsl #20
20000b0c:	f440 2040 	orr.w	r0, r0, #786432	@ 0xc0000
20000b10:	f84c 0027 	str.w	r0, [ip, r7, lsl #2]
20000b14:	1c88      	adds	r0, r1, #2
20000b16:	f043 0380 	orr.w	r3, r3, #128	@ 0x80
20000b1a:	f5b0 5f00 	cmp.w	r0, #8192	@ 0x2000
20000b1e:	7033      	strb	r3, [r6, #0]
20000b20:	6010      	str	r0, [r2, #0]
20000b22:	d010      	beq.n	20000b46 <uvm2_draw_delta+0x12a>
20000b24:	021b      	lsls	r3, r3, #8
20000b26:	f043 7380 	orr.w	r3, r3, #16777216	@ 0x1000000
20000b2a:	f84c 3020 	str.w	r3, [ip, r0, lsl #2]
20000b2e:	1ccb      	adds	r3, r1, #3
20000b30:	f5b3 5f00 	cmp.w	r3, #8192	@ 0x2000
20000b34:	6013      	str	r3, [r2, #0]
20000b36:	d006      	beq.n	20000b46 <uvm2_draw_delta+0x12a>
20000b38:	0224      	lsls	r4, r4, #8
20000b3a:	3104      	adds	r1, #4
20000b3c:	f444 2440 	orr.w	r4, r4, #786432	@ 0xc0000
20000b40:	6011      	str	r1, [r2, #0]
20000b42:	f84c 4023 	str.w	r4, [ip, r3, lsl #2]
20000b46:	4b21      	ldr	r3, [pc, #132]	@ (20000bcc <uvm2_draw_delta+0x1b0>)
20000b48:	6899      	ldr	r1, [r3, #8]
20000b4a:	695a      	ldr	r2, [r3, #20]
20000b4c:	3101      	adds	r1, #1
20000b4e:	442a      	add	r2, r5
20000b50:	6099      	str	r1, [r3, #8]
20000b52:	615a      	str	r2, [r3, #20]
20000b54:	b003      	add	sp, #12
20000b56:	bdf0      	pop	{r4, r5, r6, r7, pc}
20000b58:	020b      	lsls	r3, r1, #8
20000b5a:	b29b      	uxth	r3, r3
20000b5c:	4918      	ldr	r1, [pc, #96]	@ (20000bc0 <uvm2_draw_delta+0x1a4>)
20000b5e:	f443 3380 	orr.w	r3, r3, #65536	@ 0x10000
20000b62:	f841 3020 	str.w	r3, [r1, r0, lsl #2]
20000b66:	3001      	adds	r0, #1
20000b68:	6010      	str	r0, [r2, #0]
20000b6a:	e798      	b.n	20000a9e <uvm2_draw_delta+0x82>
20000b6c:	683a      	ldr	r2, [r7, #0]
20000b6e:	2a00      	cmp	r2, #0
20000b70:	d18c      	bne.n	20000a8c <uvm2_draw_delta+0x70>
20000b72:	4a12      	ldr	r2, [pc, #72]	@ (20000bbc <uvm2_draw_delta+0x1a0>)
20000b74:	e794      	b.n	20000aa0 <uvm2_draw_delta+0x84>
20000b76:	4a13      	ldr	r2, [pc, #76]	@ (20000bc4 <uvm2_draw_delta+0x1a8>)
20000b78:	7813      	ldrb	r3, [r2, #0]
20000b7a:	f063 037f 	orn	r3, r3, #127	@ 0x7f
20000b7e:	7013      	strb	r3, [r2, #0]
20000b80:	e7e1      	b.n	20000b46 <uvm2_draw_delta+0x12a>
20000b82:	4a0e      	ldr	r2, [pc, #56]	@ (20000bbc <uvm2_draw_delta+0x1a0>)
20000b84:	b2e1      	uxtb	r1, r4
20000b86:	4299      	cmp	r1, r3
20000b88:	4f0b      	ldr	r7, [pc, #44]	@ (20000bb8 <uvm2_draw_delta+0x19c>)
20000b8a:	6810      	ldr	r0, [r2, #0]
20000b8c:	d193      	bne.n	20000ab6 <uvm2_draw_delta+0x9a>
20000b8e:	683b      	ldr	r3, [r7, #0]
20000b90:	2b00      	cmp	r3, #0
20000b92:	d190      	bne.n	20000ab6 <uvm2_draw_delta+0x9a>
20000b94:	4601      	mov	r1, r0
20000b96:	e79d      	b.n	20000ad4 <uvm2_draw_delta+0xb8>
20000b98:	f063 037f 	orn	r3, r3, #127	@ 0x7f
20000b9c:	7033      	strb	r3, [r6, #0]
20000b9e:	e7d2      	b.n	20000b46 <uvm2_draw_delta+0x12a>
20000ba0:	200030f0 	.word	0x200030f0
20000ba4:	2000b390 	.word	0x2000b390
20000ba8:	2000b394 	.word	0x2000b394
20000bac:	2000b370 	.word	0x2000b370
20000bb0:	2000b3a8 	.word	0x2000b3a8
20000bb4:	2000b459 	.word	0x2000b459
20000bb8:	200030f8 	.word	0x200030f8
20000bbc:	2000b36c 	.word	0x2000b36c
20000bc0:	2000336c 	.word	0x2000336c
20000bc4:	200030f5 	.word	0x200030f5
20000bc8:	200030f4 	.word	0x200030f4
20000bcc:	2000b434 	.word	0x2000b434

20000bd0 <uvm2_draw_move_abs>:
20000bd0:	4a05      	ldr	r2, [pc, #20]	@ (20000be8 <uvm2_draw_move_abs+0x18>)
20000bd2:	4b06      	ldr	r3, [pc, #24]	@ (20000bec <uvm2_draw_move_abs+0x1c>)
20000bd4:	6812      	ldr	r2, [r2, #0]
20000bd6:	681b      	ldr	r3, [r3, #0]
20000bd8:	1a80      	subs	r0, r0, r2
20000bda:	1ac9      	subs	r1, r1, r3
20000bdc:	ea50 0301 	orrs.w	r3, r0, r1
20000be0:	d001      	beq.n	20000be6 <uvm2_draw_move_abs+0x16>
20000be2:	f7ff be61 	b.w	200008a8 <uvm2_draw_move>
20000be6:	4770      	bx	lr
20000be8:	2000b390 	.word	0x2000b390
20000bec:	2000b394 	.word	0x2000b394

20000bf0 <uvm2_frame_begin>:
20000bf0:	2300      	movs	r3, #0
20000bf2:	b510      	push	{r4, lr}
20000bf4:	4a20      	ldr	r2, [pc, #128]	@ (20000c78 <uvm2_frame_begin+0x88>)
20000bf6:	4c21      	ldr	r4, [pc, #132]	@ (20000c7c <uvm2_frame_begin+0x8c>)
20000bf8:	e9c2 3304 	strd	r3, r3, [r2, #16]
20000bfc:	6093      	str	r3, [r2, #8]
20000bfe:	6023      	str	r3, [r4, #0]
20000c00:	f7ff fcf0 	bl	200005e4 <via_setup>
20000c04:	4b1e      	ldr	r3, [pc, #120]	@ (20000c80 <uvm2_frame_begin+0x90>)
20000c06:	4a1f      	ldr	r2, [pc, #124]	@ (20000c84 <uvm2_frame_begin+0x94>)
20000c08:	681b      	ldr	r3, [r3, #0]
20000c0a:	6811      	ldr	r1, [r2, #0]
20000c0c:	428b      	cmp	r3, r1
20000c0e:	d012      	beq.n	20000c36 <uvm2_frame_begin+0x46>
20000c10:	491d      	ldr	r1, [pc, #116]	@ (20000c88 <uvm2_frame_begin+0x98>)
20000c12:	6013      	str	r3, [r2, #0]
20000c14:	780a      	ldrb	r2, [r1, #0]
20000c16:	b2d8      	uxtb	r0, r3
20000c18:	4282      	cmp	r2, r0
20000c1a:	f8df c078 	ldr.w	ip, [pc, #120]	@ 20000c94 <uvm2_frame_begin+0xa4>
20000c1e:	d026      	beq.n	20000c6e <uvm2_frame_begin+0x7e>
20000c20:	7008      	strb	r0, [r1, #0]
20000c22:	2100      	movs	r1, #0
20000c24:	6822      	ldr	r2, [r4, #0]
20000c26:	f8cc 1000 	str.w	r1, [ip]
20000c2a:	f5b2 5f00 	cmp.w	r2, #8192	@ 0x2000
20000c2e:	d314      	bcc.n	20000c5a <uvm2_frame_begin+0x6a>
20000c30:	2004      	movs	r0, #4
20000c32:	f7ff fc9f 	bl	20000574 <mux_sample.constprop.0>
20000c36:	4915      	ldr	r1, [pc, #84]	@ (20000c8c <uvm2_frame_begin+0x9c>)
20000c38:	6822      	ldr	r2, [r4, #0]
20000c3a:	780b      	ldrb	r3, [r1, #0]
20000c3c:	f5b2 5f00 	cmp.w	r2, #8192	@ 0x2000
20000c40:	f043 0302 	orr.w	r3, r3, #2
20000c44:	700b      	strb	r3, [r1, #0]
20000c46:	d207      	bcs.n	20000c58 <uvm2_frame_begin+0x68>
20000c48:	4911      	ldr	r1, [pc, #68]	@ (20000c90 <uvm2_frame_begin+0xa0>)
20000c4a:	021b      	lsls	r3, r3, #8
20000c4c:	1c50      	adds	r0, r2, #1
20000c4e:	f443 2340 	orr.w	r3, r3, #786432	@ 0xc0000
20000c52:	6020      	str	r0, [r4, #0]
20000c54:	f841 3022 	str.w	r3, [r1, r2, lsl #2]
20000c58:	bd10      	pop	{r4, pc}
20000c5a:	021b      	lsls	r3, r3, #8
20000c5c:	490c      	ldr	r1, [pc, #48]	@ (20000c90 <uvm2_frame_begin+0xa0>)
20000c5e:	b29b      	uxth	r3, r3
20000c60:	1c50      	adds	r0, r2, #1
20000c62:	f443 3380 	orr.w	r3, r3, #65536	@ 0x10000
20000c66:	6020      	str	r0, [r4, #0]
20000c68:	f841 3022 	str.w	r3, [r1, r2, lsl #2]
20000c6c:	e7e0      	b.n	20000c30 <uvm2_frame_begin+0x40>
20000c6e:	f8dc 2000 	ldr.w	r2, [ip]
20000c72:	2a00      	cmp	r2, #0
20000c74:	d1d4      	bne.n	20000c20 <uvm2_frame_begin+0x30>
20000c76:	e7db      	b.n	20000c30 <uvm2_frame_begin+0x40>
20000c78:	2000b434 	.word	0x2000b434
20000c7c:	2000b36c 	.word	0x2000b36c
20000c80:	2000b3b0 	.word	0x2000b3b0
20000c84:	2000b3ac 	.word	0x2000b3ac
20000c88:	2000b459 	.word	0x2000b459
20000c8c:	200030f4 	.word	0x200030f4
20000c90:	2000336c 	.word	0x2000336c
20000c94:	200030f8 	.word	0x200030f8

20000c98 <uvm2_frame_end>:
20000c98:	b538      	push	{r3, r4, r5, lr}
20000c9a:	4c2b      	ldr	r4, [pc, #172]	@ (20000d48 <uvm2_frame_end+0xb0>)
20000c9c:	4d2b      	ldr	r5, [pc, #172]	@ (20000d4c <uvm2_frame_end+0xb4>)
20000c9e:	6821      	ldr	r1, [r4, #0]
20000ca0:	782b      	ldrb	r3, [r5, #0]
20000ca2:	f5b1 5f00 	cmp.w	r1, #8192	@ 0x2000
20000ca6:	d324      	bcc.n	20000cf2 <uvm2_frame_end+0x5a>
20000ca8:	f023 0322 	bic.w	r3, r3, #34	@ 0x22
20000cac:	702b      	strb	r3, [r5, #0]
20000cae:	2500      	movs	r5, #0
20000cb0:	4a27      	ldr	r2, [pc, #156]	@ (20000d50 <uvm2_frame_end+0xb8>)
20000cb2:	4b28      	ldr	r3, [pc, #160]	@ (20000d54 <uvm2_frame_end+0xbc>)
20000cb4:	4828      	ldr	r0, [pc, #160]	@ (20000d58 <uvm2_frame_end+0xc0>)
20000cb6:	6015      	str	r5, [r2, #0]
20000cb8:	601d      	str	r5, [r3, #0]
20000cba:	f7ff fb8d 	bl	200003d8 <uvm2_exec>
20000cbe:	f247 5c2f 	movw	ip, #29999	@ 0x752f
20000cc2:	4b26      	ldr	r3, [pc, #152]	@ (20000d5c <uvm2_frame_end+0xc4>)
20000cc4:	4926      	ldr	r1, [pc, #152]	@ (20000d60 <uvm2_frame_end+0xc8>)
20000cc6:	689a      	ldr	r2, [r3, #8]
20000cc8:	4560      	cmp	r0, ip
20000cca:	619a      	str	r2, [r3, #24]
20000ccc:	680a      	ldr	r2, [r1, #0]
20000cce:	6058      	str	r0, [r3, #4]
20000cd0:	f102 0201 	add.w	r2, r2, #1
20000cd4:	600a      	str	r2, [r1, #0]
20000cd6:	691a      	ldr	r2, [r3, #16]
20000cd8:	61da      	str	r2, [r3, #28]
20000cda:	6822      	ldr	r2, [r4, #0]
20000cdc:	6025      	str	r5, [r4, #0]
20000cde:	601a      	str	r2, [r3, #0]
20000ce0:	695a      	ldr	r2, [r3, #20]
20000ce2:	621a      	str	r2, [r3, #32]
20000ce4:	d923      	bls.n	20000d2e <uvm2_frame_end+0x96>
20000ce6:	68da      	ldr	r2, [r3, #12]
20000ce8:	3201      	adds	r2, #1
20000cea:	60da      	str	r2, [r3, #12]
20000cec:	4b1d      	ldr	r3, [pc, #116]	@ (20000d64 <uvm2_frame_end+0xcc>)
20000cee:	6018      	str	r0, [r3, #0]
20000cf0:	bd38      	pop	{r3, r4, r5, pc}
20000cf2:	f003 02df 	and.w	r2, r3, #223	@ 0xdf
20000cf6:	f003 03dd 	and.w	r3, r3, #221	@ 0xdd
20000cfa:	0212      	lsls	r2, r2, #8
20000cfc:	702b      	strb	r3, [r5, #0]
20000cfe:	4d16      	ldr	r5, [pc, #88]	@ (20000d58 <uvm2_frame_end+0xc0>)
20000d00:	f442 2240 	orr.w	r2, r2, #786432	@ 0xc0000
20000d04:	1c48      	adds	r0, r1, #1
20000d06:	f845 2021 	str.w	r2, [r5, r1, lsl #2]
20000d0a:	4a17      	ldr	r2, [pc, #92]	@ (20000d68 <uvm2_frame_end+0xd0>)
20000d0c:	f5b0 5f00 	cmp.w	r0, #8192	@ 0x2000
20000d10:	6812      	ldr	r2, [r2, #0]
20000d12:	6020      	str	r0, [r4, #0]
20000d14:	d015      	beq.n	20000d42 <uvm2_frame_end+0xaa>
20000d16:	0892      	lsrs	r2, r2, #2
20000d18:	322d      	adds	r2, #45	@ 0x2d
20000d1a:	021b      	lsls	r3, r3, #8
20000d1c:	ea43 5302 	orr.w	r3, r3, r2, lsl #20
20000d20:	3102      	adds	r1, #2
20000d22:	f443 2340 	orr.w	r3, r3, #786432	@ 0xc0000
20000d26:	6021      	str	r1, [r4, #0]
20000d28:	f845 3020 	str.w	r3, [r5, r0, lsl #2]
20000d2c:	e7bf      	b.n	20000cae <uvm2_frame_end+0x16>
20000d2e:	f5c0 40ea 	rsb	r0, r0, #29952	@ 0x7500
20000d32:	3030      	adds	r0, #48	@ 0x30
20000d34:	f7ff fbaa 	bl	2000048c <uvm2_bus_delay>
20000d38:	f247 5030 	movw	r0, #30000	@ 0x7530
20000d3c:	4b09      	ldr	r3, [pc, #36]	@ (20000d64 <uvm2_frame_end+0xcc>)
20000d3e:	6018      	str	r0, [r3, #0]
20000d40:	bd38      	pop	{r3, r4, r5, pc}
20000d42:	4601      	mov	r1, r0
20000d44:	e7b3      	b.n	20000cae <uvm2_frame_end+0x16>
20000d46:	bf00      	nop
20000d48:	2000b36c 	.word	0x2000b36c
20000d4c:	200030f4 	.word	0x200030f4
20000d50:	2000b390 	.word	0x2000b390
20000d54:	2000b394 	.word	0x2000b394
20000d58:	2000336c 	.word	0x2000336c
20000d5c:	2000b434 	.word	0x2000b434
20000d60:	2000b378 	.word	0x2000b378
20000d64:	2000b374 	.word	0x2000b374
20000d68:	200030f0 	.word	0x200030f0

20000d6c <uvm2_frame_bus_cycles>:
20000d6c:	4b01      	ldr	r3, [pc, #4]	@ (20000d74 <uvm2_frame_bus_cycles+0x8>)
20000d6e:	6818      	ldr	r0, [r3, #0]
20000d70:	4770      	bx	lr
20000d72:	bf00      	nop
20000d74:	2000b374 	.word	0x2000b374

20000d78 <read_axis_analog>:
20000d78:	b570      	push	{r4, r5, r6, lr}
20000d7a:	0044      	lsls	r4, r0, #1
20000d7c:	f044 0181 	orr.w	r1, r4, #129	@ 0x81
20000d80:	2000      	movs	r0, #0
20000d82:	f7ff fb91 	bl	200004a8 <uvm2_via_write>
20000d86:	2100      	movs	r1, #0
20000d88:	2001      	movs	r0, #1
20000d8a:	f7ff fb8d 	bl	200004a8 <uvm2_via_write>
20000d8e:	f044 0180 	orr.w	r1, r4, #128	@ 0x80
20000d92:	2000      	movs	r0, #0
20000d94:	f7ff fb88 	bl	200004a8 <uvm2_via_write>
20000d98:	20a0      	movs	r0, #160	@ 0xa0
20000d9a:	f7ff fb77 	bl	2000048c <uvm2_bus_delay>
20000d9e:	f044 0181 	orr.w	r1, r4, #129	@ 0x81
20000da2:	2000      	movs	r0, #0
20000da4:	f7ff fb80 	bl	200004a8 <uvm2_via_write>
20000da8:	2608      	movs	r6, #8
20000daa:	2580      	movs	r5, #128	@ 0x80
20000dac:	2400      	movs	r4, #0
20000dae:	e009      	b.n	20000dc4 <read_axis_analog+0x4c>
20000db0:	086d      	lsrs	r5, r5, #1
20000db2:	3e01      	subs	r6, #1
20000db4:	ea44 0305 	orr.w	r3, r4, r5
20000db8:	d016      	beq.n	20000de8 <read_axis_analog+0x70>
20000dba:	b2dc      	uxtb	r4, r3
20000dbc:	4621      	mov	r1, r4
20000dbe:	2001      	movs	r0, #1
20000dc0:	f7ff fb72 	bl	200004a8 <uvm2_via_write>
20000dc4:	200a      	movs	r0, #10
20000dc6:	f7ff fb61 	bl	2000048c <uvm2_bus_delay>
20000dca:	2000      	movs	r0, #0
20000dcc:	f7ff fb98 	bl	20000500 <uvm2_via_read>
20000dd0:	0683      	lsls	r3, r0, #26
20000dd2:	d4ed      	bmi.n	20000db0 <read_axis_analog+0x38>
20000dd4:	406c      	eors	r4, r5
20000dd6:	4621      	mov	r1, r4
20000dd8:	2001      	movs	r0, #1
20000dda:	f7ff fb65 	bl	200004a8 <uvm2_via_write>
20000dde:	086d      	lsrs	r5, r5, #1
20000de0:	3e01      	subs	r6, #1
20000de2:	ea44 0305 	orr.w	r3, r4, r5
20000de6:	d1e8      	bne.n	20000dba <read_axis_analog+0x42>
20000de8:	4630      	mov	r0, r6
20000dea:	2181      	movs	r1, #129	@ 0x81
20000dec:	f7ff fb5c 	bl	200004a8 <uvm2_via_write>
20000df0:	b260      	sxtb	r0, r4
20000df2:	bd70      	pop	{r4, r5, r6, pc}

20000df4 <read_axis_digital>:
20000df4:	b538      	push	{r3, r4, r5, lr}
20000df6:	0044      	lsls	r4, r0, #1
20000df8:	f044 0181 	orr.w	r1, r4, #129	@ 0x81
20000dfc:	2000      	movs	r0, #0
20000dfe:	f7ff fb53 	bl	200004a8 <uvm2_via_write>
20000e02:	2100      	movs	r1, #0
20000e04:	2001      	movs	r0, #1
20000e06:	f7ff fb4f 	bl	200004a8 <uvm2_via_write>
20000e0a:	f044 0180 	orr.w	r1, r4, #128	@ 0x80
20000e0e:	2000      	movs	r0, #0
20000e10:	f7ff fb4a 	bl	200004a8 <uvm2_via_write>
20000e14:	20a0      	movs	r0, #160	@ 0xa0
20000e16:	f7ff fb39 	bl	2000048c <uvm2_bus_delay>
20000e1a:	f044 0181 	orr.w	r1, r4, #129	@ 0x81
20000e1e:	2000      	movs	r0, #0
20000e20:	f7ff fb42 	bl	200004a8 <uvm2_via_write>
20000e24:	2000      	movs	r0, #0
20000e26:	f7ff fb6b 	bl	20000500 <uvm2_via_read>
20000e2a:	f010 0420 	ands.w	r4, r0, #32
20000e2e:	d016      	beq.n	20000e5e <read_axis_digital+0x6a>
20000e30:	2140      	movs	r1, #64	@ 0x40
20000e32:	2501      	movs	r5, #1
20000e34:	2420      	movs	r4, #32
20000e36:	2001      	movs	r0, #1
20000e38:	f7ff fb36 	bl	200004a8 <uvm2_via_write>
20000e3c:	200a      	movs	r0, #10
20000e3e:	f7ff fb25 	bl	2000048c <uvm2_bus_delay>
20000e42:	2000      	movs	r0, #0
20000e44:	f7ff fb5c 	bl	20000500 <uvm2_via_read>
20000e48:	f000 0320 	and.w	r3, r0, #32
20000e4c:	2000      	movs	r0, #0
20000e4e:	429c      	cmp	r4, r3
20000e50:	bf18      	it	ne
20000e52:	4605      	movne	r5, r0
20000e54:	2181      	movs	r1, #129	@ 0x81
20000e56:	f7ff fb27 	bl	200004a8 <uvm2_via_write>
20000e5a:	4628      	mov	r0, r5
20000e5c:	bd38      	pop	{r3, r4, r5, pc}
20000e5e:	21c0      	movs	r1, #192	@ 0xc0
20000e60:	f04f 35ff 	mov.w	r5, #4294967295	@ 0xffffffff
20000e64:	e7e7      	b.n	20000e36 <read_axis_digital+0x42>
20000e66:	bf00      	nop

20000e68 <uvm2_input_set_analog>:
20000e68:	4b01      	ldr	r3, [pc, #4]	@ (20000e70 <uvm2_input_set_analog+0x8>)
20000e6a:	6018      	str	r0, [r3, #0]
20000e6c:	4770      	bx	lr
20000e6e:	bf00      	nop
20000e70:	20003360 	.word	0x20003360

20000e74 <uvm2_read_buttons>:
20000e74:	b510      	push	{r4, lr}
20000e76:	210e      	movs	r1, #14
20000e78:	2001      	movs	r0, #1
20000e7a:	f7ff fb15 	bl	200004a8 <uvm2_via_write>
20000e7e:	2199      	movs	r1, #153	@ 0x99
20000e80:	2000      	movs	r0, #0
20000e82:	f7ff fb11 	bl	200004a8 <uvm2_via_write>
20000e86:	2181      	movs	r1, #129	@ 0x81
20000e88:	2000      	movs	r0, #0
20000e8a:	f7ff fb0d 	bl	200004a8 <uvm2_via_write>
20000e8e:	2100      	movs	r1, #0
20000e90:	2003      	movs	r0, #3
20000e92:	f7ff fb09 	bl	200004a8 <uvm2_via_write>
20000e96:	2189      	movs	r1, #137	@ 0x89
20000e98:	2000      	movs	r0, #0
20000e9a:	f7ff fb05 	bl	200004a8 <uvm2_via_write>
20000e9e:	2001      	movs	r0, #1
20000ea0:	f7ff fb2e 	bl	20000500 <uvm2_via_read>
20000ea4:	4604      	mov	r4, r0
20000ea6:	2181      	movs	r1, #129	@ 0x81
20000ea8:	2000      	movs	r0, #0
20000eaa:	f7ff fafd 	bl	200004a8 <uvm2_via_write>
20000eae:	21ff      	movs	r1, #255	@ 0xff
20000eb0:	2003      	movs	r0, #3
20000eb2:	f7ff faf9 	bl	200004a8 <uvm2_via_write>
20000eb6:	2181      	movs	r1, #129	@ 0x81
20000eb8:	2000      	movs	r0, #0
20000eba:	f7ff faf5 	bl	200004a8 <uvm2_via_write>
20000ebe:	4620      	mov	r0, r4
20000ec0:	bd10      	pop	{r4, pc}
20000ec2:	bf00      	nop

20000ec4 <uvm2_read_axes>:
20000ec4:	b538      	push	{r3, r4, r5, lr}
20000ec6:	4b0f      	ldr	r3, [pc, #60]	@ (20000f04 <uvm2_read_axes+0x40>)
20000ec8:	6818      	ldr	r0, [r3, #0]
20000eca:	b188      	cbz	r0, 20000ef0 <uvm2_read_axes+0x2c>
20000ecc:	2000      	movs	r0, #0
20000ece:	f7ff ff53 	bl	20000d78 <read_axis_analog>
20000ed2:	4605      	mov	r5, r0
20000ed4:	2001      	movs	r0, #1
20000ed6:	f7ff ff4f 	bl	20000d78 <read_axis_analog>
20000eda:	4604      	mov	r4, r0
20000edc:	0424      	lsls	r4, r4, #16
20000ede:	2181      	movs	r1, #129	@ 0x81
20000ee0:	2000      	movs	r0, #0
20000ee2:	f404 047f 	and.w	r4, r4, #16711680	@ 0xff0000
20000ee6:	f7ff fadf 	bl	200004a8 <uvm2_via_write>
20000eea:	ea44 6005 	orr.w	r0, r4, r5, lsl #24
20000eee:	bd38      	pop	{r3, r4, r5, pc}
20000ef0:	f7ff ff80 	bl	20000df4 <read_axis_digital>
20000ef4:	ebc0 15c0 	rsb	r5, r0, r0, lsl #7
20000ef8:	2001      	movs	r0, #1
20000efa:	f7ff ff7b 	bl	20000df4 <read_axis_digital>
20000efe:	ebc0 14c0 	rsb	r4, r0, r0, lsl #7
20000f02:	e7eb      	b.n	20000edc <uvm2_read_axes+0x18>
20000f04:	20003360 	.word	0x20003360

20000f08 <uvm2_psg_write>:
20000f08:	b510      	push	{r4, lr}
20000f0a:	460c      	mov	r4, r1
20000f0c:	f000 010f 	and.w	r1, r0, #15
20000f10:	2001      	movs	r0, #1
20000f12:	f7ff fac9 	bl	200004a8 <uvm2_via_write>
20000f16:	2199      	movs	r1, #153	@ 0x99
20000f18:	2000      	movs	r0, #0
20000f1a:	f7ff fac5 	bl	200004a8 <uvm2_via_write>
20000f1e:	2181      	movs	r1, #129	@ 0x81
20000f20:	2000      	movs	r0, #0
20000f22:	f7ff fac1 	bl	200004a8 <uvm2_via_write>
20000f26:	b2e1      	uxtb	r1, r4
20000f28:	2001      	movs	r0, #1
20000f2a:	f7ff fabd 	bl	200004a8 <uvm2_via_write>
20000f2e:	2191      	movs	r1, #145	@ 0x91
20000f30:	2000      	movs	r0, #0
20000f32:	f7ff fab9 	bl	200004a8 <uvm2_via_write>
20000f36:	2181      	movs	r1, #129	@ 0x81
20000f38:	2000      	movs	r0, #0
20000f3a:	f7ff fab5 	bl	200004a8 <uvm2_via_write>
20000f3e:	e8bd 4010 	ldmia.w	sp!, {r4, lr}
20000f42:	2181      	movs	r1, #129	@ 0x81
20000f44:	2000      	movs	r0, #0
20000f46:	f7ff baaf 	b.w	200004a8 <uvm2_via_write>
20000f4a:	bf00      	nop

20000f4c <uvm2_psg_read>:
20000f4c:	b510      	push	{r4, lr}
20000f4e:	f000 010f 	and.w	r1, r0, #15
20000f52:	2001      	movs	r0, #1
20000f54:	f7ff faa8 	bl	200004a8 <uvm2_via_write>
20000f58:	2199      	movs	r1, #153	@ 0x99
20000f5a:	2000      	movs	r0, #0
20000f5c:	f7ff faa4 	bl	200004a8 <uvm2_via_write>
20000f60:	2181      	movs	r1, #129	@ 0x81
20000f62:	2000      	movs	r0, #0
20000f64:	f7ff faa0 	bl	200004a8 <uvm2_via_write>
20000f68:	2100      	movs	r1, #0
20000f6a:	2003      	movs	r0, #3
20000f6c:	f7ff fa9c 	bl	200004a8 <uvm2_via_write>
20000f70:	2189      	movs	r1, #137	@ 0x89
20000f72:	2000      	movs	r0, #0
20000f74:	f7ff fa98 	bl	200004a8 <uvm2_via_write>
20000f78:	2001      	movs	r0, #1
20000f7a:	f7ff fac1 	bl	20000500 <uvm2_via_read>
20000f7e:	4604      	mov	r4, r0
20000f80:	2181      	movs	r1, #129	@ 0x81
20000f82:	2000      	movs	r0, #0
20000f84:	f7ff fa90 	bl	200004a8 <uvm2_via_write>
20000f88:	21ff      	movs	r1, #255	@ 0xff
20000f8a:	2003      	movs	r0, #3
20000f8c:	f7ff fa8c 	bl	200004a8 <uvm2_via_write>
20000f90:	2181      	movs	r1, #129	@ 0x81
20000f92:	2000      	movs	r0, #0
20000f94:	f7ff fa88 	bl	200004a8 <uvm2_via_write>
20000f98:	4620      	mov	r0, r4
20000f9a:	bd10      	pop	{r4, pc}

20000f9c <uvm2_clock_calibrate>:
20000f9c:	2300      	movs	r3, #0
20000f9e:	f04f 4150 	mov.w	r1, #3489660928	@ 0xd0000000
20000fa2:	4821      	ldr	r0, [pc, #132]	@ (20001028 <uvm2_clock_calibrate+0x8c>)
20000fa4:	e002      	b.n	20000fac <uvm2_clock_calibrate+0x10>
20000fa6:	3301      	adds	r3, #1
20000fa8:	4283      	cmp	r3, r0
20000faa:	d039      	beq.n	20001020 <uvm2_clock_calibrate+0x84>
20000fac:	684a      	ldr	r2, [r1, #4]
20000fae:	2a00      	cmp	r2, #0
20000fb0:	dbf9      	blt.n	20000fa6 <uvm2_clock_calibrate+0xa>
20000fb2:	f04f 4150 	mov.w	r1, #3489660928	@ 0xd0000000
20000fb6:	481c      	ldr	r0, [pc, #112]	@ (20001028 <uvm2_clock_calibrate+0x8c>)
20000fb8:	e002      	b.n	20000fc0 <uvm2_clock_calibrate+0x24>
20000fba:	3301      	adds	r3, #1
20000fbc:	4283      	cmp	r3, r0
20000fbe:	d02f      	beq.n	20001020 <uvm2_clock_calibrate+0x84>
20000fc0:	684a      	ldr	r2, [r1, #4]
20000fc2:	2a00      	cmp	r2, #0
20000fc4:	daf9      	bge.n	20000fba <uvm2_clock_calibrate+0x1e>
20000fc6:	4a19      	ldr	r2, [pc, #100]	@ (2000102c <uvm2_clock_calibrate+0x90>)
20000fc8:	b530      	push	{r4, r5, lr}
20000fca:	6852      	ldr	r2, [r2, #4]
20000fcc:	2480      	movs	r4, #128	@ 0x80
20000fce:	f04f 4150 	mov.w	r1, #3489660928	@ 0xd0000000
20000fd2:	4615      	mov	r5, r2
20000fd4:	4816      	ldr	r0, [pc, #88]	@ (20001030 <uvm2_clock_calibrate+0x94>)
20000fd6:	e002      	b.n	20000fde <uvm2_clock_calibrate+0x42>
20000fd8:	3301      	adds	r3, #1
20000fda:	4283      	cmp	r3, r0
20000fdc:	d822      	bhi.n	20001024 <uvm2_clock_calibrate+0x88>
20000fde:	684a      	ldr	r2, [r1, #4]
20000fe0:	2a00      	cmp	r2, #0
20000fe2:	dbf9      	blt.n	20000fd8 <uvm2_clock_calibrate+0x3c>
20000fe4:	f04f 4c50 	mov.w	ip, #3489660928	@ 0xd0000000
20000fe8:	f8df e044 	ldr.w	lr, [pc, #68]	@ 20001030 <uvm2_clock_calibrate+0x94>
20000fec:	e002      	b.n	20000ff4 <uvm2_clock_calibrate+0x58>
20000fee:	3301      	adds	r3, #1
20000ff0:	4573      	cmp	r3, lr
20000ff2:	d817      	bhi.n	20001024 <uvm2_clock_calibrate+0x88>
20000ff4:	f8dc 2004 	ldr.w	r2, [ip, #4]
20000ff8:	2a00      	cmp	r2, #0
20000ffa:	daf8      	bge.n	20000fee <uvm2_clock_calibrate+0x52>
20000ffc:	1e62      	subs	r2, r4, #1
20000ffe:	4614      	mov	r4, r2
20001000:	d1ed      	bne.n	20000fde <uvm2_clock_calibrate+0x42>
20001002:	4b0a      	ldr	r3, [pc, #40]	@ (2000102c <uvm2_clock_calibrate+0x90>)
20001004:	4a0b      	ldr	r2, [pc, #44]	@ (20001034 <uvm2_clock_calibrate+0x98>)
20001006:	685b      	ldr	r3, [r3, #4]
20001008:	1b5b      	subs	r3, r3, r5
2000100a:	eb03 0343 	add.w	r3, r3, r3, lsl #1
2000100e:	0a18      	lsrs	r0, r3, #8
20001010:	f5b3 6f20 	cmp.w	r3, #2560	@ 0xa00
20001014:	bf36      	itet	cc
20001016:	2396      	movcc	r3, #150	@ 0x96
20001018:	4603      	movcs	r3, r0
2000101a:	4618      	movcc	r0, r3
2000101c:	6013      	str	r3, [r2, #0]
2000101e:	bd30      	pop	{r4, r5, pc}
20001020:	2000      	movs	r0, #0
20001022:	4770      	bx	lr
20001024:	2000      	movs	r0, #0
20001026:	bd30      	pop	{r4, r5, pc}
20001028:	0bebc201 	.word	0x0bebc201
2000102c:	e0001000 	.word	0xe0001000
20001030:	0bebc200 	.word	0x0bebc200
20001034:	200030fc 	.word	0x200030fc

20001038 <uvm2_led_init>:
20001038:	b5f0      	push	{r4, r5, r6, r7, lr}
2000103a:	f04f 25e0 	mov.w	r5, #3758153728	@ 0xe000e000
2000103e:	2601      	movs	r6, #1
20001040:	f8d5 3dfc 	ldr.w	r3, [r5, #3580]	@ 0xdfc
20001044:	f8df e044 	ldr.w	lr, [pc, #68]	@ 2000108c <uvm2_led_init+0x54>
20001048:	f043 7380 	orr.w	r3, r3, #16777216	@ 0x1000000
2000104c:	f8c5 3dfc 	str.w	r3, [r5, #3580]	@ 0xdfc
20001050:	f8de 3000 	ldr.w	r3, [lr]
20001054:	f04f 4250 	mov.w	r2, #3489660928	@ 0xd0000000
20001058:	4333      	orrs	r3, r6
2000105a:	f8ce 3000 	str.w	r3, [lr]
2000105e:	f04f 4c80 	mov.w	ip, #1073741824	@ 0x40000000
20001062:	2705      	movs	r7, #5
20001064:	2362      	movs	r3, #98	@ 0x62
20001066:	4c06      	ldr	r4, [pc, #24]	@ (20001080 <uvm2_led_init+0x48>)
20001068:	4806      	ldr	r0, [pc, #24]	@ (20001084 <uvm2_led_init+0x4c>)
2000106a:	4907      	ldr	r1, [pc, #28]	@ (20001088 <uvm2_led_init+0x50>)
2000106c:	67e3      	str	r3, [r4, #124]	@ 0x7c
2000106e:	f8c0 70f4 	str.w	r7, [r0, #244]	@ 0xf4
20001072:	f8c2 c020 	str.w	ip, [r2, #32]
20001076:	f8c2 c038 	str.w	ip, [r2, #56]	@ 0x38
2000107a:	600e      	str	r6, [r1, #0]
2000107c:	bdf0      	pop	{r4, r5, r6, r7, pc}
2000107e:	bf00      	nop
20001080:	40038000 	.word	0x40038000
20001084:	40028000 	.word	0x40028000
20001088:	2000b398 	.word	0x2000b398
2000108c:	e0001000 	.word	0xe0001000

20001090 <uvm2_led_rgb>:
20001090:	4b24      	ldr	r3, [pc, #144]	@ (20001124 <uvm2_led_rgb+0x94>)
20001092:	681b      	ldr	r3, [r3, #0]
20001094:	2b00      	cmp	r3, #0
20001096:	d044      	beq.n	20001122 <uvm2_led_rgb+0x92>
20001098:	e92d 43f0 	stmdb	sp!, {r4, r5, r6, r7, r8, r9, lr}
2000109c:	f04f 0c17 	mov.w	ip, #23
200010a0:	f04f 4e50 	mov.w	lr, #3489660928	@ 0xd0000000
200010a4:	f04f 4480 	mov.w	r4, #1073741824	@ 0x40000000
200010a8:	4b1f      	ldr	r3, [pc, #124]	@ (20001128 <uvm2_led_rgb+0x98>)
200010aa:	ea42 2200 	orr.w	r2, r2, r0, lsl #8
200010ae:	f8d3 8000 	ldr.w	r8, [r3]
200010b2:	ea42 4601 	orr.w	r6, r2, r1, lsl #16
200010b6:	eb08 0388 	add.w	r3, r8, r8, lsl #2
200010ba:	4a1c      	ldr	r2, [pc, #112]	@ (2000112c <uvm2_led_rgb+0x9c>)
200010bc:	ebc8 1048 	rsb	r0, r8, r8, lsl #5
200010c0:	00df      	lsls	r7, r3, #3
200010c2:	011d      	lsls	r5, r3, #4
200010c4:	eb08 0080 	add.w	r0, r8, r0, lsl #2
200010c8:	fba2 3707 	umull	r3, r7, r2, r7
200010cc:	fba2 3505 	umull	r3, r5, r2, r5
200010d0:	fba2 2000 	umull	r2, r0, r2, r0
200010d4:	4a16      	ldr	r2, [pc, #88]	@ (20001130 <uvm2_led_rgb+0xa0>)
200010d6:	097f      	lsrs	r7, r7, #5
200010d8:	096d      	lsrs	r5, r5, #5
200010da:	0940      	lsrs	r0, r0, #5
200010dc:	fa26 f30c 	lsr.w	r3, r6, ip
200010e0:	f013 0f01 	tst.w	r3, #1
200010e4:	bf0c      	ite	eq
200010e6:	46b9      	moveq	r9, r7
200010e8:	46a9      	movne	r9, r5
200010ea:	6851      	ldr	r1, [r2, #4]
200010ec:	f8ce 4018 	str.w	r4, [lr, #24]
200010f0:	6853      	ldr	r3, [r2, #4]
200010f2:	1a5b      	subs	r3, r3, r1
200010f4:	4599      	cmp	r9, r3
200010f6:	d8fb      	bhi.n	200010f0 <uvm2_led_rgb+0x60>
200010f8:	f8ce 4020 	str.w	r4, [lr, #32]
200010fc:	6853      	ldr	r3, [r2, #4]
200010fe:	1a5b      	subs	r3, r3, r1
20001100:	4298      	cmp	r0, r3
20001102:	d8fb      	bhi.n	200010fc <uvm2_led_rgb+0x6c>
20001104:	f1bc 0c01 	subs.w	ip, ip, #1
20001108:	d2e8      	bcs.n	200010dc <uvm2_led_rgb+0x4c>
2000110a:	f44f 7396 	mov.w	r3, #300	@ 0x12c
2000110e:	fb03 f808 	mul.w	r8, r3, r8
20001112:	6851      	ldr	r1, [r2, #4]
20001114:	4a06      	ldr	r2, [pc, #24]	@ (20001130 <uvm2_led_rgb+0xa0>)
20001116:	6853      	ldr	r3, [r2, #4]
20001118:	1a5b      	subs	r3, r3, r1
2000111a:	4598      	cmp	r8, r3
2000111c:	d8fb      	bhi.n	20001116 <uvm2_led_rgb+0x86>
2000111e:	e8bd 83f0 	ldmia.w	sp!, {r4, r5, r6, r7, r8, r9, pc}
20001122:	4770      	bx	lr
20001124:	2000b398 	.word	0x2000b398
20001128:	200030fc 	.word	0x200030fc
2000112c:	51eb851f 	.word	0x51eb851f
20001130:	e0001000 	.word	0xe0001000

20001134 <uvm2_led_status>:
20001134:	3801      	subs	r0, #1
20001136:	2804      	cmp	r0, #4
20001138:	d81d      	bhi.n	20001176 <uvm2_led_status+0x42>
2000113a:	e8df f000 	tbb	[pc, r0]
2000113e:	0d08      	.short	0x0d08
20001140:	1712      	.short	0x1712
20001142:	03          	.byte	0x03
20001143:	00          	.byte	0x00
20001144:	2200      	movs	r2, #0
20001146:	2108      	movs	r1, #8
20001148:	2018      	movs	r0, #24
2000114a:	f7ff bfa1 	b.w	20001090 <uvm2_led_rgb>
2000114e:	2100      	movs	r1, #0
20001150:	2218      	movs	r2, #24
20001152:	4608      	mov	r0, r1
20001154:	f7ff bf9c 	b.w	20001090 <uvm2_led_rgb>
20001158:	2200      	movs	r2, #0
2000115a:	2020      	movs	r0, #32
2000115c:	4611      	mov	r1, r2
2000115e:	f7ff bf97 	b.w	20001090 <uvm2_led_rgb>
20001162:	2200      	movs	r2, #0
20001164:	2110      	movs	r1, #16
20001166:	2018      	movs	r0, #24
20001168:	f7ff bf92 	b.w	20001090 <uvm2_led_rgb>
2000116c:	2200      	movs	r2, #0
2000116e:	2110      	movs	r1, #16
20001170:	4610      	mov	r0, r2
20001172:	f7ff bf8d 	b.w	20001090 <uvm2_led_rgb>
20001176:	2200      	movs	r2, #0
20001178:	4611      	mov	r1, r2
2000117a:	4610      	mov	r0, r2
2000117c:	f7ff bf88 	b.w	20001090 <uvm2_led_rgb>

20001180 <uvm2_print_text>:
20001180:	e92d 4ff0 	stmdb	sp!, {r4, r5, r6, r7, r8, r9, sl, fp, lr}
20001184:	469a      	mov	sl, r3
20001186:	4689      	mov	r9, r1
20001188:	eb03 0343 	add.w	r3, r3, r3, lsl #1
2000118c:	b085      	sub	sp, #20
2000118e:	f343 031e 	sbfx	r3, r3, #0, #31
20001192:	f1ba 0f00 	cmp.w	sl, #0
20001196:	4607      	mov	r7, r0
20001198:	990e      	ldr	r1, [sp, #56]	@ 0x38
2000119a:	eba9 0903 	sub.w	r9, r9, r3
2000119e:	dd65      	ble.n	2000126c <uvm2_print_text+0xec>
200011a0:	ebca 03ca 	rsb	r3, sl, sl, lsl #3
200011a4:	9303      	str	r3, [sp, #12]
200011a6:	2900      	cmp	r1, #0
200011a8:	bfd8      	it	le
200011aa:	2164      	movle	r1, #100	@ 0x64
200011ac:	1e53      	subs	r3, r2, #1
200011ae:	910e      	str	r1, [sp, #56]	@ 0x38
200011b0:	4619      	mov	r1, r3
200011b2:	32ff      	adds	r2, #255	@ 0xff
200011b4:	9202      	str	r2, [sp, #8]
200011b6:	f811 3f01 	ldrb.w	r3, [r1, #1]!
200011ba:	065a      	lsls	r2, r3, #25
200011bc:	d048      	beq.n	20001250 <uvm2_print_text+0xd0>
200011be:	f1a3 0261 	sub.w	r2, r3, #97	@ 0x61
200011c2:	2a19      	cmp	r2, #25
200011c4:	d847      	bhi.n	20001256 <uvm2_print_text+0xd6>
200011c6:	3b20      	subs	r3, #32
200011c8:	4a2b      	ldr	r2, [pc, #172]	@ (20001278 <uvm2_print_text+0xf8>)
200011ca:	3b20      	subs	r3, #32
200011cc:	5cd6      	ldrb	r6, [r2, r3]
200011ce:	b3ce      	cbz	r6, 20001244 <uvm2_print_text+0xc4>
200011d0:	4a2a      	ldr	r2, [pc, #168]	@ (2000127c <uvm2_print_text+0xfc>)
200011d2:	9101      	str	r1, [sp, #4]
200011d4:	f832 2013 	ldrh.w	r2, [r2, r3, lsl #1]
200011d8:	4b29      	ldr	r3, [pc, #164]	@ (20001280 <uvm2_print_text+0x100>)
200011da:	46d3      	mov	fp, sl
200011dc:	eb02 0803 	add.w	r8, r2, r3
200011e0:	f7ff fab0 	bl	20000744 <uvm2_draw_reset>
200011e4:	980e      	ldr	r0, [sp, #56]	@ 0x38
200011e6:	f7ff fafb 	bl	200007e0 <uvm2_draw_intensity>
200011ea:	2500      	movs	r5, #0
200011ec:	2400      	movs	r4, #0
200011ee:	f04f 0a00 	mov.w	sl, #0
200011f2:	e007      	b.n	20001204 <uvm2_print_text+0x84>
200011f4:	f10a 0a03 	add.w	sl, sl, #3
200011f8:	f7ff fc10 	bl	20000a1c <uvm2_draw_delta>
200011fc:	45b2      	cmp	sl, r6
200011fe:	f108 0803 	add.w	r8, r8, #3
20001202:	da1d      	bge.n	20001240 <uvm2_print_text+0xc0>
20001204:	4620      	mov	r0, r4
20001206:	4629      	mov	r1, r5
20001208:	f898 4001 	ldrb.w	r4, [r8, #1]
2000120c:	f898 5002 	ldrb.w	r5, [r8, #2]
20001210:	fb0b f404 	mul.w	r4, fp, r4
20001214:	fb0b f505 	mul.w	r5, fp, r5
20001218:	f898 2000 	ldrb.w	r2, [r8]
2000121c:	eb07 0464 	add.w	r4, r7, r4, asr #1
20001220:	eb09 0565 	add.w	r5, r9, r5, asr #1
20001224:	2a01      	cmp	r2, #1
20001226:	eba4 0000 	sub.w	r0, r4, r0
2000122a:	eba5 0101 	sub.w	r1, r5, r1
2000122e:	d1e1      	bne.n	200011f4 <uvm2_print_text+0x74>
20001230:	f10a 0a03 	add.w	sl, sl, #3
20001234:	f7ff fb38 	bl	200008a8 <uvm2_draw_move>
20001238:	45b2      	cmp	sl, r6
2000123a:	f108 0803 	add.w	r8, r8, #3
2000123e:	dbe1      	blt.n	20001204 <uvm2_print_text+0x84>
20001240:	46da      	mov	sl, fp
20001242:	9901      	ldr	r1, [sp, #4]
20001244:	9b03      	ldr	r3, [sp, #12]
20001246:	eb07 0763 	add.w	r7, r7, r3, asr #1
2000124a:	9b02      	ldr	r3, [sp, #8]
2000124c:	428b      	cmp	r3, r1
2000124e:	d1b2      	bne.n	200011b6 <uvm2_print_text+0x36>
20001250:	b005      	add	sp, #20
20001252:	e8bd 8ff0 	ldmia.w	sp!, {r4, r5, r6, r7, r8, r9, sl, fp, pc}
20001256:	f1a3 0220 	sub.w	r2, r3, #32
2000125a:	2a3a      	cmp	r2, #58	@ 0x3a
2000125c:	d9b4      	bls.n	200011c8 <uvm2_print_text+0x48>
2000125e:	9b03      	ldr	r3, [sp, #12]
20001260:	eb07 0763 	add.w	r7, r7, r3, asr #1
20001264:	9b02      	ldr	r3, [sp, #8]
20001266:	428b      	cmp	r3, r1
20001268:	d1a5      	bne.n	200011b6 <uvm2_print_text+0x36>
2000126a:	e7f1      	b.n	20001250 <uvm2_print_text+0xd0>
2000126c:	2315      	movs	r3, #21
2000126e:	f04f 0a03 	mov.w	sl, #3
20001272:	9303      	str	r3, [sp, #12]
20001274:	e797      	b.n	200011a6 <uvm2_print_text+0x26>
20001276:	bf00      	nop
20001278:	20002cc4 	.word	0x20002cc4
2000127c:	20002d00 	.word	0x20002d00
20001280:	20002d78 	.word	0x20002d78

20001284 <uvm2_play_music>:
20001284:	b170      	cbz	r0, 200012a4 <uvm2_play_music+0x20>
20001286:	4b0a      	ldr	r3, [pc, #40]	@ (200012b0 <uvm2_play_music+0x2c>)
20001288:	681a      	ldr	r2, [r3, #0]
2000128a:	b962      	cbnz	r2, 200012a6 <uvm2_play_music+0x22>
2000128c:	4a09      	ldr	r2, [pc, #36]	@ (200012b4 <uvm2_play_music+0x30>)
2000128e:	f04f 0c01 	mov.w	ip, #1
20001292:	2100      	movs	r1, #0
20001294:	6010      	str	r0, [r2, #0]
20001296:	f8c3 c000 	str.w	ip, [r3]
2000129a:	4a07      	ldr	r2, [pc, #28]	@ (200012b8 <uvm2_play_music+0x34>)
2000129c:	4b07      	ldr	r3, [pc, #28]	@ (200012bc <uvm2_play_music+0x38>)
2000129e:	3008      	adds	r0, #8
200012a0:	6010      	str	r0, [r2, #0]
200012a2:	6019      	str	r1, [r3, #0]
200012a4:	4770      	bx	lr
200012a6:	4a03      	ldr	r2, [pc, #12]	@ (200012b4 <uvm2_play_music+0x30>)
200012a8:	6811      	ldr	r1, [r2, #0]
200012aa:	4281      	cmp	r1, r0
200012ac:	d1ef      	bne.n	2000128e <uvm2_play_music+0xa>
200012ae:	e7f9      	b.n	200012a4 <uvm2_play_music+0x20>
200012b0:	2000b384 	.word	0x2000b384
200012b4:	2000b37c 	.word	0x2000b37c
200012b8:	2000b38c 	.word	0x2000b38c
200012bc:	2000b380 	.word	0x2000b380

200012c0 <uvm2_stop_music>:
200012c0:	b510      	push	{r4, lr}
200012c2:	2400      	movs	r4, #0
200012c4:	4b0b      	ldr	r3, [pc, #44]	@ (200012f4 <uvm2_stop_music+0x34>)
200012c6:	4a0c      	ldr	r2, [pc, #48]	@ (200012f8 <uvm2_stop_music+0x38>)
200012c8:	4621      	mov	r1, r4
200012ca:	2008      	movs	r0, #8
200012cc:	601c      	str	r4, [r3, #0]
200012ce:	6014      	str	r4, [r2, #0]
200012d0:	f7ff fe1a 	bl	20000f08 <uvm2_psg_write>
200012d4:	4621      	mov	r1, r4
200012d6:	2009      	movs	r0, #9
200012d8:	f7ff fe16 	bl	20000f08 <uvm2_psg_write>
200012dc:	4621      	mov	r1, r4
200012de:	200a      	movs	r0, #10
200012e0:	f7ff fe12 	bl	20000f08 <uvm2_psg_write>
200012e4:	213f      	movs	r1, #63	@ 0x3f
200012e6:	4b05      	ldr	r3, [pc, #20]	@ (200012fc <uvm2_stop_music+0x3c>)
200012e8:	2007      	movs	r0, #7
200012ea:	7019      	strb	r1, [r3, #0]
200012ec:	e8bd 4010 	ldmia.w	sp!, {r4, lr}
200012f0:	f7ff be0a 	b.w	20000f08 <uvm2_psg_write>
200012f4:	2000b38c 	.word	0x2000b38c
200012f8:	2000b384 	.word	0x2000b384
200012fc:	20003100 	.word	0x20003100

20001300 <uvm2_play_sfx>:
20001300:	b150      	cbz	r0, 20001318 <uvm2_play_sfx+0x18>
20001302:	f04f 0c01 	mov.w	ip, #1
20001306:	2200      	movs	r2, #0
20001308:	4b04      	ldr	r3, [pc, #16]	@ (2000131c <uvm2_play_sfx+0x1c>)
2000130a:	3004      	adds	r0, #4
2000130c:	6018      	str	r0, [r3, #0]
2000130e:	4904      	ldr	r1, [pc, #16]	@ (20001320 <uvm2_play_sfx+0x20>)
20001310:	4b04      	ldr	r3, [pc, #16]	@ (20001324 <uvm2_play_sfx+0x24>)
20001312:	f8c1 c000 	str.w	ip, [r1]
20001316:	601a      	str	r2, [r3, #0]
20001318:	4770      	bx	lr
2000131a:	bf00      	nop
2000131c:	2000b3a4 	.word	0x2000b3a4
20001320:	2000b39c 	.word	0x2000b39c
20001324:	2000b3a0 	.word	0x2000b3a0

20001328 <uvm2_audio_tick>:
20001328:	b5f8      	push	{r3, r4, r5, r6, r7, lr}
2000132a:	4b4b      	ldr	r3, [pc, #300]	@ (20001458 <uvm2_audio_tick+0x130>)
2000132c:	681a      	ldr	r2, [r3, #0]
2000132e:	b33a      	cbz	r2, 20001380 <uvm2_audio_tick+0x58>
20001330:	4a4a      	ldr	r2, [pc, #296]	@ (2000145c <uvm2_audio_tick+0x134>)
20001332:	6815      	ldr	r5, [r2, #0]
20001334:	b325      	cbz	r5, 20001380 <uvm2_audio_tick+0x58>
20001336:	4a4a      	ldr	r2, [pc, #296]	@ (20001460 <uvm2_audio_tick+0x138>)
20001338:	6811      	ldr	r1, [r2, #0]
2000133a:	2900      	cmp	r1, #0
2000133c:	d057      	beq.n	200013ee <uvm2_audio_tick+0xc6>
2000133e:	4949      	ldr	r1, [pc, #292]	@ (20001464 <uvm2_audio_tick+0x13c>)
20001340:	680a      	ldr	r2, [r1, #0]
20001342:	2a00      	cmp	r2, #0
20001344:	dc5e      	bgt.n	20001404 <uvm2_audio_tick+0xdc>
20001346:	786a      	ldrb	r2, [r5, #1]
20001348:	4617      	mov	r7, r2
2000134a:	2a00      	cmp	r2, #0
2000134c:	d063      	beq.n	20001416 <uvm2_audio_tick+0xee>
2000134e:	2aff      	cmp	r2, #255	@ 0xff
20001350:	d077      	beq.n	20001442 <uvm2_audio_tick+0x11a>
20001352:	462c      	mov	r4, r5
20001354:	eb05 0642 	add.w	r6, r5, r2, lsl #1
20001358:	78a0      	ldrb	r0, [r4, #2]
2000135a:	78e1      	ldrb	r1, [r4, #3]
2000135c:	2807      	cmp	r0, #7
2000135e:	d049      	beq.n	200013f4 <uvm2_audio_tick+0xcc>
20001360:	3402      	adds	r4, #2
20001362:	f7ff fdd1 	bl	20000f08 <uvm2_psg_write>
20001366:	42a6      	cmp	r6, r4
20001368:	d1f6      	bne.n	20001358 <uvm2_audio_tick+0x30>
2000136a:	1e7e      	subs	r6, r7, #1
2000136c:	b2f6      	uxtb	r6, r6
2000136e:	3504      	adds	r5, #4
20001370:	493a      	ldr	r1, [pc, #232]	@ (2000145c <uvm2_audio_tick+0x134>)
20001372:	eb05 0246 	add.w	r2, r5, r6, lsl #1
20001376:	600a      	str	r2, [r1, #0]
20001378:	f815 3016 	ldrb.w	r3, [r5, r6, lsl #1]
2000137c:	4a39      	ldr	r2, [pc, #228]	@ (20001464 <uvm2_audio_tick+0x13c>)
2000137e:	6013      	str	r3, [r2, #0]
20001380:	4c39      	ldr	r4, [pc, #228]	@ (20001468 <uvm2_audio_tick+0x140>)
20001382:	6823      	ldr	r3, [r4, #0]
20001384:	b30b      	cbz	r3, 200013ca <uvm2_audio_tick+0xa2>
20001386:	4b39      	ldr	r3, [pc, #228]	@ (2000146c <uvm2_audio_tick+0x144>)
20001388:	681d      	ldr	r5, [r3, #0]
2000138a:	b1f5      	cbz	r5, 200013ca <uvm2_audio_tick+0xa2>
2000138c:	4a38      	ldr	r2, [pc, #224]	@ (20001470 <uvm2_audio_tick+0x148>)
2000138e:	6813      	ldr	r3, [r2, #0]
20001390:	2b00      	cmp	r3, #0
20001392:	dc1b      	bgt.n	200013cc <uvm2_audio_tick+0xa4>
20001394:	786b      	ldrb	r3, [r5, #1]
20001396:	461f      	mov	r7, r3
20001398:	2b00      	cmp	r3, #0
2000139a:	d036      	beq.n	2000140a <uvm2_audio_tick+0xe2>
2000139c:	462c      	mov	r4, r5
2000139e:	eb05 0643 	add.w	r6, r5, r3, lsl #1
200013a2:	78a0      	ldrb	r0, [r4, #2]
200013a4:	78e1      	ldrb	r1, [r4, #3]
200013a6:	2807      	cmp	r0, #7
200013a8:	d013      	beq.n	200013d2 <uvm2_audio_tick+0xaa>
200013aa:	3402      	adds	r4, #2
200013ac:	f7ff fdac 	bl	20000f08 <uvm2_psg_write>
200013b0:	42a6      	cmp	r6, r4
200013b2:	d1f6      	bne.n	200013a2 <uvm2_audio_tick+0x7a>
200013b4:	1e7b      	subs	r3, r7, #1
200013b6:	b2db      	uxtb	r3, r3
200013b8:	3504      	adds	r5, #4
200013ba:	492c      	ldr	r1, [pc, #176]	@ (2000146c <uvm2_audio_tick+0x144>)
200013bc:	eb05 0243 	add.w	r2, r5, r3, lsl #1
200013c0:	600a      	str	r2, [r1, #0]
200013c2:	f815 3013 	ldrb.w	r3, [r5, r3, lsl #1]
200013c6:	4a2a      	ldr	r2, [pc, #168]	@ (20001470 <uvm2_audio_tick+0x148>)
200013c8:	6013      	str	r3, [r2, #0]
200013ca:	bdf8      	pop	{r3, r4, r5, r6, r7, pc}
200013cc:	3b01      	subs	r3, #1
200013ce:	6013      	str	r3, [r2, #0]
200013d0:	bdf8      	pop	{r3, r4, r5, r6, r7, pc}
200013d2:	4a28      	ldr	r2, [pc, #160]	@ (20001474 <uvm2_audio_tick+0x14c>)
200013d4:	f001 0124 	and.w	r1, r1, #36	@ 0x24
200013d8:	7813      	ldrb	r3, [r2, #0]
200013da:	3402      	adds	r4, #2
200013dc:	f023 0324 	bic.w	r3, r3, #36	@ 0x24
200013e0:	4319      	orrs	r1, r3
200013e2:	7011      	strb	r1, [r2, #0]
200013e4:	f7ff fd90 	bl	20000f08 <uvm2_psg_write>
200013e8:	42b4      	cmp	r4, r6
200013ea:	d1da      	bne.n	200013a2 <uvm2_audio_tick+0x7a>
200013ec:	e7e2      	b.n	200013b4 <uvm2_audio_tick+0x8c>
200013ee:	2301      	movs	r3, #1
200013f0:	6013      	str	r3, [r2, #0]
200013f2:	e7c5      	b.n	20001380 <uvm2_audio_tick+0x58>
200013f4:	4b1f      	ldr	r3, [pc, #124]	@ (20001474 <uvm2_audio_tick+0x14c>)
200013f6:	3402      	adds	r4, #2
200013f8:	7019      	strb	r1, [r3, #0]
200013fa:	f7ff fd85 	bl	20000f08 <uvm2_psg_write>
200013fe:	42b4      	cmp	r4, r6
20001400:	d1aa      	bne.n	20001358 <uvm2_audio_tick+0x30>
20001402:	e7b2      	b.n	2000136a <uvm2_audio_tick+0x42>
20001404:	3a01      	subs	r2, #1
20001406:	600a      	str	r2, [r1, #0]
20001408:	e7ba      	b.n	20001380 <uvm2_audio_tick+0x58>
2000140a:	4619      	mov	r1, r3
2000140c:	200a      	movs	r0, #10
2000140e:	f7ff fd7b 	bl	20000f08 <uvm2_psg_write>
20001412:	6027      	str	r7, [r4, #0]
20001414:	bdf8      	pop	{r3, r4, r5, r6, r7, pc}
20001416:	601a      	str	r2, [r3, #0]
20001418:	4b10      	ldr	r3, [pc, #64]	@ (2000145c <uvm2_audio_tick+0x134>)
2000141a:	4611      	mov	r1, r2
2000141c:	2008      	movs	r0, #8
2000141e:	601a      	str	r2, [r3, #0]
20001420:	f7ff fd72 	bl	20000f08 <uvm2_psg_write>
20001424:	4639      	mov	r1, r7
20001426:	2009      	movs	r0, #9
20001428:	f7ff fd6e 	bl	20000f08 <uvm2_psg_write>
2000142c:	4639      	mov	r1, r7
2000142e:	200a      	movs	r0, #10
20001430:	f7ff fd6a 	bl	20000f08 <uvm2_psg_write>
20001434:	213f      	movs	r1, #63	@ 0x3f
20001436:	4b0f      	ldr	r3, [pc, #60]	@ (20001474 <uvm2_audio_tick+0x14c>)
20001438:	2007      	movs	r0, #7
2000143a:	7019      	strb	r1, [r3, #0]
2000143c:	f7ff fd64 	bl	20000f08 <uvm2_psg_write>
20001440:	e79e      	b.n	20001380 <uvm2_audio_tick+0x58>
20001442:	4b0d      	ldr	r3, [pc, #52]	@ (20001478 <uvm2_audio_tick+0x150>)
20001444:	681b      	ldr	r3, [r3, #0]
20001446:	685a      	ldr	r2, [r3, #4]
20001448:	1899      	adds	r1, r3, r2
2000144a:	5c9b      	ldrb	r3, [r3, r2]
2000144c:	4a03      	ldr	r2, [pc, #12]	@ (2000145c <uvm2_audio_tick+0x134>)
2000144e:	6011      	str	r1, [r2, #0]
20001450:	4a04      	ldr	r2, [pc, #16]	@ (20001464 <uvm2_audio_tick+0x13c>)
20001452:	6013      	str	r3, [r2, #0]
20001454:	e794      	b.n	20001380 <uvm2_audio_tick+0x58>
20001456:	bf00      	nop
20001458:	2000b384 	.word	0x2000b384
2000145c:	2000b38c 	.word	0x2000b38c
20001460:	2000b388 	.word	0x2000b388
20001464:	2000b380 	.word	0x2000b380
20001468:	2000b39c 	.word	0x2000b39c
2000146c:	2000b3a4 	.word	0x2000b3a4
20001470:	2000b3a0 	.word	0x2000b3a0
20001474:	20003100 	.word	0x20003100
20001478:	2000b37c 	.word	0x2000b37c

2000147c <uvm2_runtime_init>:
2000147c:	b508      	push	{r3, lr}
2000147e:	f7fe ff55 	bl	2000032c <uvm2_cpu_init>
20001482:	f7fe ff6b 	bl	2000035c <uvm2_bus_pads>
20001486:	f7ff fdd7 	bl	20001038 <uvm2_led_init>
2000148a:	2001      	movs	r0, #1
2000148c:	f7ff fe52 	bl	20001134 <uvm2_led_status>
20001490:	f7ff fd84 	bl	20000f9c <uvm2_clock_calibrate>
20001494:	b918      	cbnz	r0, 2000149e <uvm2_runtime_init+0x22>
20001496:	2002      	movs	r0, #2
20001498:	f7ff fe4c 	bl	20001134 <uvm2_led_status>
2000149c:	e7fe      	b.n	2000149c <uvm2_runtime_init+0x20>
2000149e:	2003      	movs	r0, #3
200014a0:	f7ff fe48 	bl	20001134 <uvm2_led_status>
200014a4:	f7fe ff7e 	bl	200003a4 <uvm2_bus_halt>
200014a8:	f7ff f924 	bl	200006f4 <uvm2_draw_init>
200014ac:	2001      	movs	r0, #1
200014ae:	f7ff f91b 	bl	200006e8 <uvm2_draw_set_fixup>
200014b2:	2001      	movs	r0, #1
200014b4:	f7ff fcd8 	bl	20000e68 <uvm2_input_set_analog>
200014b8:	f7ff ff02 	bl	200012c0 <uvm2_stop_music>
200014bc:	f000 f97a 	bl	200017b4 <uvm2_psram_probe>
200014c0:	f7ff fb96 	bl	20000bf0 <uvm2_frame_begin>
200014c4:	e8bd 4008 	ldmia.w	sp!, {r3, lr}
200014c8:	2004      	movs	r0, #4
200014ca:	f7ff be33 	b.w	20001134 <uvm2_led_status>
200014ce:	bf00      	nop

200014d0 <uvm2_svc_dispatch>:
200014d0:	4602      	mov	r2, r0
200014d2:	b500      	push	{lr}
200014d4:	6983      	ldr	r3, [r0, #24]
200014d6:	6851      	ldr	r1, [r2, #4]
200014d8:	f813 3c02 	ldrb.w	r3, [r3, #-2]
200014dc:	6800      	ldr	r0, [r0, #0]
200014de:	b085      	sub	sp, #20
200014e0:	2b1a      	cmp	r3, #26
200014e2:	d81e      	bhi.n	20001522 <uvm2_svc_dispatch+0x52>
200014e4:	e8df f003 	tbb	[pc, r3]
200014e8:	8121264d 	.word	0x8121264d
200014ec:	7b0e1876 	.word	0x7b0e1876
200014f0:	aa1d1d9d 	.word	0xaa1d1d9d
200014f4:	636872a4 	.word	0x636872a4
200014f8:	1d1d1d57 	.word	0x1d1d1d57
200014fc:	9886521d 	.word	0x9886521d
20001500:	1d1d      	.short	0x1d1d
20001502:	8b          	.byte	0x8b
20001503:	00          	.byte	0x00
20001504:	2100      	movs	r1, #0
20001506:	2008      	movs	r0, #8
20001508:	f7ff fcfe 	bl	20000f08 <uvm2_psg_write>
2000150c:	2100      	movs	r1, #0
2000150e:	2009      	movs	r0, #9
20001510:	f7ff fcfa 	bl	20000f08 <uvm2_psg_write>
20001514:	2100      	movs	r1, #0
20001516:	200a      	movs	r0, #10
20001518:	b005      	add	sp, #20
2000151a:	f85d eb04 	ldr.w	lr, [sp], #4
2000151e:	f7ff bcf3 	b.w	20000f08 <uvm2_psg_write>
20001522:	2300      	movs	r3, #0
20001524:	6013      	str	r3, [r2, #0]
20001526:	b005      	add	sp, #20
20001528:	bd00      	pop	{pc}
2000152a:	b005      	add	sp, #20
2000152c:	f85d eb04 	ldr.w	lr, [sp], #4
20001530:	f7ff b956 	b.w	200007e0 <uvm2_draw_intensity>
20001534:	f7ff fbb0 	bl	20000c98 <uvm2_frame_end>
20001538:	f7ff fc9c 	bl	20000e74 <uvm2_read_buttons>
2000153c:	4b43      	ldr	r3, [pc, #268]	@ (2000164c <uvm2_svc_dispatch+0x17c>)
2000153e:	7018      	strb	r0, [r3, #0]
20001540:	f7ff fcc0 	bl	20000ec4 <uvm2_read_axes>
20001544:	4b42      	ldr	r3, [pc, #264]	@ (20001650 <uvm2_svc_dispatch+0x180>)
20001546:	6018      	str	r0, [r3, #0]
20001548:	f7ff f8ea 	bl	20000720 <uvm2_draw_invalidate>
2000154c:	f7ff fc0e 	bl	20000d6c <uvm2_frame_bus_cycles>
20001550:	4b40      	ldr	r3, [pc, #256]	@ (20001654 <uvm2_svc_dispatch+0x184>)
20001552:	681a      	ldr	r2, [r3, #0]
20001554:	4410      	add	r0, r2
20001556:	f247 522f 	movw	r2, #29999	@ 0x752f
2000155a:	4290      	cmp	r0, r2
2000155c:	6018      	str	r0, [r3, #0]
2000155e:	d90b      	bls.n	20001578 <uvm2_svc_dispatch+0xa8>
20001560:	f5a0 40ea 	sub.w	r0, r0, #29952	@ 0x7500
20001564:	3830      	subs	r0, #48	@ 0x30
20001566:	6018      	str	r0, [r3, #0]
20001568:	f7ff fede 	bl	20001328 <uvm2_audio_tick>
2000156c:	f247 522f 	movw	r2, #29999	@ 0x752f
20001570:	4b38      	ldr	r3, [pc, #224]	@ (20001654 <uvm2_svc_dispatch+0x184>)
20001572:	6818      	ldr	r0, [r3, #0]
20001574:	4290      	cmp	r0, r2
20001576:	d8f3      	bhi.n	20001560 <uvm2_svc_dispatch+0x90>
20001578:	b005      	add	sp, #20
2000157a:	f85d eb04 	ldr.w	lr, [sp], #4
2000157e:	f7ff bb37 	b.w	20000bf0 <uvm2_frame_begin>
20001582:	b005      	add	sp, #20
20001584:	f85d eb04 	ldr.w	lr, [sp], #4
20001588:	f7ff b8dc 	b.w	20000744 <uvm2_draw_reset>
2000158c:	b005      	add	sp, #20
2000158e:	f85d eb04 	ldr.w	lr, [sp], #4
20001592:	f7ff be77 	b.w	20001284 <uvm2_play_music>
20001596:	e9d2 2302 	ldrd	r2, r3, [r2, #8]
2000159a:	f3c3 2c07 	ubfx	ip, r3, #8, #8
2000159e:	f8cd c000 	str.w	ip, [sp]
200015a2:	b2db      	uxtb	r3, r3
200015a4:	b249      	sxtb	r1, r1
200015a6:	b240      	sxtb	r0, r0
200015a8:	f7ff fdea 	bl	20001180 <uvm2_print_text>
200015ac:	e7bb      	b.n	20001526 <uvm2_svc_dispatch+0x56>
200015ae:	b005      	add	sp, #20
200015b0:	f85d eb04 	ldr.w	lr, [sp], #4
200015b4:	f7ff bb0c 	b.w	20000bd0 <uvm2_draw_move_abs>
200015b8:	4b24      	ldr	r3, [pc, #144]	@ (2000164c <uvm2_svc_dispatch+0x17c>)
200015ba:	7819      	ldrb	r1, [r3, #0]
200015bc:	030b      	lsls	r3, r1, #12
200015be:	b29b      	uxth	r3, r3
200015c0:	ea43 1311 	orr.w	r3, r3, r1, lsr #4
200015c4:	f443 637f 	orr.w	r3, r3, #4080	@ 0xff0
200015c8:	6013      	str	r3, [r2, #0]
200015ca:	e7ac      	b.n	20001526 <uvm2_svc_dispatch+0x56>
200015cc:	4b20      	ldr	r3, [pc, #128]	@ (20001650 <uvm2_svc_dispatch+0x180>)
200015ce:	681b      	ldr	r3, [r3, #0]
200015d0:	6013      	str	r3, [r2, #0]
200015d2:	e7a8      	b.n	20001526 <uvm2_svc_dispatch+0x56>
200015d4:	b005      	add	sp, #20
200015d6:	f85d eb04 	ldr.w	lr, [sp], #4
200015da:	f7ff ba1f 	b.w	20000a1c <uvm2_draw_delta>
200015de:	4b1b      	ldr	r3, [pc, #108]	@ (2000164c <uvm2_svc_dispatch+0x17c>)
200015e0:	781b      	ldrb	r3, [r3, #0]
200015e2:	f083 03ff 	eor.w	r3, r3, #255	@ 0xff
200015e6:	6013      	str	r3, [r2, #0]
200015e8:	e79d      	b.n	20001526 <uvm2_svc_dispatch+0x56>
200015ea:	b005      	add	sp, #20
200015ec:	f85d eb04 	ldr.w	lr, [sp], #4
200015f0:	f7ff b95a 	b.w	200008a8 <uvm2_draw_move>
200015f4:	b005      	add	sp, #20
200015f6:	f85d eb04 	ldr.w	lr, [sp], #4
200015fa:	f7ff be61 	b.w	200012c0 <uvm2_stop_music>
200015fe:	6892      	ldr	r2, [r2, #8]
20001600:	2a00      	cmp	r2, #0
20001602:	d090      	beq.n	20001526 <uvm2_svc_dispatch+0x56>
20001604:	f04f 0c5f 	mov.w	ip, #95	@ 0x5f
20001608:	2301      	movs	r3, #1
2000160a:	b249      	sxtb	r1, r1
2000160c:	b240      	sxtb	r0, r0
2000160e:	f8cd c000 	str.w	ip, [sp]
20001612:	f7ff fdb5 	bl	20001180 <uvm2_print_text>
20001616:	e786      	b.n	20001526 <uvm2_svc_dispatch+0x56>
20001618:	b005      	add	sp, #20
2000161a:	f85d eb04 	ldr.w	lr, [sp], #4
2000161e:	f7ff be6f 	b.w	20001300 <uvm2_play_sfx>
20001622:	f000 000f 	and.w	r0, r0, #15
20001626:	b005      	add	sp, #20
20001628:	f85d eb04 	ldr.w	lr, [sp], #4
2000162c:	f7fe bf3c 	b.w	200004a8 <uvm2_via_write>
20001630:	9203      	str	r2, [sp, #12]
20001632:	f7ff fc8b 	bl	20000f4c <uvm2_psg_read>
20001636:	9a03      	ldr	r2, [sp, #12]
20001638:	6010      	str	r0, [r2, #0]
2000163a:	e774      	b.n	20001526 <uvm2_svc_dispatch+0x56>
2000163c:	f000 000f 	and.w	r0, r0, #15
20001640:	9203      	str	r2, [sp, #12]
20001642:	f7fe ff5d 	bl	20000500 <uvm2_via_read>
20001646:	9a03      	ldr	r2, [sp, #12]
20001648:	6010      	str	r0, [r2, #0]
2000164a:	e76c      	b.n	20001526 <uvm2_svc_dispatch+0x56>
2000164c:	2000b458 	.word	0x2000b458
20001650:	20003368 	.word	0x20003368
20001654:	20003364 	.word	0x20003364

20001658 <cs1_xfer.constprop.0>:
20001658:	b570      	push	{r4, r5, r6, lr}
2000165a:	4604      	mov	r4, r0
2000165c:	483a      	ldr	r0, [pc, #232]	@ (20001748 <cs1_xfer.constprop.0+0xf0>)
2000165e:	4b3b      	ldr	r3, [pc, #236]	@ (2000174c <cs1_xfer.constprop.0+0xf4>)
20001660:	6802      	ldr	r2, [r0, #0]
20001662:	f042 0208 	orr.w	r2, r2, #8
20001666:	6002      	str	r2, [r0, #0]
20001668:	7825      	ldrb	r5, [r4, #0]
2000166a:	e001      	b.n	20001670 <cs1_xfer.constprop.0+0x18>
2000166c:	3b01      	subs	r3, #1
2000166e:	d002      	beq.n	20001676 <cs1_xfer.constprop.0+0x1e>
20001670:	6802      	ldr	r2, [r0, #0]
20001672:	0552      	lsls	r2, r2, #21
20001674:	d4fa      	bmi.n	2000166c <cs1_xfer.constprop.0+0x14>
20001676:	4834      	ldr	r0, [pc, #208]	@ (20001748 <cs1_xfer.constprop.0+0xf0>)
20001678:	f8df e0d4 	ldr.w	lr, [pc, #212]	@ 20001750 <cs1_xfer.constprop.0+0xf8>
2000167c:	6045      	str	r5, [r0, #4]
2000167e:	6802      	ldr	r2, [r0, #0]
20001680:	2300      	movs	r3, #0
20001682:	4d32      	ldr	r5, [pc, #200]	@ (2000174c <cs1_xfer.constprop.0+0xf4>)
20001684:	f8ce 2070 	str.w	r2, [lr, #112]	@ 0x70
20001688:	e001      	b.n	2000168e <cs1_xfer.constprop.0+0x36>
2000168a:	42ab      	cmp	r3, r5
2000168c:	d055      	beq.n	2000173a <cs1_xfer.constprop.0+0xe2>
2000168e:	6802      	ldr	r2, [r0, #0]
20001690:	3301      	adds	r3, #1
20001692:	03d6      	lsls	r6, r2, #15
20001694:	d4f9      	bmi.n	2000168a <cs1_xfer.constprop.0+0x32>
20001696:	4a2c      	ldr	r2, [pc, #176]	@ (20001748 <cs1_xfer.constprop.0+0xf0>)
20001698:	f8df c0b0 	ldr.w	ip, [pc, #176]	@ 2000174c <cs1_xfer.constprop.0+0xf4>
2000169c:	6893      	ldr	r3, [r2, #8]
2000169e:	1ce6      	adds	r6, r4, #3
200016a0:	f814 5f01 	ldrb.w	r5, [r4, #1]!
200016a4:	4b29      	ldr	r3, [pc, #164]	@ (2000174c <cs1_xfer.constprop.0+0xf4>)
200016a6:	e001      	b.n	200016ac <cs1_xfer.constprop.0+0x54>
200016a8:	3b01      	subs	r3, #1
200016aa:	d002      	beq.n	200016b2 <cs1_xfer.constprop.0+0x5a>
200016ac:	6810      	ldr	r0, [r2, #0]
200016ae:	0540      	lsls	r0, r0, #21
200016b0:	d4fa      	bmi.n	200016a8 <cs1_xfer.constprop.0+0x50>
200016b2:	2300      	movs	r3, #0
200016b4:	6055      	str	r5, [r2, #4]
200016b6:	e001      	b.n	200016bc <cs1_xfer.constprop.0+0x64>
200016b8:	4563      	cmp	r3, ip
200016ba:	d034      	beq.n	20001726 <cs1_xfer.constprop.0+0xce>
200016bc:	6810      	ldr	r0, [r2, #0]
200016be:	3301      	adds	r3, #1
200016c0:	03c5      	lsls	r5, r0, #15
200016c2:	d4f9      	bmi.n	200016b8 <cs1_xfer.constprop.0+0x60>
200016c4:	42b4      	cmp	r4, r6
200016c6:	6893      	ldr	r3, [r2, #8]
200016c8:	d1ea      	bne.n	200016a0 <cs1_xfer.constprop.0+0x48>
200016ca:	2500      	movs	r5, #0
200016cc:	4a1e      	ldr	r2, [pc, #120]	@ (20001748 <cs1_xfer.constprop.0+0xf0>)
200016ce:	4e1f      	ldr	r6, [pc, #124]	@ (2000174c <cs1_xfer.constprop.0+0xf4>)
200016d0:	1e4c      	subs	r4, r1, #1
200016d2:	4b1e      	ldr	r3, [pc, #120]	@ (2000174c <cs1_xfer.constprop.0+0xf4>)
200016d4:	e001      	b.n	200016da <cs1_xfer.constprop.0+0x82>
200016d6:	3b01      	subs	r3, #1
200016d8:	d002      	beq.n	200016e0 <cs1_xfer.constprop.0+0x88>
200016da:	6810      	ldr	r0, [r2, #0]
200016dc:	0540      	lsls	r0, r0, #21
200016de:	d4fa      	bmi.n	200016d6 <cs1_xfer.constprop.0+0x7e>
200016e0:	2300      	movs	r3, #0
200016e2:	6055      	str	r5, [r2, #4]
200016e4:	e001      	b.n	200016ea <cs1_xfer.constprop.0+0x92>
200016e6:	42b3      	cmp	r3, r6
200016e8:	d00b      	beq.n	20001702 <cs1_xfer.constprop.0+0xaa>
200016ea:	6810      	ldr	r0, [r2, #0]
200016ec:	3301      	adds	r3, #1
200016ee:	03c0      	lsls	r0, r0, #15
200016f0:	d4f9      	bmi.n	200016e6 <cs1_xfer.constprop.0+0x8e>
200016f2:	6890      	ldr	r0, [r2, #8]
200016f4:	428c      	cmp	r4, r1
200016f6:	f104 0301 	add.w	r3, r4, #1
200016fa:	7060      	strb	r0, [r4, #1]
200016fc:	d00d      	beq.n	2000171a <cs1_xfer.constprop.0+0xc2>
200016fe:	461c      	mov	r4, r3
20001700:	e7e7      	b.n	200016d2 <cs1_xfer.constprop.0+0x7a>
20001702:	f8de 006c 	ldr.w	r0, [lr, #108]	@ 0x6c
20001706:	428c      	cmp	r4, r1
20001708:	f100 0001 	add.w	r0, r0, #1
2000170c:	f8ce 006c 	str.w	r0, [lr, #108]	@ 0x6c
20001710:	6890      	ldr	r0, [r2, #8]
20001712:	f104 0301 	add.w	r3, r4, #1
20001716:	7060      	strb	r0, [r4, #1]
20001718:	d1f1      	bne.n	200016fe <cs1_xfer.constprop.0+0xa6>
2000171a:	4a0b      	ldr	r2, [pc, #44]	@ (20001748 <cs1_xfer.constprop.0+0xf0>)
2000171c:	6813      	ldr	r3, [r2, #0]
2000171e:	f023 0308 	bic.w	r3, r3, #8
20001722:	6013      	str	r3, [r2, #0]
20001724:	bd70      	pop	{r4, r5, r6, pc}
20001726:	f8de 306c 	ldr.w	r3, [lr, #108]	@ 0x6c
2000172a:	42b4      	cmp	r4, r6
2000172c:	f103 0301 	add.w	r3, r3, #1
20001730:	f8ce 306c 	str.w	r3, [lr, #108]	@ 0x6c
20001734:	6893      	ldr	r3, [r2, #8]
20001736:	d1b3      	bne.n	200016a0 <cs1_xfer.constprop.0+0x48>
20001738:	e7c7      	b.n	200016ca <cs1_xfer.constprop.0+0x72>
2000173a:	f8de 306c 	ldr.w	r3, [lr, #108]	@ 0x6c
2000173e:	3301      	adds	r3, #1
20001740:	f8ce 306c 	str.w	r3, [lr, #108]	@ 0x6c
20001744:	e7a7      	b.n	20001696 <cs1_xfer.constprop.0+0x3e>
20001746:	bf00      	nop
20001748:	400d0000 	.word	0x400d0000
2000174c:	000f4240 	.word	0x000f4240
20001750:	2000b3b8 	.word	0x2000b3b8

20001754 <cs1_xfer.constprop.1>:
20001754:	4914      	ldr	r1, [pc, #80]	@ (200017a8 <cs1_xfer.constprop.1+0x54>)
20001756:	4b15      	ldr	r3, [pc, #84]	@ (200017ac <cs1_xfer.constprop.1+0x58>)
20001758:	680a      	ldr	r2, [r1, #0]
2000175a:	f042 0208 	orr.w	r2, r2, #8
2000175e:	600a      	str	r2, [r1, #0]
20001760:	7800      	ldrb	r0, [r0, #0]
20001762:	e001      	b.n	20001768 <cs1_xfer.constprop.1+0x14>
20001764:	3b01      	subs	r3, #1
20001766:	d002      	beq.n	2000176e <cs1_xfer.constprop.1+0x1a>
20001768:	680a      	ldr	r2, [r1, #0]
2000176a:	0552      	lsls	r2, r2, #21
2000176c:	d4fa      	bmi.n	20001764 <cs1_xfer.constprop.1+0x10>
2000176e:	490e      	ldr	r1, [pc, #56]	@ (200017a8 <cs1_xfer.constprop.1+0x54>)
20001770:	f8df c03c 	ldr.w	ip, [pc, #60]	@ 200017b0 <cs1_xfer.constprop.1+0x5c>
20001774:	6048      	str	r0, [r1, #4]
20001776:	680a      	ldr	r2, [r1, #0]
20001778:	2300      	movs	r3, #0
2000177a:	480c      	ldr	r0, [pc, #48]	@ (200017ac <cs1_xfer.constprop.1+0x58>)
2000177c:	f8cc 2070 	str.w	r2, [ip, #112]	@ 0x70
20001780:	e001      	b.n	20001786 <cs1_xfer.constprop.1+0x32>
20001782:	4283      	cmp	r3, r0
20001784:	d00a      	beq.n	2000179c <cs1_xfer.constprop.1+0x48>
20001786:	680a      	ldr	r2, [r1, #0]
20001788:	3301      	adds	r3, #1
2000178a:	03d2      	lsls	r2, r2, #15
2000178c:	d4f9      	bmi.n	20001782 <cs1_xfer.constprop.1+0x2e>
2000178e:	4b06      	ldr	r3, [pc, #24]	@ (200017a8 <cs1_xfer.constprop.1+0x54>)
20001790:	689a      	ldr	r2, [r3, #8]
20001792:	681a      	ldr	r2, [r3, #0]
20001794:	f022 0208 	bic.w	r2, r2, #8
20001798:	601a      	str	r2, [r3, #0]
2000179a:	4770      	bx	lr
2000179c:	f8dc 306c 	ldr.w	r3, [ip, #108]	@ 0x6c
200017a0:	3301      	adds	r3, #1
200017a2:	f8cc 306c 	str.w	r3, [ip, #108]	@ 0x6c
200017a6:	e7f2      	b.n	2000178e <cs1_xfer.constprop.1+0x3a>
200017a8:	400d0000 	.word	0x400d0000
200017ac:	000f4240 	.word	0x000f4240
200017b0:	2000b3b8 	.word	0x2000b3b8

200017b4 <uvm2_psram_probe>:
200017b4:	2300      	movs	r3, #0
200017b6:	b5f0      	push	{r4, r5, r6, r7, lr}
200017b8:	4d93      	ldr	r5, [pc, #588]	@ (20001a08 <uvm2_psram_probe+0x254>)
200017ba:	4994      	ldr	r1, [pc, #592]	@ (20001a0c <uvm2_psram_probe+0x258>)
200017bc:	b087      	sub	sp, #28
200017be:	602b      	str	r3, [r5, #0]
200017c0:	6a0b      	ldr	r3, [r1, #32]
200017c2:	626b      	str	r3, [r5, #36]	@ 0x24
200017c4:	6a4b      	ldr	r3, [r1, #36]	@ 0x24
200017c6:	62ab      	str	r3, [r5, #40]	@ 0x28
200017c8:	6a8b      	ldr	r3, [r1, #40]	@ 0x28
200017ca:	62eb      	str	r3, [r5, #44]	@ 0x2c
200017cc:	680b      	ldr	r3, [r1, #0]
200017ce:	632b      	str	r3, [r5, #48]	@ 0x30
200017d0:	6aab      	ldr	r3, [r5, #40]	@ 0x28
200017d2:	f5b3 5f80 	cmp.w	r3, #4096	@ 0x1000
200017d6:	d016      	beq.n	20001806 <uvm2_psram_probe+0x52>
200017d8:	f04f 5388 	mov.w	r3, #285212672	@ 0x11000000
200017dc:	2201      	movs	r2, #1
200017de:	6818      	ldr	r0, [r3, #0]
200017e0:	f101 5182 	add.w	r1, r1, #272629760	@ 0x10400000
200017e4:	6168      	str	r0, [r5, #20]
200017e6:	6858      	ldr	r0, [r3, #4]
200017e8:	f501 21ca 	add.w	r1, r1, #413696	@ 0x65000
200017ec:	61a8      	str	r0, [r5, #24]
200017ee:	6898      	ldr	r0, [r3, #8]
200017f0:	f201 2131 	addw	r1, r1, #561	@ 0x231
200017f4:	61e8      	str	r0, [r5, #28]
200017f6:	4610      	mov	r0, r2
200017f8:	68db      	ldr	r3, [r3, #12]
200017fa:	622b      	str	r3, [r5, #32]
200017fc:	676a      	str	r2, [r5, #116]	@ 0x74
200017fe:	606a      	str	r2, [r5, #4]
20001800:	6029      	str	r1, [r5, #0]
20001802:	b007      	add	sp, #28
20001804:	bdf0      	pop	{r4, r5, r6, r7, pc}
20001806:	2709      	movs	r7, #9
20001808:	2666      	movs	r6, #102	@ 0x66
2000180a:	2499      	movs	r4, #153	@ 0x99
2000180c:	209f      	movs	r0, #159	@ 0x9f
2000180e:	4b80      	ldr	r3, [pc, #512]	@ (20001a10 <uvm2_psram_probe+0x25c>)
20001810:	f8d3 20c0 	ldr.w	r2, [r3, #192]	@ 0xc0
20001814:	f422 7280 	bic.w	r2, r2, #256	@ 0x100
20001818:	f8c3 20c0 	str.w	r2, [r3, #192]	@ 0xc0
2000181c:	f8d3 20c0 	ldr.w	r2, [r3, #192]	@ 0xc0
20001820:	f042 0240 	orr.w	r2, r2, #64	@ 0x40
20001824:	f8c3 20c0 	str.w	r2, [r3, #192]	@ 0xc0
20001828:	f8d3 20c0 	ldr.w	r2, [r3, #192]	@ 0xc0
2000182c:	f022 0280 	bic.w	r2, r2, #128	@ 0x80
20001830:	f8c3 20c0 	str.w	r2, [r3, #192]	@ 0xc0
20001834:	f5a3 3380 	sub.w	r3, r3, #65536	@ 0x10000
20001838:	f8c3 717c 	str.w	r7, [r3, #380]	@ 0x17c
2000183c:	f88d 6004 	strb.w	r6, [sp, #4]
20001840:	f88d 4008 	strb.w	r4, [sp, #8]
20001844:	9005      	str	r0, [sp, #20]
20001846:	680a      	ldr	r2, [r1, #0]
20001848:	4b72      	ldr	r3, [pc, #456]	@ (20001a14 <uvm2_psram_probe+0x260>)
2000184a:	f042 0201 	orr.w	r2, r2, #1
2000184e:	600a      	str	r2, [r1, #0]
20001850:	e001      	b.n	20001856 <uvm2_psram_probe+0xa2>
20001852:	3b01      	subs	r3, #1
20001854:	d002      	beq.n	2000185c <uvm2_psram_probe+0xa8>
20001856:	680a      	ldr	r2, [r1, #0]
20001858:	0794      	lsls	r4, r2, #30
2000185a:	d4fa      	bmi.n	20001852 <uvm2_psram_probe+0x9e>
2000185c:	a801      	add	r0, sp, #4
2000185e:	f7ff ff79 	bl	20001754 <cs1_xfer.constprop.1>
20001862:	a802      	add	r0, sp, #8
20001864:	f7ff ff76 	bl	20001754 <cs1_xfer.constprop.1>
20001868:	4b68      	ldr	r3, [pc, #416]	@ (20001a0c <uvm2_psram_probe+0x258>)
2000186a:	681a      	ldr	r2, [r3, #0]
2000186c:	f022 0208 	bic.w	r2, r2, #8
20001870:	601a      	str	r2, [r3, #0]
20001872:	681a      	ldr	r2, [r3, #0]
20001874:	f022 0201 	bic.w	r2, r2, #1
20001878:	601a      	str	r2, [r3, #0]
2000187a:	f247 5330 	movw	r3, #30000	@ 0x7530
2000187e:	bf00      	nop
20001880:	3b01      	subs	r3, #1
20001882:	d1fc      	bne.n	2000187e <uvm2_psram_probe+0xca>
20001884:	4961      	ldr	r1, [pc, #388]	@ (20001a0c <uvm2_psram_probe+0x258>)
20001886:	f8ad 300c 	strh.w	r3, [sp, #12]
2000188a:	680b      	ldr	r3, [r1, #0]
2000188c:	f043 0301 	orr.w	r3, r3, #1
20001890:	600b      	str	r3, [r1, #0]
20001892:	4b60      	ldr	r3, [pc, #384]	@ (20001a14 <uvm2_psram_probe+0x260>)
20001894:	e001      	b.n	2000189a <uvm2_psram_probe+0xe6>
20001896:	3b01      	subs	r3, #1
20001898:	d002      	beq.n	200018a0 <uvm2_psram_probe+0xec>
2000189a:	680a      	ldr	r2, [r1, #0]
2000189c:	0790      	lsls	r0, r2, #30
2000189e:	d4fa      	bmi.n	20001896 <uvm2_psram_probe+0xe2>
200018a0:	a903      	add	r1, sp, #12
200018a2:	a805      	add	r0, sp, #20
200018a4:	f7ff fed8 	bl	20001658 <cs1_xfer.constprop.0>
200018a8:	4958      	ldr	r1, [pc, #352]	@ (20001a0c <uvm2_psram_probe+0x258>)
200018aa:	680b      	ldr	r3, [r1, #0]
200018ac:	f023 0308 	bic.w	r3, r3, #8
200018b0:	600b      	str	r3, [r1, #0]
200018b2:	680b      	ldr	r3, [r1, #0]
200018b4:	f023 0301 	bic.w	r3, r3, #1
200018b8:	600b      	str	r3, [r1, #0]
200018ba:	f89d 300c 	ldrb.w	r3, [sp, #12]
200018be:	2b0d      	cmp	r3, #13
200018c0:	636b      	str	r3, [r5, #52]	@ 0x34
200018c2:	d070      	beq.n	200019a6 <uvm2_psram_probe+0x1f2>
200018c4:	680b      	ldr	r3, [r1, #0]
200018c6:	f043 0301 	orr.w	r3, r3, #1
200018ca:	600b      	str	r3, [r1, #0]
200018cc:	4b51      	ldr	r3, [pc, #324]	@ (20001a14 <uvm2_psram_probe+0x260>)
200018ce:	e001      	b.n	200018d4 <uvm2_psram_probe+0x120>
200018d0:	3b01      	subs	r3, #1
200018d2:	d002      	beq.n	200018da <uvm2_psram_probe+0x126>
200018d4:	680a      	ldr	r2, [r1, #0]
200018d6:	0792      	lsls	r2, r2, #30
200018d8:	d4fa      	bmi.n	200018d0 <uvm2_psram_probe+0x11c>
200018da:	494c      	ldr	r1, [pc, #304]	@ (20001a0c <uvm2_psram_probe+0x258>)
200018dc:	4b4d      	ldr	r3, [pc, #308]	@ (20001a14 <uvm2_psram_probe+0x260>)
200018de:	680a      	ldr	r2, [r1, #0]
200018e0:	f042 0208 	orr.w	r2, r2, #8
200018e4:	600a      	str	r2, [r1, #0]
200018e6:	e001      	b.n	200018ec <uvm2_psram_probe+0x138>
200018e8:	3b01      	subs	r3, #1
200018ea:	d002      	beq.n	200018f2 <uvm2_psram_probe+0x13e>
200018ec:	680a      	ldr	r2, [r1, #0]
200018ee:	0557      	lsls	r7, r2, #21
200018f0:	d4fa      	bmi.n	200018e8 <uvm2_psram_probe+0x134>
200018f2:	4b49      	ldr	r3, [pc, #292]	@ (20001a18 <uvm2_psram_probe+0x264>)
200018f4:	4945      	ldr	r1, [pc, #276]	@ (20001a0c <uvm2_psram_probe+0x258>)
200018f6:	604b      	str	r3, [r1, #4]
200018f8:	4b46      	ldr	r3, [pc, #280]	@ (20001a14 <uvm2_psram_probe+0x260>)
200018fa:	e001      	b.n	20001900 <uvm2_psram_probe+0x14c>
200018fc:	3b01      	subs	r3, #1
200018fe:	d002      	beq.n	20001906 <uvm2_psram_probe+0x152>
20001900:	680a      	ldr	r2, [r1, #0]
20001902:	0796      	lsls	r6, r2, #30
20001904:	d4fa      	bmi.n	200018fc <uvm2_psram_probe+0x148>
20001906:	f247 5330 	movw	r3, #30000	@ 0x7530
2000190a:	4a40      	ldr	r2, [pc, #256]	@ (20001a0c <uvm2_psram_probe+0x258>)
2000190c:	6811      	ldr	r1, [r2, #0]
2000190e:	f021 0108 	bic.w	r1, r1, #8
20001912:	6011      	str	r1, [r2, #0]
20001914:	6811      	ldr	r1, [r2, #0]
20001916:	f021 0108 	bic.w	r1, r1, #8
2000191a:	6011      	str	r1, [r2, #0]
2000191c:	6811      	ldr	r1, [r2, #0]
2000191e:	f021 0101 	bic.w	r1, r1, #1
20001922:	6011      	str	r1, [r2, #0]
20001924:	bf00      	nop
20001926:	3b01      	subs	r3, #1
20001928:	d1fc      	bne.n	20001924 <uvm2_psram_probe+0x170>
2000192a:	4938      	ldr	r1, [pc, #224]	@ (20001a0c <uvm2_psram_probe+0x258>)
2000192c:	4b39      	ldr	r3, [pc, #228]	@ (20001a14 <uvm2_psram_probe+0x260>)
2000192e:	680a      	ldr	r2, [r1, #0]
20001930:	f042 0201 	orr.w	r2, r2, #1
20001934:	600a      	str	r2, [r1, #0]
20001936:	e001      	b.n	2000193c <uvm2_psram_probe+0x188>
20001938:	3b01      	subs	r3, #1
2000193a:	d002      	beq.n	20001942 <uvm2_psram_probe+0x18e>
2000193c:	680a      	ldr	r2, [r1, #0]
2000193e:	0794      	lsls	r4, r2, #30
20001940:	d4fa      	bmi.n	20001938 <uvm2_psram_probe+0x184>
20001942:	a801      	add	r0, sp, #4
20001944:	f7ff ff06 	bl	20001754 <cs1_xfer.constprop.1>
20001948:	a802      	add	r0, sp, #8
2000194a:	f7ff ff03 	bl	20001754 <cs1_xfer.constprop.1>
2000194e:	f247 5330 	movw	r3, #30000	@ 0x7530
20001952:	4a2e      	ldr	r2, [pc, #184]	@ (20001a0c <uvm2_psram_probe+0x258>)
20001954:	6811      	ldr	r1, [r2, #0]
20001956:	f021 0108 	bic.w	r1, r1, #8
2000195a:	6011      	str	r1, [r2, #0]
2000195c:	6811      	ldr	r1, [r2, #0]
2000195e:	f021 0101 	bic.w	r1, r1, #1
20001962:	6011      	str	r1, [r2, #0]
20001964:	bf00      	nop
20001966:	3b01      	subs	r3, #1
20001968:	d1fc      	bne.n	20001964 <uvm2_psram_probe+0x1b0>
2000196a:	4928      	ldr	r1, [pc, #160]	@ (20001a0c <uvm2_psram_probe+0x258>)
2000196c:	f8ad 300c 	strh.w	r3, [sp, #12]
20001970:	680a      	ldr	r2, [r1, #0]
20001972:	4b28      	ldr	r3, [pc, #160]	@ (20001a14 <uvm2_psram_probe+0x260>)
20001974:	f042 0201 	orr.w	r2, r2, #1
20001978:	600a      	str	r2, [r1, #0]
2000197a:	e001      	b.n	20001980 <uvm2_psram_probe+0x1cc>
2000197c:	3b01      	subs	r3, #1
2000197e:	d002      	beq.n	20001986 <uvm2_psram_probe+0x1d2>
20001980:	680a      	ldr	r2, [r1, #0]
20001982:	0790      	lsls	r0, r2, #30
20001984:	d4fa      	bmi.n	2000197c <uvm2_psram_probe+0x1c8>
20001986:	a903      	add	r1, sp, #12
20001988:	a805      	add	r0, sp, #20
2000198a:	f7ff fe65 	bl	20001658 <cs1_xfer.constprop.0>
2000198e:	4b1f      	ldr	r3, [pc, #124]	@ (20001a0c <uvm2_psram_probe+0x258>)
20001990:	681a      	ldr	r2, [r3, #0]
20001992:	f022 0208 	bic.w	r2, r2, #8
20001996:	601a      	str	r2, [r3, #0]
20001998:	681a      	ldr	r2, [r3, #0]
2000199a:	f022 0201 	bic.w	r2, r2, #1
2000199e:	601a      	str	r2, [r3, #0]
200019a0:	f89d 300c 	ldrb.w	r3, [sp, #12]
200019a4:	63ab      	str	r3, [r5, #56]	@ 0x38
200019a6:	2700      	movs	r7, #0
200019a8:	4e1c      	ldr	r6, [pc, #112]	@ (20001a1c <uvm2_psram_probe+0x268>)
200019aa:	4c18      	ldr	r4, [pc, #96]	@ (20001a0c <uvm2_psram_probe+0x258>)
200019ac:	6823      	ldr	r3, [r4, #0]
200019ae:	f816 2b01 	ldrb.w	r2, [r6], #1
200019b2:	f023 537f 	bic.w	r3, r3, #1069547520	@ 0x3fc00000
200019b6:	ea43 5382 	orr.w	r3, r3, r2, lsl #22
200019ba:	6023      	str	r3, [r4, #0]
200019bc:	6823      	ldr	r3, [r4, #0]
200019be:	f043 0301 	orr.w	r3, r3, #1
200019c2:	6023      	str	r3, [r4, #0]
200019c4:	4b13      	ldr	r3, [pc, #76]	@ (20001a14 <uvm2_psram_probe+0x260>)
200019c6:	e001      	b.n	200019cc <uvm2_psram_probe+0x218>
200019c8:	3b01      	subs	r3, #1
200019ca:	d002      	beq.n	200019d2 <uvm2_psram_probe+0x21e>
200019cc:	6822      	ldr	r2, [r4, #0]
200019ce:	0791      	lsls	r1, r2, #30
200019d0:	d4fa      	bmi.n	200019c8 <uvm2_psram_probe+0x214>
200019d2:	a801      	add	r0, sp, #4
200019d4:	f7ff febe 	bl	20001754 <cs1_xfer.constprop.1>
200019d8:	a802      	add	r0, sp, #8
200019da:	f7ff febb 	bl	20001754 <cs1_xfer.constprop.1>
200019de:	f247 5330 	movw	r3, #30000	@ 0x7530
200019e2:	6822      	ldr	r2, [r4, #0]
200019e4:	f022 0208 	bic.w	r2, r2, #8
200019e8:	6022      	str	r2, [r4, #0]
200019ea:	6822      	ldr	r2, [r4, #0]
200019ec:	f022 0201 	bic.w	r2, r2, #1
200019f0:	6022      	str	r2, [r4, #0]
200019f2:	bf00      	nop
200019f4:	3b01      	subs	r3, #1
200019f6:	d1fc      	bne.n	200019f2 <uvm2_psram_probe+0x23e>
200019f8:	f8ad 3010 	strh.w	r3, [sp, #16]
200019fc:	6823      	ldr	r3, [r4, #0]
200019fe:	f043 0301 	orr.w	r3, r3, #1
20001a02:	6023      	str	r3, [r4, #0]
20001a04:	4b03      	ldr	r3, [pc, #12]	@ (20001a14 <uvm2_psram_probe+0x260>)
20001a06:	e00d      	b.n	20001a24 <uvm2_psram_probe+0x270>
20001a08:	2000b3b8 	.word	0x2000b3b8
20001a0c:	400d0000 	.word	0x400d0000
20001a10:	40038000 	.word	0x40038000
20001a14:	000f4240 	.word	0x000f4240
20001a18:	000a00f5 	.word	0x000a00f5
20001a1c:	20003038 	.word	0x20003038
20001a20:	3b01      	subs	r3, #1
20001a22:	d002      	beq.n	20001a2a <uvm2_psram_probe+0x276>
20001a24:	6822      	ldr	r2, [r4, #0]
20001a26:	0792      	lsls	r2, r2, #30
20001a28:	d4fa      	bmi.n	20001a20 <uvm2_psram_probe+0x26c>
20001a2a:	a904      	add	r1, sp, #16
20001a2c:	a805      	add	r0, sp, #20
20001a2e:	f7ff fe13 	bl	20001658 <cs1_xfer.constprop.0>
20001a32:	6823      	ldr	r3, [r4, #0]
20001a34:	eb05 0287 	add.w	r2, r5, r7, lsl #2
20001a38:	f023 0308 	bic.w	r3, r3, #8
20001a3c:	6023      	str	r3, [r4, #0]
20001a3e:	6823      	ldr	r3, [r4, #0]
20001a40:	f023 0301 	bic.w	r3, r3, #1
20001a44:	6023      	str	r3, [r4, #0]
20001a46:	f816 1c01 	ldrb.w	r1, [r6, #-1]
20001a4a:	f8bd 3010 	ldrh.w	r3, [sp, #16]
20001a4e:	65d1      	str	r1, [r2, #92]	@ 0x5c
20001a50:	ba5b      	rev16	r3, r3
20001a52:	eb05 0287 	add.w	r2, r5, r7, lsl #2
20001a56:	3701      	adds	r7, #1
20001a58:	b29b      	uxth	r3, r3
20001a5a:	2f04      	cmp	r7, #4
20001a5c:	64d3      	str	r3, [r2, #76]	@ 0x4c
20001a5e:	d1a5      	bne.n	200019ac <uvm2_psram_probe+0x1f8>
20001a60:	f04f 4250 	mov.w	r2, #3489660928	@ 0xd0000000
20001a64:	f44f 4100 	mov.w	r1, #32768	@ 0x8000
20001a68:	2405      	movs	r4, #5
20001a6a:	f44f 63fa 	mov.w	r3, #2000	@ 0x7d0
20001a6e:	483b      	ldr	r0, [pc, #236]	@ (20001b5c <uvm2_psram_probe+0x3a8>)
20001a70:	f8c0 417c 	str.w	r4, [r0, #380]	@ 0x17c
20001a74:	63d1      	str	r1, [r2, #60]	@ 0x3c
20001a76:	61d1      	str	r1, [r2, #28]
20001a78:	bf00      	nop
20001a7a:	3b01      	subs	r3, #1
20001a7c:	d1fc      	bne.n	20001a78 <uvm2_psram_probe+0x2c4>
20001a7e:	f04f 4150 	mov.w	r1, #3489660928	@ 0xd0000000
20001a82:	f44f 4000 	mov.w	r0, #32768	@ 0x8000
20001a86:	f44f 63fa 	mov.w	r3, #2000	@ 0x7d0
20001a8a:	688a      	ldr	r2, [r1, #8]
20001a8c:	f3c2 32c0 	ubfx	r2, r2, #15, #1
20001a90:	63ea      	str	r2, [r5, #60]	@ 0x3c
20001a92:	6248      	str	r0, [r1, #36]	@ 0x24
20001a94:	bf00      	nop
20001a96:	3b01      	subs	r3, #1
20001a98:	d1fc      	bne.n	20001a94 <uvm2_psram_probe+0x2e0>
20001a9a:	f04f 4250 	mov.w	r2, #3489660928	@ 0xd0000000
20001a9e:	f44f 4400 	mov.w	r4, #32768	@ 0x8000
20001aa2:	f44f 63fa 	mov.w	r3, #2000	@ 0x7d0
20001aa6:	6891      	ldr	r1, [r2, #8]
20001aa8:	4e2d      	ldr	r6, [pc, #180]	@ (20001b60 <uvm2_psram_probe+0x3ac>)
20001aaa:	f3c1 31c0 	ubfx	r1, r1, #15, #1
20001aae:	6429      	str	r1, [r5, #64]	@ 0x40
20001ab0:	f8d6 00c0 	ldr.w	r0, [r6, #192]	@ 0xc0
20001ab4:	f020 014c 	bic.w	r1, r0, #76	@ 0x4c
20001ab8:	f041 0140 	orr.w	r1, r1, #64	@ 0x40
20001abc:	f8c6 10c0 	str.w	r1, [r6, #192]	@ 0xc0
20001ac0:	63d4      	str	r4, [r2, #60]	@ 0x3c
20001ac2:	6254      	str	r4, [r2, #36]	@ 0x24
20001ac4:	bf00      	nop
20001ac6:	3b01      	subs	r3, #1
20001ac8:	d1fc      	bne.n	20001ac4 <uvm2_psram_probe+0x310>
20001aca:	f04f 4250 	mov.w	r2, #3489660928	@ 0xd0000000
20001ace:	f44f 4100 	mov.w	r1, #32768	@ 0x8000
20001ad2:	f644 6320 	movw	r3, #20000	@ 0x4e20
20001ad6:	6451      	str	r1, [r2, #68]	@ 0x44
20001ad8:	bf00      	nop
20001ada:	3b01      	subs	r3, #1
20001adc:	d1fc      	bne.n	20001ad8 <uvm2_psram_probe+0x324>
20001ade:	f04f 4250 	mov.w	r2, #3489660928	@ 0xd0000000
20001ae2:	f44f 4400 	mov.w	r4, #32768	@ 0x8000
20001ae6:	f44f 63fa 	mov.w	r3, #2000	@ 0x7d0
20001aea:	6891      	ldr	r1, [r2, #8]
20001aec:	f3c1 31c0 	ubfx	r1, r1, #15, #1
20001af0:	6469      	str	r1, [r5, #68]	@ 0x44
20001af2:	63d4      	str	r4, [r2, #60]	@ 0x3c
20001af4:	61d4      	str	r4, [r2, #28]
20001af6:	bf00      	nop
20001af8:	3b01      	subs	r3, #1
20001afa:	d1fc      	bne.n	20001af6 <uvm2_psram_probe+0x342>
20001afc:	f04f 4250 	mov.w	r2, #3489660928	@ 0xd0000000
20001b00:	f44f 4100 	mov.w	r1, #32768	@ 0x8000
20001b04:	f644 6320 	movw	r3, #20000	@ 0x4e20
20001b08:	6451      	str	r1, [r2, #68]	@ 0x44
20001b0a:	bf00      	nop
20001b0c:	3b01      	subs	r3, #1
20001b0e:	d1fc      	bne.n	20001b0a <uvm2_psram_probe+0x356>
20001b10:	f04f 4250 	mov.w	r2, #3489660928	@ 0xd0000000
20001b14:	f44f 4c00 	mov.w	ip, #32768	@ 0x8000
20001b18:	2709      	movs	r7, #9
20001b1a:	6893      	ldr	r3, [r2, #8]
20001b1c:	f8df e040 	ldr.w	lr, [pc, #64]	@ 20001b60 <uvm2_psram_probe+0x3ac>
20001b20:	4e0e      	ldr	r6, [pc, #56]	@ (20001b5c <uvm2_psram_probe+0x3a8>)
20001b22:	f3c3 33c0 	ubfx	r3, r3, #15, #1
20001b26:	64ab      	str	r3, [r5, #72]	@ 0x48
20001b28:	f8ce 00c0 	str.w	r0, [lr, #192]	@ 0xc0
20001b2c:	f8c2 c044 	str.w	ip, [r2, #68]	@ 0x44
20001b30:	f8c6 717c 	str.w	r7, [r6, #380]	@ 0x17c
20001b34:	f89d 300c 	ldrb.w	r3, [sp, #12]
20001b38:	2401      	movs	r4, #1
20001b3a:	60eb      	str	r3, [r5, #12]
20001b3c:	f1a3 030d 	sub.w	r3, r3, #13
20001b40:	fab3 f383 	clz	r3, r3
20001b44:	4907      	ldr	r1, [pc, #28]	@ (20001b64 <uvm2_psram_probe+0x3b0>)
20001b46:	f89d 200d 	ldrb.w	r2, [sp, #13]
20001b4a:	095b      	lsrs	r3, r3, #5
20001b4c:	612a      	str	r2, [r5, #16]
20001b4e:	60ab      	str	r3, [r5, #8]
20001b50:	606c      	str	r4, [r5, #4]
20001b52:	6029      	str	r1, [r5, #0]
20001b54:	68a8      	ldr	r0, [r5, #8]
20001b56:	b007      	add	sp, #28
20001b58:	bdf0      	pop	{r4, r5, r6, r7, pc}
20001b5a:	bf00      	nop
20001b5c:	40028000 	.word	0x40028000
20001b60:	40038000 	.word	0x40038000
20001b64:	50535231 	.word	0x50535231

20001b68 <uvm2_svc_handler>:
20001b68:	4668      	mov	r0, sp
20001b6a:	b510      	push	{r4, lr}
20001b6c:	f7ff fcb0 	bl	200014d0 <uvm2_svc_dispatch>
20001b70:	bd10      	pop	{r4, pc}
	...

20001b74 <main>:
20001b74:	f001 b838 	b.w	20002be8 <game_main>

20001b78 <isr_svcall>:
20001b78:	f7ff bff6 	b.w	20001b68 <uvm2_svc_handler>

20001b7c <panic>:
20001b7c:	b40f      	push	{r0, r1, r2, r3}
20001b7e:	b500      	push	{lr}
20001b80:	4808      	ldr	r0, [pc, #32]	@ (20001ba4 <panic+0x28>)
20001b82:	b083      	sub	sp, #12
20001b84:	f000 ff8a 	bl	20002a9c <__wrap_puts>
20001b88:	9b04      	ldr	r3, [sp, #16]
20001b8a:	b13b      	cbz	r3, 20001b9c <panic+0x20>
20001b8c:	a905      	add	r1, sp, #20
20001b8e:	4618      	mov	r0, r3
20001b90:	9101      	str	r1, [sp, #4]
20001b92:	f000 fe37 	bl	20002804 <weak_raw_vprintf>
20001b96:	4804      	ldr	r0, [pc, #16]	@ (20001ba8 <panic+0x2c>)
20001b98:	f000 ff80 	bl	20002a9c <__wrap_puts>
20001b9c:	2001      	movs	r0, #1
20001b9e:	f000 fe49 	bl	20002834 <_exit>
20001ba2:	bf00      	nop
20001ba4:	2000303c 	.word	0x2000303c
20001ba8:	2000304c 	.word	0x2000304c

20001bac <hw_claim_or_assert>:
20001bac:	b570      	push	{r4, r5, r6, lr}
20001bae:	4616      	mov	r6, r2
20001bb0:	f3ef 8410 	mrs	r4, PRIMASK
20001bb4:	b672      	cpsid	i
20001bb6:	f8df e048 	ldr.w	lr, [pc, #72]	@ 20001c00 <hw_claim_or_assert+0x54>
20001bba:	e8de 2fcf 	ldaexb	r2, [lr]
20001bbe:	2301      	movs	r3, #1
20001bc0:	2a00      	cmp	r2, #0
20001bc2:	d1fa      	bne.n	20001bba <hw_claim_or_assert+0xe>
20001bc4:	e8ce 3f42 	strexb	r2, r3, [lr]
20001bc8:	2a00      	cmp	r2, #0
20001bca:	d1f6      	bne.n	20001bba <hw_claim_or_assert+0xe>
20001bcc:	f3bf 8f5f 	dmb	sy
20001bd0:	2301      	movs	r3, #1
20001bd2:	f001 0c07 	and.w	ip, r1, #7
20001bd6:	08ca      	lsrs	r2, r1, #3
20001bd8:	fa03 f30c 	lsl.w	r3, r3, ip
20001bdc:	f810 c002 	ldrb.w	ip, [r0, r2]
20001be0:	ea1c 0503 	ands.w	r5, ip, r3
20001be4:	d108      	bne.n	20001bf8 <hw_claim_or_assert+0x4c>
20001be6:	ea4c 0c03 	orr.w	ip, ip, r3
20001bea:	f800 c002 	strb.w	ip, [r0, r2]
20001bee:	e8ce 5f8f 	stlb	r5, [lr]
20001bf2:	f384 8810 	msr	PRIMASK, r4
20001bf6:	bd70      	pop	{r4, r5, r6, pc}
20001bf8:	4630      	mov	r0, r6
20001bfa:	f7ff ffbf 	bl	20001b7c <panic>
20001bfe:	bf00      	nop
20001c00:	200032f3 	.word	0x200032f3

20001c04 <next_striped_spin_lock_num>:
20001c04:	4a04      	ldr	r2, [pc, #16]	@ (20001c18 <next_striped_spin_lock_num+0x14>)
20001c06:	7810      	ldrb	r0, [r2, #0]
20001c08:	1c43      	adds	r3, r0, #1
20001c0a:	b2db      	uxtb	r3, r3
20001c0c:	2b18      	cmp	r3, #24
20001c0e:	bf28      	it	cs
20001c10:	2310      	movcs	r3, #16
20001c12:	7013      	strb	r3, [r2, #0]
20001c14:	4770      	bx	lr
20001c16:	bf00      	nop
20001c18:	20003101 	.word	0x20003101

20001c1c <spinlock_set_extexclall>:
20001c1c:	f04f 22e0 	mov.w	r2, #3758153728	@ 0xe000e000
20001c20:	6893      	ldr	r3, [r2, #8]
20001c22:	f043 5300 	orr.w	r3, r3, #536870912	@ 0x20000000
20001c26:	6093      	str	r3, [r2, #8]
20001c28:	4770      	bx	lr
20001c2a:	bf00      	nop

20001c2c <spin_locks_reset>:
20001c2c:	2100      	movs	r1, #0
20001c2e:	4b04      	ldr	r3, [pc, #16]	@ (20001c40 <spin_locks_reset+0x14>)
20001c30:	f103 0220 	add.w	r2, r3, #32
20001c34:	e8c3 1f8f 	stlb	r1, [r3]
20001c38:	3301      	adds	r3, #1
20001c3a:	4293      	cmp	r3, r2
20001c3c:	d1fa      	bne.n	20001c34 <spin_locks_reset+0x8>
20001c3e:	4770      	bx	lr
20001c40:	200032e8 	.word	0x200032e8

20001c44 <runtime_init_per_core_irq_priorities>:
20001c44:	f04f 23e0 	mov.w	r3, #3758153728	@ 0xe000e000
20001c48:	f04f 3280 	mov.w	r2, #2155905152	@ 0x80808080
20001c4c:	f8c3 2400 	str.w	r2, [r3, #1024]	@ 0x400
20001c50:	f8c3 2404 	str.w	r2, [r3, #1028]	@ 0x404
20001c54:	f8c3 2408 	str.w	r2, [r3, #1032]	@ 0x408
20001c58:	f8c3 240c 	str.w	r2, [r3, #1036]	@ 0x40c
20001c5c:	f8c3 2410 	str.w	r2, [r3, #1040]	@ 0x410
20001c60:	f8c3 2414 	str.w	r2, [r3, #1044]	@ 0x414
20001c64:	f8c3 2418 	str.w	r2, [r3, #1048]	@ 0x418
20001c68:	f8c3 241c 	str.w	r2, [r3, #1052]	@ 0x41c
20001c6c:	f8c3 2420 	str.w	r2, [r3, #1056]	@ 0x420
20001c70:	f8c3 2424 	str.w	r2, [r3, #1060]	@ 0x424
20001c74:	f8c3 2428 	str.w	r2, [r3, #1064]	@ 0x428
20001c78:	f8c3 242c 	str.w	r2, [r3, #1068]	@ 0x42c
20001c7c:	f8c3 2430 	str.w	r2, [r3, #1072]	@ 0x430
20001c80:	b662      	cpsie	i
20001c82:	4770      	bx	lr

20001c84 <irq_set_enabled>:
20001c84:	2301      	movs	r3, #1
20001c86:	f000 021f 	and.w	r2, r0, #31
20001c8a:	4093      	lsls	r3, r2
20001c8c:	0940      	lsrs	r0, r0, #5
20001c8e:	b141      	cbz	r1, 20001ca2 <irq_set_enabled+0x1e>
20001c90:	0080      	lsls	r0, r0, #2
20001c92:	f100 4060 	add.w	r0, r0, #3758096384	@ 0xe0000000
20001c96:	f500 4061 	add.w	r0, r0, #57600	@ 0xe100
20001c9a:	f8c0 3180 	str.w	r3, [r0, #384]	@ 0x180
20001c9e:	6003      	str	r3, [r0, #0]
20001ca0:	4770      	bx	lr
20001ca2:	4a02      	ldr	r2, [pc, #8]	@ (20001cac <irq_set_enabled+0x28>)
20001ca4:	3020      	adds	r0, #32
20001ca6:	f842 3020 	str.w	r3, [r2, r0, lsl #2]
20001caa:	4770      	bx	lr
20001cac:	e000e100 	.word	0xe000e100

20001cb0 <irq_set_exclusive_handler>:
20001cb0:	b510      	push	{r4, lr}
20001cb2:	b082      	sub	sp, #8
20001cb4:	f3ef 8410 	mrs	r4, PRIMASK
20001cb8:	b672      	cpsid	i
20001cba:	4b16      	ldr	r3, [pc, #88]	@ (20001d14 <irq_set_exclusive_handler+0x64>)
20001cbc:	e8d3 cfcf 	ldaexb	ip, [r3]
20001cc0:	2201      	movs	r2, #1
20001cc2:	f1bc 0f00 	cmp.w	ip, #0
20001cc6:	d1f9      	bne.n	20001cbc <irq_set_exclusive_handler+0xc>
20001cc8:	e8c3 2f4c 	strexb	ip, r2, [r3]
20001ccc:	f1bc 0f00 	cmp.w	ip, #0
20001cd0:	d1f4      	bne.n	20001cbc <irq_set_exclusive_handler+0xc>
20001cd2:	f3bf 8f5f 	dmb	sy
20001cd6:	4a10      	ldr	r2, [pc, #64]	@ (20001d18 <irq_set_exclusive_handler+0x68>)
20001cd8:	3010      	adds	r0, #16
20001cda:	6892      	ldr	r2, [r2, #8]
20001cdc:	f8df c03c 	ldr.w	ip, [pc, #60]	@ 20001d1c <irq_set_exclusive_handler+0x6c>
20001ce0:	f852 2020 	ldr.w	r2, [r2, r0, lsl #2]
20001ce4:	4562      	cmp	r2, ip
20001ce6:	d008      	beq.n	20001cfa <irq_set_exclusive_handler+0x4a>
20001ce8:	4291      	cmp	r1, r2
20001cea:	d006      	beq.n	20001cfa <irq_set_exclusive_handler+0x4a>
20001cec:	e9cd 0100 	strd	r0, r1, [sp]
20001cf0:	f000 fca6 	bl	20002640 <hard_assertion_failure>
20001cf4:	9901      	ldr	r1, [sp, #4]
20001cf6:	4b07      	ldr	r3, [pc, #28]	@ (20001d14 <irq_set_exclusive_handler+0x64>)
20001cf8:	9800      	ldr	r0, [sp, #0]
20001cfa:	4a07      	ldr	r2, [pc, #28]	@ (20001d18 <irq_set_exclusive_handler+0x68>)
20001cfc:	6892      	ldr	r2, [r2, #8]
20001cfe:	f842 1020 	str.w	r1, [r2, r0, lsl #2]
20001d02:	f3bf 8f5f 	dmb	sy
20001d06:	2200      	movs	r2, #0
20001d08:	e8c3 2f8f 	stlb	r2, [r3]
20001d0c:	f384 8810 	msr	PRIMASK, r4
20001d10:	b002      	add	sp, #8
20001d12:	bd10      	pop	{r4, pc}
20001d14:	200032f1 	.word	0x200032f1
20001d18:	e000ed00 	.word	0xe000ed00
20001d1c:	20000111 	.word	0x20000111

20001d20 <lock_init>:
20001d20:	4b01      	ldr	r3, [pc, #4]	@ (20001d28 <lock_init+0x8>)
20001d22:	440b      	add	r3, r1
20001d24:	6003      	str	r3, [r0, #0]
20001d26:	4770      	bx	lr
20001d28:	200032e8 	.word	0x200032e8

20001d2c <runtime_init_mutex>:
20001d2c:	b570      	push	{r4, r5, r6, lr}
20001d2e:	4c10      	ldr	r4, [pc, #64]	@ (20001d70 <runtime_init_mutex+0x44>)
20001d30:	4d10      	ldr	r5, [pc, #64]	@ (20001d74 <runtime_init_mutex+0x48>)
20001d32:	42ac      	cmp	r4, r5
20001d34:	d20e      	bcs.n	20001d54 <runtime_init_mutex+0x28>
20001d36:	26ff      	movs	r6, #255	@ 0xff
20001d38:	6823      	ldr	r3, [r4, #0]
20001d3a:	b163      	cbz	r3, 20001d56 <runtime_init_mutex+0x2a>
20001d3c:	f7ff ff62 	bl	20001c04 <next_striped_spin_lock_num>
20001d40:	4601      	mov	r1, r0
20001d42:	4620      	mov	r0, r4
20001d44:	f7ff ffec 	bl	20001d20 <lock_init>
20001d48:	80a6      	strh	r6, [r4, #4]
20001d4a:	f3bf 8f5f 	dmb	sy
20001d4e:	3408      	adds	r4, #8
20001d50:	42ac      	cmp	r4, r5
20001d52:	d3f1      	bcc.n	20001d38 <runtime_init_mutex+0xc>
20001d54:	bd70      	pop	{r4, r5, r6, pc}
20001d56:	f7ff ff55 	bl	20001c04 <next_striped_spin_lock_num>
20001d5a:	4601      	mov	r1, r0
20001d5c:	4620      	mov	r0, r4
20001d5e:	f7ff ffdf 	bl	20001d20 <lock_init>
20001d62:	7126      	strb	r6, [r4, #4]
20001d64:	f3bf 8f5f 	dmb	sy
20001d68:	3408      	adds	r4, #8
20001d6a:	42ac      	cmp	r4, r5
20001d6c:	d3e4      	bcc.n	20001d38 <runtime_init_mutex+0xc>
20001d6e:	bd70      	pop	{r4, r5, r6, pc}
20001d70:	2000311c 	.word	0x2000311c
20001d74:	2000312c 	.word	0x2000312c

20001d78 <sleep_until_callback>:
20001d78:	4b0d      	ldr	r3, [pc, #52]	@ (20001db0 <sleep_until_callback+0x38>)
20001d7a:	681a      	ldr	r2, [r3, #0]
20001d7c:	f3ef 8110 	mrs	r1, PRIMASK
20001d80:	b672      	cpsid	i
20001d82:	e8d2 cfcf 	ldaexb	ip, [r2]
20001d86:	2001      	movs	r0, #1
20001d88:	f1bc 0f00 	cmp.w	ip, #0
20001d8c:	d1f9      	bne.n	20001d82 <sleep_until_callback+0xa>
20001d8e:	e8c2 0f4c 	strexb	ip, r0, [r2]
20001d92:	f1bc 0f00 	cmp.w	ip, #0
20001d96:	d1f4      	bne.n	20001d82 <sleep_until_callback+0xa>
20001d98:	f3bf 8f5f 	dmb	sy
20001d9c:	2200      	movs	r2, #0
20001d9e:	681b      	ldr	r3, [r3, #0]
20001da0:	e8c3 2f8f 	stlb	r2, [r3]
20001da4:	f381 8810 	msr	PRIMASK, r1
20001da8:	bf40      	sev
20001daa:	2000      	movs	r0, #0
20001dac:	2100      	movs	r1, #0
20001dae:	4770      	bx	lr
20001db0:	2000b3b4 	.word	0x2000b3b4
20001db4:	00000000 	.word	0x00000000

20001db8 <alarm_pool_irq_handler>:
20001db8:	e92d 4ff0 	stmdb	sp!, {r4, r5, r6, r7, r8, r9, sl, fp, lr}
20001dbc:	ed2d 8b02 	vpush	{d8}
20001dc0:	b085      	sub	sp, #20
20001dc2:	f3ef 8305 	mrs	r3, IPSR
20001dc6:	b2db      	uxtb	r3, r3
20001dc8:	3b10      	subs	r3, #16
20001dca:	089a      	lsrs	r2, r3, #2
20001dcc:	bf18      	it	ne
20001dce:	2201      	movne	r2, #1
20001dd0:	f04f 0101 	mov.w	r1, #1
20001dd4:	f003 0b03 	and.w	fp, r3, #3
20001dd8:	bf18      	it	ne
20001dda:	4ca9      	ldrne	r4, [pc, #676]	@ (20002080 <alarm_pool_irq_handler+0x2c8>)
20001ddc:	4ba9      	ldr	r3, [pc, #676]	@ (20002084 <alarm_pool_irq_handler+0x2cc>)
20001dde:	bf08      	it	eq
20001de0:	4ca9      	ldreq	r4, [pc, #676]	@ (20002088 <alarm_pool_irq_handler+0x2d0>)
20001de2:	eb0b 0282 	add.w	r2, fp, r2, lsl #2
20001de6:	f853 5022 	ldr.w	r5, [r3, r2, lsl #2]
20001dea:	fa01 f20b 	lsl.w	r2, r1, fp
20001dee:	f504 5341 	add.w	r3, r4, #12352	@ 0x3040
20001df2:	ed9f 8ba1 	vldr	d8, [pc, #644]	@ 20002078 <alarm_pool_irq_handler+0x2c0>
20001df6:	9202      	str	r2, [sp, #8]
20001df8:	605a      	str	r2, [r3, #4]
20001dfa:	e02f      	b.n	20001e5c <alarm_pool_irq_handler+0xa4>
20001dfc:	88ab      	ldrh	r3, [r5, #4]
20001dfe:	0419      	lsls	r1, r3, #16
20001e00:	f140 8094 	bpl.w	20001f2c <alarm_pool_irq_handler+0x174>
20001e04:	79ab      	ldrb	r3, [r5, #6]
20001e06:	2b00      	cmp	r3, #0
20001e08:	f040 80de 	bne.w	20001fc8 <alarm_pool_irq_handler+0x210>
20001e0c:	f9b5 6008 	ldrsh.w	r6, [r5, #8]
20001e10:	2e00      	cmp	r6, #0
20001e12:	f2c0 811c 	blt.w	2000204e <alarm_pool_irq_handler+0x296>
20001e16:	696b      	ldr	r3, [r5, #20]
20001e18:	eb06 0646 	add.w	r6, r6, r6, lsl #1
20001e1c:	eb03 03c6 	add.w	r3, r3, r6, lsl #3
20001e20:	e9d3 6702 	ldrd	r6, r7, [r3, #8]
20001e24:	f1b7 3fff 	cmp.w	r7, #4294967295	@ 0xffffffff
20001e28:	bf08      	it	eq
20001e2a:	f1b6 3fff 	cmpeq.w	r6, #4294967295	@ 0xffffffff
20001e2e:	d00e      	beq.n	20001e4e <alarm_pool_irq_handler+0x96>
20001e30:	eb04 018b 	add.w	r1, r4, fp, lsl #2
20001e34:	6aa3      	ldr	r3, [r4, #40]	@ 0x28
20001e36:	690a      	ldr	r2, [r1, #16]
20001e38:	1ad2      	subs	r2, r2, r3
20001e3a:	1af3      	subs	r3, r6, r3
20001e3c:	4293      	cmp	r3, r2
20001e3e:	d305      	bcc.n	20001e4c <alarm_pool_irq_handler+0x94>
20001e40:	2301      	movs	r3, #1
20001e42:	6a22      	ldr	r2, [r4, #32]
20001e44:	fa03 f30b 	lsl.w	r3, r3, fp
20001e48:	4213      	tst	r3, r2
20001e4a:	d100      	bne.n	20001e4e <alarm_pool_irq_handler+0x96>
20001e4c:	610e      	str	r6, [r1, #16]
20001e4e:	4620      	mov	r0, r4
20001e50:	f000 fae0 	bl	20002414 <timer_time_us_64>
20001e54:	42b0      	cmp	r0, r6
20001e56:	41b9      	sbcs	r1, r7
20001e58:	f2c0 80f9 	blt.w	2000204e <alarm_pool_irq_handler+0x296>
20001e5c:	f9b5 6008 	ldrsh.w	r6, [r5, #8]
20001e60:	9b02      	ldr	r3, [sp, #8]
20001e62:	2e00      	cmp	r6, #0
20001e64:	63e3      	str	r3, [r4, #60]	@ 0x3c
20001e66:	dbc9      	blt.n	20001dfc <alarm_pool_irq_handler+0x44>
20001e68:	f8d5 9014 	ldr.w	r9, [r5, #20]
20001e6c:	eb06 0a46 	add.w	sl, r6, r6, lsl #1
20001e70:	eb09 07ca 	add.w	r7, r9, sl, lsl #3
20001e74:	68bb      	ldr	r3, [r7, #8]
20001e76:	4620      	mov	r0, r4
20001e78:	f8d7 800c 	ldr.w	r8, [r7, #12]
20001e7c:	9301      	str	r3, [sp, #4]
20001e7e:	f000 fac9 	bl	20002414 <timer_time_us_64>
20001e82:	9b01      	ldr	r3, [sp, #4]
20001e84:	4298      	cmp	r0, r3
20001e86:	eb71 0108 	sbcs.w	r1, r1, r8
20001e8a:	dbb7      	blt.n	20001dfc <alarm_pool_irq_handler+0x44>
20001e8c:	f1b8 0f00 	cmp.w	r8, #0
20001e90:	f2c0 80c0 	blt.w	20002014 <alarm_pool_irq_handler+0x25c>
20001e94:	e9d7 3104 	ldrd	r3, r1, [r7, #16]
20001e98:	4a7c      	ldr	r2, [pc, #496]	@ (2000208c <alarm_pool_irq_handler+0x2d4>)
20001e9a:	4293      	cmp	r3, r2
20001e9c:	f000 80f8 	beq.w	20002090 <alarm_pool_irq_handler+0x2d8>
20001ea0:	887a      	ldrh	r2, [r7, #2]
20001ea2:	f9b5 0008 	ldrsh.w	r0, [r5, #8]
20001ea6:	b292      	uxth	r2, r2
20001ea8:	ea42 4000 	orr.w	r0, r2, r0, lsl #16
20001eac:	4798      	blx	r3
20001eae:	4602      	mov	r2, r0
20001eb0:	460b      	mov	r3, r1
20001eb2:	ea52 0103 	orrs.w	r1, r2, r3
20001eb6:	f000 80ad 	beq.w	20002014 <alarm_pool_irq_handler+0x25c>
20001eba:	2b00      	cmp	r3, #0
20001ebc:	f280 80cd 	bge.w	2000205a <alarm_pool_irq_handler+0x2a2>
20001ec0:	9901      	ldr	r1, [sp, #4]
20001ec2:	ebb1 0e02 	subs.w	lr, r1, r2
20001ec6:	eb68 0803 	sbc.w	r8, r8, r3
20001eca:	f939 303a 	ldrsh.w	r3, [r9, sl, lsl #3]
20001ece:	e9c7 e802 	strd	lr, r8, [r7, #8]
20001ed2:	2b00      	cmp	r3, #0
20001ed4:	db92      	blt.n	20001dfc <alarm_pool_irq_handler+0x44>
20001ed6:	6968      	ldr	r0, [r5, #20]
20001ed8:	eb03 0243 	add.w	r2, r3, r3, lsl #1
20001edc:	eb00 02c2 	add.w	r2, r0, r2, lsl #3
20001ee0:	e9d2 7102 	ldrd	r7, r1, [r2, #8]
20001ee4:	45be      	cmp	lr, r7
20001ee6:	eb78 0c01 	sbcs.w	ip, r8, r1
20001eea:	ea4f 0243 	mov.w	r2, r3, lsl #1
20001eee:	db85      	blt.n	20001dfc <alarm_pool_irq_handler+0x44>
20001ef0:	46ac      	mov	ip, r5
20001ef2:	f82c 3f08 	strh.w	r3, [ip, #8]!
20001ef6:	e006      	b.n	20001f06 <alarm_pool_irq_handler+0x14e>
20001ef8:	eb03 0143 	add.w	r1, r3, r3, lsl #1
20001efc:	eb00 01c1 	add.w	r1, r0, r1, lsl #3
20001f00:	005a      	lsls	r2, r3, #1
20001f02:	e9d1 7102 	ldrd	r7, r1, [r1, #8]
20001f06:	45be      	cmp	lr, r7
20001f08:	eb78 0101 	sbcs.w	r1, r8, r1
20001f0c:	441a      	add	r2, r3
20001f0e:	db05      	blt.n	20001f1c <alarm_pool_irq_handler+0x164>
20001f10:	f930 3032 	ldrsh.w	r3, [r0, r2, lsl #3]
20001f14:	eb00 0cc2 	add.w	ip, r0, r2, lsl #3
20001f18:	2b00      	cmp	r3, #0
20001f1a:	daed      	bge.n	20001ef8 <alarm_pool_irq_handler+0x140>
20001f1c:	f829 303a 	strh.w	r3, [r9, sl, lsl #3]
20001f20:	f8ac 6000 	strh.w	r6, [ip]
20001f24:	88ab      	ldrh	r3, [r5, #4]
20001f26:	0419      	lsls	r1, r3, #16
20001f28:	f53f af6c 	bmi.w	20001e04 <alarm_pool_irq_handler+0x4c>
20001f2c:	692b      	ldr	r3, [r5, #16]
20001f2e:	f3ef 8210 	mrs	r2, PRIMASK
20001f32:	b672      	cpsid	i
20001f34:	e8d3 0fcf 	ldaexb	r0, [r3]
20001f38:	2101      	movs	r1, #1
20001f3a:	2800      	cmp	r0, #0
20001f3c:	d1fa      	bne.n	20001f34 <alarm_pool_irq_handler+0x17c>
20001f3e:	e8c3 1f40 	strexb	r0, r1, [r3]
20001f42:	2800      	cmp	r0, #0
20001f44:	d1f6      	bne.n	20001f34 <alarm_pool_irq_handler+0x17c>
20001f46:	f3bf 8f5f 	dmb	sy
20001f4a:	f64f 76ff 	movw	r6, #65535	@ 0xffff
20001f4e:	88a8      	ldrh	r0, [r5, #4]
20001f50:	2300      	movs	r3, #0
20001f52:	6929      	ldr	r1, [r5, #16]
20001f54:	b200      	sxth	r0, r0
20001f56:	80ae      	strh	r6, [r5, #4]
20001f58:	e8c1 3f8f 	stlb	r3, [r1]
20001f5c:	f382 8810 	msr	PRIMASK, r2
20001f60:	4298      	cmp	r0, r3
20001f62:	f6ff af4f 	blt.w	20001e04 <alarm_pool_irq_handler+0x4c>
20001f66:	4607      	mov	r7, r0
20001f68:	46a1      	mov	r9, r4
20001f6a:	696e      	ldr	r6, [r5, #20]
20001f6c:	f105 0808 	add.w	r8, r5, #8
20001f70:	f9b5 3008 	ldrsh.w	r3, [r5, #8]
20001f74:	eb07 0e47 	add.w	lr, r7, r7, lsl #1
20001f78:	2b00      	cmp	r3, #0
20001f7a:	46c4      	mov	ip, r8
20001f7c:	eb06 02ce 	add.w	r2, r6, lr, lsl #3
20001f80:	db15      	blt.n	20001fae <alarm_pool_irq_handler+0x1f6>
20001f82:	e9d2 4002 	ldrd	r4, r0, [r2, #8]
20001f86:	46aa      	mov	sl, r5
20001f88:	9701      	str	r7, [sp, #4]
20001f8a:	e004      	b.n	20001f96 <alarm_pool_irq_handler+0x1de>
20001f8c:	f936 3035 	ldrsh.w	r3, [r6, r5, lsl #3]
20001f90:	4694      	mov	ip, r2
20001f92:	2b00      	cmp	r3, #0
20001f94:	db09      	blt.n	20001faa <alarm_pool_irq_handler+0x1f2>
20001f96:	eb03 0543 	add.w	r5, r3, r3, lsl #1
20001f9a:	eb06 02c5 	add.w	r2, r6, r5, lsl #3
20001f9e:	e9d2 7102 	ldrd	r7, r1, [r2, #8]
20001fa2:	42bc      	cmp	r4, r7
20001fa4:	eb70 0101 	sbcs.w	r1, r0, r1
20001fa8:	daf0      	bge.n	20001f8c <alarm_pool_irq_handler+0x1d4>
20001faa:	4655      	mov	r5, sl
20001fac:	9f01      	ldr	r7, [sp, #4]
20001fae:	f8ac 7000 	strh.w	r7, [ip]
20001fb2:	f936 703e 	ldrsh.w	r7, [r6, lr, lsl #3]
20001fb6:	f826 303e 	strh.w	r3, [r6, lr, lsl #3]
20001fba:	2f00      	cmp	r7, #0
20001fbc:	dad8      	bge.n	20001f70 <alarm_pool_irq_handler+0x1b8>
20001fbe:	79ab      	ldrb	r3, [r5, #6]
20001fc0:	464c      	mov	r4, r9
20001fc2:	2b00      	cmp	r3, #0
20001fc4:	f43f af22 	beq.w	20001e0c <alarm_pool_irq_handler+0x54>
20001fc8:	2300      	movs	r3, #0
20001fca:	71ab      	strb	r3, [r5, #6]
20001fcc:	f9b5 6008 	ldrsh.w	r6, [r5, #8]
20001fd0:	1c72      	adds	r2, r6, #1
20001fd2:	4633      	mov	r3, r6
20001fd4:	d03b      	beq.n	2000204e <alarm_pool_irq_handler+0x296>
20001fd6:	6968      	ldr	r0, [r5, #20]
20001fd8:	f105 0e08 	add.w	lr, r5, #8
20001fdc:	e003      	b.n	20001fe6 <alarm_pool_irq_handler+0x22e>
20001fde:	468e      	mov	lr, r1
20001fe0:	1c5a      	adds	r2, r3, #1
20001fe2:	f43f af15 	beq.w	20001e10 <alarm_pool_irq_handler+0x58>
20001fe6:	eb03 0243 	add.w	r2, r3, r3, lsl #1
20001fea:	eb00 01c2 	add.w	r1, r0, r2, lsl #3
20001fee:	884f      	ldrh	r7, [r1, #2]
20001ff0:	469c      	mov	ip, r3
20001ff2:	043f      	lsls	r7, r7, #16
20001ff4:	f930 3032 	ldrsh.w	r3, [r0, r2, lsl #3]
20001ff8:	d5f1      	bpl.n	20001fde <alarm_pool_irq_handler+0x226>
20001ffa:	4566      	cmp	r6, ip
20001ffc:	ed81 8b02 	vstr	d8, [r1, #8]
20002000:	d0ee      	beq.n	20001fe0 <alarm_pool_irq_handler+0x228>
20002002:	f8ae 3000 	strh.w	r3, [lr]
20002006:	8929      	ldrh	r1, [r5, #8]
20002008:	4666      	mov	r6, ip
2000200a:	f820 1032 	strh.w	r1, [r0, r2, lsl #3]
2000200e:	f8a5 c008 	strh.w	ip, [r5, #8]
20002012:	e7e5      	b.n	20001fe0 <alarm_pool_irq_handler+0x228>
20002014:	f839 303a 	ldrh.w	r3, [r9, sl, lsl #3]
20002018:	812b      	strh	r3, [r5, #8]
2000201a:	692b      	ldr	r3, [r5, #16]
2000201c:	f3ef 8210 	mrs	r2, PRIMASK
20002020:	b672      	cpsid	i
20002022:	e8d3 0fcf 	ldaexb	r0, [r3]
20002026:	2101      	movs	r1, #1
20002028:	2800      	cmp	r0, #0
2000202a:	d1fa      	bne.n	20002022 <alarm_pool_irq_handler+0x26a>
2000202c:	e8c3 1f40 	strexb	r0, r1, [r3]
20002030:	2800      	cmp	r0, #0
20002032:	d1f6      	bne.n	20002022 <alarm_pool_irq_handler+0x26a>
20002034:	f3bf 8f5f 	dmb	sy
20002038:	886b      	ldrh	r3, [r5, #2]
2000203a:	6929      	ldr	r1, [r5, #16]
2000203c:	f829 303a 	strh.w	r3, [r9, sl, lsl #3]
20002040:	2300      	movs	r3, #0
20002042:	806e      	strh	r6, [r5, #2]
20002044:	e8c1 3f8f 	stlb	r3, [r1]
20002048:	f382 8810 	msr	PRIMASK, r2
2000204c:	e6d6      	b.n	20001dfc <alarm_pool_irq_handler+0x44>
2000204e:	bf40      	sev
20002050:	b005      	add	sp, #20
20002052:	ecbd 8b02 	vpop	{d8}
20002056:	e8bd 8ff0 	ldmia.w	sp!, {r4, r5, r6, r7, r8, r9, sl, fp, pc}
2000205a:	4620      	mov	r0, r4
2000205c:	9303      	str	r3, [sp, #12]
2000205e:	9201      	str	r2, [sp, #4]
20002060:	f000 f9d8 	bl	20002414 <timer_time_us_64>
20002064:	9a01      	ldr	r2, [sp, #4]
20002066:	9b03      	ldr	r3, [sp, #12]
20002068:	eb10 0e02 	adds.w	lr, r0, r2
2000206c:	eb43 0801 	adc.w	r8, r3, r1
20002070:	e72b      	b.n	20001eca <alarm_pool_irq_handler+0x112>
20002072:	bf00      	nop
20002074:	f3af 8000 	nop.w
20002078:	ffffffff 	.word	0xffffffff
2000207c:	ffffffff 	.word	0xffffffff
20002080:	400b8000 	.word	0x400b8000
20002084:	20003340 	.word	0x20003340
20002088:	400b0000 	.word	0x400b0000
2000208c:	20001db9 	.word	0x20001db9
20002090:	4608      	mov	r0, r1
20002092:	690b      	ldr	r3, [r1, #16]
20002094:	9103      	str	r1, [sp, #12]
20002096:	4798      	blx	r3
20002098:	2800      	cmp	r0, #0
2000209a:	d0bb      	beq.n	20002014 <alarm_pool_irq_handler+0x25c>
2000209c:	9903      	ldr	r1, [sp, #12]
2000209e:	e9d1 2300 	ldrd	r2, r3, [r1]
200020a2:	e706      	b.n	20001eb2 <alarm_pool_irq_handler+0xfa>

200020a4 <runtime_init_default_alarm_pool>:
200020a4:	b538      	push	{r3, r4, r5, lr}
200020a6:	4b38      	ldr	r3, [pc, #224]	@ (20002188 <runtime_init_default_alarm_pool+0xe4>)
200020a8:	691c      	ldr	r4, [r3, #16]
200020aa:	b12c      	cbz	r4, 200020b8 <runtime_init_default_alarm_pool+0x14>
200020ac:	e8bd 4038 	ldmia.w	sp!, {r3, r4, r5, lr}
200020b0:	210a      	movs	r1, #10
200020b2:	4836      	ldr	r0, [pc, #216]	@ (2000218c <runtime_init_default_alarm_pool+0xe8>)
200020b4:	f7ff be34 	b.w	20001d20 <lock_init>
200020b8:	2103      	movs	r1, #3
200020ba:	4835      	ldr	r0, [pc, #212]	@ (20002190 <runtime_init_default_alarm_pool+0xec>)
200020bc:	f000 f998 	bl	200023f0 <timer_hardware_alarm_claim>
200020c0:	4d33      	ldr	r5, [pc, #204]	@ (20002190 <runtime_init_default_alarm_pool+0xec>)
200020c2:	4b31      	ldr	r3, [pc, #196]	@ (20002188 <runtime_init_default_alarm_pool+0xe4>)
200020c4:	60dd      	str	r5, [r3, #12]
200020c6:	f7ff fd9d 	bl	20001c04 <next_striped_spin_lock_num>
200020ca:	4a32      	ldr	r2, [pc, #200]	@ (20002194 <runtime_init_default_alarm_pool+0xf0>)
200020cc:	f04f 4e50 	mov.w	lr, #3489660928	@ 0xd0000000
200020d0:	4402      	add	r2, r0
200020d2:	2003      	movs	r0, #3
200020d4:	4b2c      	ldr	r3, [pc, #176]	@ (20002188 <runtime_init_default_alarm_pool+0xe4>)
200020d6:	f04f 0c0f 	mov.w	ip, #15
200020da:	7018      	strb	r0, [r3, #0]
200020dc:	611a      	str	r2, [r3, #16]
200020de:	f8de 2000 	ldr.w	r2, [lr]
200020e2:	f64f 71ff 	movw	r1, #65535	@ 0xffff
200020e6:	705a      	strb	r2, [r3, #1]
200020e8:	695a      	ldr	r2, [r3, #20]
200020ea:	f8a3 c002 	strh.w	ip, [r3, #2]
200020ee:	8314      	strh	r4, [r2, #24]
200020f0:	f04f 0402 	mov.w	r4, #2
200020f4:	f8a2 4048 	strh.w	r4, [r2, #72]	@ 0x48
200020f8:	f04f 0404 	mov.w	r4, #4
200020fc:	f8a2 4078 	strh.w	r4, [r2, #120]	@ 0x78
20002100:	f04f 0405 	mov.w	r4, #5
20002104:	f8a2 4090 	strh.w	r4, [r2, #144]	@ 0x90
20002108:	f04f 0406 	mov.w	r4, #6
2000210c:	f8a2 40a8 	strh.w	r4, [r2, #168]	@ 0xa8
20002110:	f04f 0407 	mov.w	r4, #7
20002114:	f8a2 40c0 	strh.w	r4, [r2, #192]	@ 0xc0
20002118:	f04f 0409 	mov.w	r4, #9
2000211c:	f8a2 40f0 	strh.w	r4, [r2, #240]	@ 0xf0
20002120:	f04f 040a 	mov.w	r4, #10
20002124:	f8a2 4108 	strh.w	r4, [r2, #264]	@ 0x108
20002128:	f04f 040b 	mov.w	r4, #11
2000212c:	f8a2 4120 	strh.w	r4, [r2, #288]	@ 0x120
20002130:	f04f 040c 	mov.w	r4, #12
20002134:	f8a2 4138 	strh.w	r4, [r2, #312]	@ 0x138
20002138:	f04f 0401 	mov.w	r4, #1
2000213c:	8614      	strh	r4, [r2, #48]	@ 0x30
2000213e:	f04f 0408 	mov.w	r4, #8
20002142:	f8a2 40d8 	strh.w	r4, [r2, #216]	@ 0xd8
20002146:	4c14      	ldr	r4, [pc, #80]	@ (20002198 <runtime_init_default_alarm_pool+0xf4>)
20002148:	f04f 0e0d 	mov.w	lr, #13
2000214c:	f04f 0c0e 	mov.w	ip, #14
20002150:	609c      	str	r4, [r3, #8]
20002152:	2408      	movs	r4, #8
20002154:	8099      	strh	r1, [r3, #4]
20002156:	f8a2 e150 	strh.w	lr, [r2, #336]	@ 0x150
2000215a:	f8a2 c168 	strh.w	ip, [r2, #360]	@ 0x168
2000215e:	f8a2 0060 	strh.w	r0, [r2, #96]	@ 0x60
20002162:	8011      	strh	r1, [r2, #0]
20002164:	4a0d      	ldr	r2, [pc, #52]	@ (2000219c <runtime_init_default_alarm_pool+0xf8>)
20002166:	622c      	str	r4, [r5, #32]
20002168:	490d      	ldr	r1, [pc, #52]	@ (200021a0 <runtime_init_default_alarm_pool+0xfc>)
2000216a:	60d3      	str	r3, [r2, #12]
2000216c:	f7ff fda0 	bl	20001cb0 <irq_set_exclusive_handler>
20002170:	2101      	movs	r1, #1
20002172:	2003      	movs	r0, #3
20002174:	f7ff fd86 	bl	20001c84 <irq_set_enabled>
20002178:	4b0a      	ldr	r3, [pc, #40]	@ (200021a4 <runtime_init_default_alarm_pool+0x100>)
2000217a:	210a      	movs	r1, #10
2000217c:	641c      	str	r4, [r3, #64]	@ 0x40
2000217e:	4803      	ldr	r0, [pc, #12]	@ (2000218c <runtime_init_default_alarm_pool+0xe8>)
20002180:	e8bd 4038 	ldmia.w	sp!, {r3, r4, r5, lr}
20002184:	f7ff bdcc 	b.w	20001d20 <lock_init>
20002188:	20003104 	.word	0x20003104
2000218c:	2000b3b4 	.word	0x2000b3b4
20002190:	400b0000 	.word	0x400b0000
20002194:	200032e8 	.word	0x200032e8
20002198:	0010ffff 	.word	0x0010ffff
2000219c:	20003340 	.word	0x20003340
200021a0:	20001db9 	.word	0x20001db9
200021a4:	400b2000 	.word	0x400b2000

200021a8 <alarm_pool_add_alarm_at_force_in_context>:
200021a8:	b5f0      	push	{r4, r5, r6, r7, lr}
200021aa:	4616      	mov	r6, r2
200021ac:	461f      	mov	r7, r3
200021ae:	6902      	ldr	r2, [r0, #16]
200021b0:	4603      	mov	r3, r0
200021b2:	f3ef 8010 	mrs	r0, PRIMASK
200021b6:	b672      	cpsid	i
200021b8:	e8d2 4fcf 	ldaexb	r4, [r2]
200021bc:	2101      	movs	r1, #1
200021be:	2c00      	cmp	r4, #0
200021c0:	d1fa      	bne.n	200021b8 <alarm_pool_add_alarm_at_force_in_context+0x10>
200021c2:	e8c2 1f44 	strexb	r4, r1, [r2]
200021c6:	2c00      	cmp	r4, #0
200021c8:	d1f6      	bne.n	200021b8 <alarm_pool_add_alarm_at_force_in_context+0x10>
200021ca:	f3bf 8f5f 	dmb	sy
200021ce:	f9b3 1002 	ldrsh.w	r1, [r3, #2]
200021d2:	691d      	ldr	r5, [r3, #16]
200021d4:	2900      	cmp	r1, #0
200021d6:	db45      	blt.n	20002264 <alarm_pool_add_alarm_at_force_in_context+0xbc>
200021d8:	f8d3 e014 	ldr.w	lr, [r3, #20]
200021dc:	eb01 0241 	add.w	r2, r1, r1, lsl #1
200021e0:	f83e 4032 	ldrh.w	r4, [lr, r2, lsl #3]
200021e4:	eb0e 0cc2 	add.w	ip, lr, r2, lsl #3
200021e8:	805c      	strh	r4, [r3, #2]
200021ea:	2400      	movs	r4, #0
200021ec:	e8c5 4f8f 	stlb	r4, [r5]
200021f0:	f380 8810 	msr	PRIMASK, r0
200021f4:	9805      	ldr	r0, [sp, #20]
200021f6:	4635      	mov	r5, r6
200021f8:	f8cc 0010 	str.w	r0, [ip, #16]
200021fc:	9806      	ldr	r0, [sp, #24]
200021fe:	463e      	mov	r6, r7
20002200:	f8cc 0014 	str.w	r0, [ip, #20]
20002204:	f8bc 0002 	ldrh.w	r0, [ip, #2]
20002208:	e9cc 5602 	strd	r5, r6, [ip, #8]
2000220c:	3001      	adds	r0, #1
2000220e:	f3c0 000e 	ubfx	r0, r0, #0, #15
20002212:	2801      	cmp	r0, #1
20002214:	bf38      	it	cc
20002216:	2001      	movcc	r0, #1
20002218:	f8ac 0002 	strh.w	r0, [ip, #2]
2000221c:	ea40 4001 	orr.w	r0, r0, r1, lsl #16
20002220:	f8d3 c010 	ldr.w	ip, [r3, #16]
20002224:	f3ef 8510 	mrs	r5, PRIMASK
20002228:	b672      	cpsid	i
2000222a:	e8dc 7fcf 	ldaexb	r7, [ip]
2000222e:	2601      	movs	r6, #1
20002230:	2f00      	cmp	r7, #0
20002232:	d1fa      	bne.n	2000222a <alarm_pool_add_alarm_at_force_in_context+0x82>
20002234:	e8cc 6f47 	strexb	r7, r6, [ip]
20002238:	2f00      	cmp	r7, #0
2000223a:	d1f6      	bne.n	2000222a <alarm_pool_add_alarm_at_force_in_context+0x82>
2000223c:	f3bf 8f5f 	dmb	sy
20002240:	f8b3 c004 	ldrh.w	ip, [r3, #4]
20002244:	f82e c032 	strh.w	ip, [lr, r2, lsl #3]
20002248:	8099      	strh	r1, [r3, #4]
2000224a:	691a      	ldr	r2, [r3, #16]
2000224c:	e8c2 4f8f 	stlb	r4, [r2]
20002250:	f385 8810 	msr	PRIMASK, r5
20002254:	2101      	movs	r1, #1
20002256:	781c      	ldrb	r4, [r3, #0]
20002258:	68da      	ldr	r2, [r3, #12]
2000225a:	40a1      	lsls	r1, r4
2000225c:	f502 5301 	add.w	r3, r2, #8256	@ 0x2040
20002260:	6059      	str	r1, [r3, #4]
20002262:	bdf0      	pop	{r4, r5, r6, r7, pc}
20002264:	2300      	movs	r3, #0
20002266:	e8c5 3f8f 	stlb	r3, [r5]
2000226a:	f380 8810 	msr	PRIMASK, r0
2000226e:	f04f 30ff 	mov.w	r0, #4294967295	@ 0xffffffff
20002272:	bdf0      	pop	{r4, r5, r6, r7, pc}

20002274 <alarm_pool_cancel_alarm>:
20002274:	4603      	mov	r3, r0
20002276:	8940      	ldrh	r0, [r0, #10]
20002278:	ebb0 4f21 	cmp.w	r0, r1, asr #16
2000227c:	dd3a      	ble.n	200022f4 <alarm_pool_cancel_alarm+0x80>
2000227e:	6958      	ldr	r0, [r3, #20]
20002280:	140a      	asrs	r2, r1, #16
20002282:	eb02 0242 	add.w	r2, r2, r2, lsl #1
20002286:	b510      	push	{r4, lr}
20002288:	f8d3 c010 	ldr.w	ip, [r3, #16]
2000228c:	eb00 00c2 	add.w	r0, r0, r2, lsl #3
20002290:	f3ef 8e10 	mrs	lr, PRIMASK
20002294:	b672      	cpsid	i
20002296:	e8dc 4fcf 	ldaexb	r4, [ip]
2000229a:	2201      	movs	r2, #1
2000229c:	2c00      	cmp	r4, #0
2000229e:	d1fa      	bne.n	20002296 <alarm_pool_cancel_alarm+0x22>
200022a0:	e8cc 2f44 	strexb	r4, r2, [ip]
200022a4:	2c00      	cmp	r4, #0
200022a6:	d1f6      	bne.n	20002296 <alarm_pool_cancel_alarm+0x22>
200022a8:	f3bf 8f5f 	dmb	sy
200022ac:	8842      	ldrh	r2, [r0, #2]
200022ae:	b289      	uxth	r1, r1
200022b0:	b292      	uxth	r2, r2
200022b2:	428a      	cmp	r2, r1
200022b4:	d007      	beq.n	200022c6 <alarm_pool_cancel_alarm+0x52>
200022b6:	2200      	movs	r2, #0
200022b8:	691b      	ldr	r3, [r3, #16]
200022ba:	e8c3 2f8f 	stlb	r2, [r3]
200022be:	f38e 8810 	msr	PRIMASK, lr
200022c2:	2000      	movs	r0, #0
200022c4:	bd10      	pop	{r4, pc}
200022c6:	ea6f 4242 	mvn.w	r2, r2, lsl #17
200022ca:	ea6f 4252 	mvn.w	r2, r2, lsr #17
200022ce:	8042      	strh	r2, [r0, #2]
200022d0:	2101      	movs	r1, #1
200022d2:	2200      	movs	r2, #0
200022d4:	6918      	ldr	r0, [r3, #16]
200022d6:	7199      	strb	r1, [r3, #6]
200022d8:	e8c0 2f8f 	stlb	r2, [r0]
200022dc:	f38e 8810 	msr	PRIMASK, lr
200022e0:	f893 c000 	ldrb.w	ip, [r3]
200022e4:	68da      	ldr	r2, [r3, #12]
200022e6:	4608      	mov	r0, r1
200022e8:	f502 5301 	add.w	r3, r2, #8256	@ 0x2040
200022ec:	fa01 f10c 	lsl.w	r1, r1, ip
200022f0:	6059      	str	r1, [r3, #4]
200022f2:	bd10      	pop	{r4, pc}
200022f4:	2000      	movs	r0, #0
200022f6:	4770      	bx	lr

200022f8 <best_effort_wfe_or_timeout>:
200022f8:	f3ef 8205 	mrs	r2, IPSR
200022fc:	b2d2      	uxtb	r2, r2
200022fe:	b182      	cbz	r2, 20002322 <best_effort_wfe_or_timeout+0x2a>
20002300:	4b38      	ldr	r3, [pc, #224]	@ (200023e4 <best_effort_wfe_or_timeout+0xec>)
20002302:	6a5a      	ldr	r2, [r3, #36]	@ 0x24
20002304:	428a      	cmp	r2, r1
20002306:	d202      	bcs.n	2000230e <best_effort_wfe_or_timeout+0x16>
20002308:	2200      	movs	r2, #0
2000230a:	4610      	mov	r0, r2
2000230c:	4770      	bx	lr
2000230e:	bf14      	ite	ne
20002310:	2201      	movne	r2, #1
20002312:	2200      	moveq	r2, #0
20002314:	6a9b      	ldr	r3, [r3, #40]	@ 0x28
20002316:	4283      	cmp	r3, r0
20002318:	bf28      	it	cs
2000231a:	f042 0201 	orrcs.w	r2, r2, #1
2000231e:	4610      	mov	r0, r2
20002320:	4770      	bx	lr
20002322:	b570      	push	{r4, r5, r6, lr}
20002324:	b084      	sub	sp, #16
20002326:	9203      	str	r2, [sp, #12]
20002328:	4a2f      	ldr	r2, [pc, #188]	@ (200023e8 <best_effort_wfe_or_timeout+0xf0>)
2000232a:	4606      	mov	r6, r0
2000232c:	68d3      	ldr	r3, [r2, #12]
2000232e:	7815      	ldrb	r5, [r2, #0]
20002330:	4618      	mov	r0, r3
20002332:	460c      	mov	r4, r1
20002334:	9302      	str	r3, [sp, #8]
20002336:	f000 f86d 	bl	20002414 <timer_time_us_64>
2000233a:	9b02      	ldr	r3, [sp, #8]
2000233c:	f105 0c04 	add.w	ip, r5, #4
20002340:	f853 c02c 	ldr.w	ip, [r3, ip, lsl #2]
20002344:	9a03      	ldr	r2, [sp, #12]
20002346:	ebac 0c00 	sub.w	ip, ip, r0
2000234a:	1a30      	subs	r0, r6, r0
2000234c:	eb64 0101 	sbc.w	r1, r4, r1
20002350:	4560      	cmp	r0, ip
20002352:	f171 0100 	sbcs.w	r1, r1, #0
20002356:	db0f      	blt.n	20002378 <best_effort_wfe_or_timeout+0x80>
20002358:	bf20      	wfe
2000235a:	4b22      	ldr	r3, [pc, #136]	@ (200023e4 <best_effort_wfe_or_timeout+0xec>)
2000235c:	6a59      	ldr	r1, [r3, #36]	@ 0x24
2000235e:	42a1      	cmp	r1, r4
20002360:	d307      	bcc.n	20002372 <best_effort_wfe_or_timeout+0x7a>
20002362:	bf14      	ite	ne
20002364:	2201      	movne	r2, #1
20002366:	2200      	moveq	r2, #0
20002368:	6a9b      	ldr	r3, [r3, #40]	@ 0x28
2000236a:	42b3      	cmp	r3, r6
2000236c:	bf28      	it	cs
2000236e:	f042 0201 	orrcs.w	r2, r2, #1
20002372:	4610      	mov	r0, r2
20002374:	b004      	add	sp, #16
20002376:	bd70      	pop	{r4, r5, r6, pc}
20002378:	9202      	str	r2, [sp, #8]
2000237a:	f000 f853 	bl	20002424 <time_us_64>
2000237e:	4286      	cmp	r6, r0
20002380:	eb64 0101 	sbc.w	r1, r4, r1
20002384:	2900      	cmp	r1, #0
20002386:	9a02      	ldr	r2, [sp, #8]
20002388:	db1b      	blt.n	200023c2 <best_effort_wfe_or_timeout+0xca>
2000238a:	4918      	ldr	r1, [pc, #96]	@ (200023ec <best_effort_wfe_or_timeout+0xf4>)
2000238c:	4623      	mov	r3, r4
2000238e:	e9cd 1200 	strd	r1, r2, [sp]
20002392:	4815      	ldr	r0, [pc, #84]	@ (200023e8 <best_effort_wfe_or_timeout+0xf0>)
20002394:	4632      	mov	r2, r6
20002396:	f7ff ff07 	bl	200021a8 <alarm_pool_add_alarm_at_force_in_context>
2000239a:	1e01      	subs	r1, r0, #0
2000239c:	dd11      	ble.n	200023c2 <best_effort_wfe_or_timeout+0xca>
2000239e:	4b11      	ldr	r3, [pc, #68]	@ (200023e4 <best_effort_wfe_or_timeout+0xec>)
200023a0:	6a5a      	ldr	r2, [r3, #36]	@ 0x24
200023a2:	42a2      	cmp	r2, r4
200023a4:	d31c      	bcc.n	200023e0 <best_effort_wfe_or_timeout+0xe8>
200023a6:	6a9b      	ldr	r3, [r3, #40]	@ 0x28
200023a8:	42b3      	cmp	r3, r6
200023aa:	d317      	bcc.n	200023dc <best_effort_wfe_or_timeout+0xe4>
200023ac:	480e      	ldr	r0, [pc, #56]	@ (200023e8 <best_effort_wfe_or_timeout+0xf0>)
200023ae:	f7ff ff61 	bl	20002274 <alarm_pool_cancel_alarm>
200023b2:	4b0c      	ldr	r3, [pc, #48]	@ (200023e4 <best_effort_wfe_or_timeout+0xec>)
200023b4:	6a5a      	ldr	r2, [r3, #36]	@ 0x24
200023b6:	42a2      	cmp	r2, r4
200023b8:	d2d3      	bcs.n	20002362 <best_effort_wfe_or_timeout+0x6a>
200023ba:	2200      	movs	r2, #0
200023bc:	4610      	mov	r0, r2
200023be:	b004      	add	sp, #16
200023c0:	bd70      	pop	{r4, r5, r6, pc}
200023c2:	4b08      	ldr	r3, [pc, #32]	@ (200023e4 <best_effort_wfe_or_timeout+0xec>)
200023c4:	6a5a      	ldr	r2, [r3, #36]	@ 0x24
200023c6:	42a2      	cmp	r2, r4
200023c8:	d3f7      	bcc.n	200023ba <best_effort_wfe_or_timeout+0xc2>
200023ca:	1b12      	subs	r2, r2, r4
200023cc:	bf18      	it	ne
200023ce:	2201      	movne	r2, #1
200023d0:	6a9b      	ldr	r3, [r3, #40]	@ 0x28
200023d2:	42b3      	cmp	r3, r6
200023d4:	bf28      	it	cs
200023d6:	f042 0201 	orrcs.w	r2, r2, #1
200023da:	e7ca      	b.n	20002372 <best_effort_wfe_or_timeout+0x7a>
200023dc:	42a2      	cmp	r2, r4
200023de:	d1e5      	bne.n	200023ac <best_effort_wfe_or_timeout+0xb4>
200023e0:	bf20      	wfe
200023e2:	e7e3      	b.n	200023ac <best_effort_wfe_or_timeout+0xb4>
200023e4:	400b0000 	.word	0x400b0000
200023e8:	20003104 	.word	0x20003104
200023ec:	20001d79 	.word	0x20001d79

200023f0 <timer_hardware_alarm_claim>:
200023f0:	b410      	push	{r4}
200023f2:	4b05      	ldr	r3, [pc, #20]	@ (20002408 <timer_hardware_alarm_claim+0x18>)
200023f4:	4c05      	ldr	r4, [pc, #20]	@ (2000240c <timer_hardware_alarm_claim+0x1c>)
200023f6:	4a06      	ldr	r2, [pc, #24]	@ (20002410 <timer_hardware_alarm_claim+0x20>)
200023f8:	42a0      	cmp	r0, r4
200023fa:	bf14      	ite	ne
200023fc:	4618      	movne	r0, r3
200023fe:	1c58      	addeq	r0, r3, #1
20002400:	bc10      	pop	{r4}
20002402:	f7ff bbd3 	b.w	20001bac <hw_claim_or_assert>
20002406:	bf00      	nop
20002408:	20003308 	.word	0x20003308
2000240c:	400b8000 	.word	0x400b8000
20002410:	20003050 	.word	0x20003050

20002414 <timer_time_us_64>:
20002414:	4603      	mov	r3, r0
20002416:	6a41      	ldr	r1, [r0, #36]	@ 0x24
20002418:	460a      	mov	r2, r1
2000241a:	6a98      	ldr	r0, [r3, #40]	@ 0x28
2000241c:	6a59      	ldr	r1, [r3, #36]	@ 0x24
2000241e:	428a      	cmp	r2, r1
20002420:	d1fa      	bne.n	20002418 <timer_time_us_64+0x4>
20002422:	4770      	bx	lr

20002424 <time_us_64>:
20002424:	4b03      	ldr	r3, [pc, #12]	@ (20002434 <time_us_64+0x10>)
20002426:	6a59      	ldr	r1, [r3, #36]	@ 0x24
20002428:	460a      	mov	r2, r1
2000242a:	6a98      	ldr	r0, [r3, #40]	@ 0x28
2000242c:	6a59      	ldr	r1, [r3, #36]	@ 0x24
2000242e:	4291      	cmp	r1, r2
20002430:	d1fa      	bne.n	20002428 <time_us_64+0x4>
20002432:	4770      	bx	lr
20002434:	400b0000 	.word	0x400b0000

20002438 <clock_configure_undivided>:
20002438:	eb00 0c40 	add.w	ip, r0, r0, lsl #1
2000243c:	ea4f 0c8c 	mov.w	ip, ip, lsl #2
20002440:	f10c 4c80 	add.w	ip, ip, #1073741824	@ 0x40000000
20002444:	f50c 3c80 	add.w	ip, ip, #65536	@ 0x10000
20002448:	b570      	push	{r4, r5, r6, lr}
2000244a:	461e      	mov	r6, r3
2000244c:	f8dc 3004 	ldr.w	r3, [ip, #4]
20002450:	1f04      	subs	r4, r0, #4
20002452:	f5b3 3f80 	cmp.w	r3, #65536	@ 0x10000
20002456:	bf38      	it	cc
20002458:	f44f 3380 	movcc.w	r3, #65536	@ 0x10000
2000245c:	b2e4      	uxtb	r4, r4
2000245e:	bf38      	it	cc
20002460:	f8cc 3004 	strcc.w	r3, [ip, #4]
20002464:	2c01      	cmp	r4, #1
20002466:	d92e      	bls.n	200024c6 <clock_configure_undivided+0x8e>
20002468:	f44f 6500 	mov.w	r5, #2048	@ 0x800
2000246c:	4b28      	ldr	r3, [pc, #160]	@ (20002510 <clock_configure_undivided+0xd8>)
2000246e:	f50c 5e40 	add.w	lr, ip, #12288	@ 0x3000
20002472:	f8ce 5000 	str.w	r5, [lr]
20002476:	f853 e020 	ldr.w	lr, [r3, r0, lsl #2]
2000247a:	f1be 0f00 	cmp.w	lr, #0
2000247e:	d117      	bne.n	200024b0 <clock_configure_undivided+0x78>
20002480:	f8dc e000 	ldr.w	lr, [ip]
20002484:	2c01      	cmp	r4, #1
20002486:	ea8e 1242 	eor.w	r2, lr, r2, lsl #5
2000248a:	f002 02e0 	and.w	r2, r2, #224	@ 0xe0
2000248e:	f50c 5e80 	add.w	lr, ip, #4096	@ 0x1000
20002492:	f8ce 2000 	str.w	r2, [lr]
20002496:	d92b      	bls.n	200024f0 <clock_configure_undivided+0xb8>
20002498:	f44f 6100 	mov.w	r1, #2048	@ 0x800
2000249c:	f843 6020 	str.w	r6, [r3, r0, lsl #2]
200024a0:	f44f 3380 	mov.w	r3, #65536	@ 0x10000
200024a4:	f50c 5200 	add.w	r2, ip, #8192	@ 0x2000
200024a8:	6011      	str	r1, [r2, #0]
200024aa:	f8cc 3004 	str.w	r3, [ip, #4]
200024ae:	bd70      	pop	{r4, r5, r6, pc}
200024b0:	695d      	ldr	r5, [r3, #20]
200024b2:	fbb5 fefe 	udiv	lr, r5, lr
200024b6:	f10e 0e01 	add.w	lr, lr, #1
200024ba:	eb0e 0e4e 	add.w	lr, lr, lr, lsl #1
200024be:	f1be 0e03 	subs.w	lr, lr, #3
200024c2:	d2fc      	bcs.n	200024be <clock_configure_undivided+0x86>
200024c4:	e7dc      	b.n	20002480 <clock_configure_undivided+0x48>
200024c6:	2901      	cmp	r1, #1
200024c8:	d1ce      	bne.n	20002468 <clock_configure_undivided+0x30>
200024ca:	2403      	movs	r4, #3
200024cc:	f50c 5340 	add.w	r3, ip, #12288	@ 0x3000
200024d0:	601c      	str	r4, [r3, #0]
200024d2:	f8dc 3008 	ldr.w	r3, [ip, #8]
200024d6:	07db      	lsls	r3, r3, #31
200024d8:	d5fb      	bpl.n	200024d2 <clock_configure_undivided+0x9a>
200024da:	f8dc 3000 	ldr.w	r3, [ip]
200024de:	f50c 5e80 	add.w	lr, ip, #4096	@ 0x1000
200024e2:	ea83 1342 	eor.w	r3, r3, r2, lsl #5
200024e6:	f003 03e0 	and.w	r3, r3, #224	@ 0xe0
200024ea:	f8ce 3000 	str.w	r3, [lr]
200024ee:	4b08      	ldr	r3, [pc, #32]	@ (20002510 <clock_configure_undivided+0xd8>)
200024f0:	2201      	movs	r2, #1
200024f2:	f8dc 4000 	ldr.w	r4, [ip]
200024f6:	404c      	eors	r4, r1
200024f8:	f004 0403 	and.w	r4, r4, #3
200024fc:	f8ce 4000 	str.w	r4, [lr]
20002500:	fa02 f101 	lsl.w	r1, r2, r1
20002504:	f8dc 2008 	ldr.w	r2, [ip, #8]
20002508:	420a      	tst	r2, r1
2000250a:	d0fb      	beq.n	20002504 <clock_configure_undivided+0xcc>
2000250c:	e7c4      	b.n	20002498 <clock_configure_undivided+0x60>
2000250e:	bf00      	nop
20002510:	2000330c 	.word	0x2000330c

20002514 <clock_get_hz>:
20002514:	4b01      	ldr	r3, [pc, #4]	@ (2000251c <clock_get_hz+0x8>)
20002516:	f853 0020 	ldr.w	r0, [r3, r0, lsl #2]
2000251a:	4770      	bx	lr
2000251c:	2000330c 	.word	0x2000330c

20002520 <pll_init>:
20002520:	b510      	push	{r4, lr}
20002522:	9c02      	ldr	r4, [sp, #8]
20002524:	468e      	mov	lr, r1
20002526:	ea4f 3c04 	mov.w	ip, r4, lsl #12
2000252a:	ea4c 4c03 	orr.w	ip, ip, r3, lsl #16
2000252e:	4b1c      	ldr	r3, [pc, #112]	@ (200025a0 <pll_init+0x80>)
20002530:	fbb3 f3f1 	udiv	r3, r3, r1
20002534:	6801      	ldr	r1, [r0, #0]
20002536:	fbb2 f4f3 	udiv	r4, r2, r3
2000253a:	2900      	cmp	r1, #0
2000253c:	db20      	blt.n	20002580 <pll_init+0x60>
2000253e:	4a19      	ldr	r2, [pc, #100]	@ (200025a4 <pll_init+0x84>)
20002540:	4b19      	ldr	r3, [pc, #100]	@ (200025a8 <pll_init+0x88>)
20002542:	4290      	cmp	r0, r2
20002544:	bf14      	ite	ne
20002546:	f44f 4280 	movne.w	r2, #16384	@ 0x4000
2000254a:	f44f 4200 	moveq.w	r2, #32768	@ 0x8000
2000254e:	4917      	ldr	r1, [pc, #92]	@ (200025ac <pll_init+0x8c>)
20002550:	601a      	str	r2, [r3, #0]
20002552:	f503 5380 	add.w	r3, r3, #4096	@ 0x1000
20002556:	601a      	str	r2, [r3, #0]
20002558:	688b      	ldr	r3, [r1, #8]
2000255a:	ea32 0303 	bics.w	r3, r2, r3
2000255e:	d1fb      	bne.n	20002558 <pll_init+0x38>
20002560:	2221      	movs	r2, #33	@ 0x21
20002562:	f500 5340 	add.w	r3, r0, #12288	@ 0x3000
20002566:	3304      	adds	r3, #4
20002568:	f8c0 e000 	str.w	lr, [r0]
2000256c:	6084      	str	r4, [r0, #8]
2000256e:	601a      	str	r2, [r3, #0]
20002570:	6802      	ldr	r2, [r0, #0]
20002572:	2a00      	cmp	r2, #0
20002574:	dafc      	bge.n	20002570 <pll_init+0x50>
20002576:	2208      	movs	r2, #8
20002578:	f8c0 c00c 	str.w	ip, [r0, #12]
2000257c:	601a      	str	r2, [r3, #0]
2000257e:	bd10      	pop	{r4, pc}
20002580:	6803      	ldr	r3, [r0, #0]
20002582:	f003 033f 	and.w	r3, r3, #63	@ 0x3f
20002586:	4573      	cmp	r3, lr
20002588:	d1d9      	bne.n	2000253e <pll_init+0x1e>
2000258a:	6883      	ldr	r3, [r0, #8]
2000258c:	f3c3 030b 	ubfx	r3, r3, #0, #12
20002590:	42a3      	cmp	r3, r4
20002592:	d1d4      	bne.n	2000253e <pll_init+0x1e>
20002594:	68c3      	ldr	r3, [r0, #12]
20002596:	f403 23ee 	and.w	r3, r3, #487424	@ 0x77000
2000259a:	4563      	cmp	r3, ip
2000259c:	d1cf      	bne.n	2000253e <pll_init+0x1e>
2000259e:	bd10      	pop	{r4, pc}
200025a0:	00b71b00 	.word	0x00b71b00
200025a4:	40058000 	.word	0x40058000
200025a8:	40022000 	.word	0x40022000
200025ac:	40020000 	.word	0x40020000

200025b0 <tick_start>:
200025b0:	2301      	movs	r3, #1
200025b2:	eb00 0040 	add.w	r0, r0, r0, lsl #1
200025b6:	0080      	lsls	r0, r0, #2
200025b8:	f100 4080 	add.w	r0, r0, #1073741824	@ 0x40000000
200025bc:	f500 1084 	add.w	r0, r0, #1081344	@ 0x108000
200025c0:	6041      	str	r1, [r0, #4]
200025c2:	6003      	str	r3, [r0, #0]
200025c4:	4770      	bx	lr
200025c6:	bf00      	nop

200025c8 <rom_func_lookup>:
200025c8:	2300      	movs	r3, #0
200025ca:	8adb      	ldrh	r3, [r3, #22]
200025cc:	2200      	movs	r2, #0
200025ce:	e842 f200 	tt	r2, r2
200025d2:	0252      	lsls	r2, r2, #9
200025d4:	d401      	bmi.n	200025da <rom_func_lookup+0x12>
200025d6:	2110      	movs	r1, #16
200025d8:	4718      	bx	r3
200025da:	2104      	movs	r1, #4
200025dc:	4718      	bx	r3
200025de:	bf00      	nop

200025e0 <runtime_init_bootrom_locking_enable>:
200025e0:	4a03      	ldr	r2, [pc, #12]	@ (200025f0 <runtime_init_bootrom_locking_enable+0x10>)
200025e2:	f8d2 3828 	ldr.w	r3, [r2, #2088]	@ 0x828
200025e6:	2b00      	cmp	r3, #0
200025e8:	d0fb      	beq.n	200025e2 <runtime_init_bootrom_locking_enable+0x2>
200025ea:	f3bf 8f5f 	dmb	sy
200025ee:	4770      	bx	lr
200025f0:	400e0000 	.word	0x400e0000

200025f4 <runtime_init_boot_locks_reset>:
200025f4:	2100      	movs	r1, #0
200025f6:	4b04      	ldr	r3, [pc, #16]	@ (20002608 <runtime_init_boot_locks_reset+0x14>)
200025f8:	4a04      	ldr	r2, [pc, #16]	@ (2000260c <runtime_init_boot_locks_reset+0x18>)
200025fa:	f3bf 8f5f 	dmb	sy
200025fe:	f843 1b04 	str.w	r1, [r3], #4
20002602:	4293      	cmp	r3, r2
20002604:	d1f9      	bne.n	200025fa <runtime_init_boot_locks_reset+0x6>
20002606:	4770      	bx	lr
20002608:	400e080c 	.word	0x400e080c
2000260c:	400e082c 	.word	0x400e082c

20002610 <xosc_init>:
20002610:	f44f 6c2a 	mov.w	ip, #2720	@ 0xaa0
20002614:	f44f 708d 	mov.w	r0, #282	@ 0x11a
20002618:	4a05      	ldr	r2, [pc, #20]	@ (20002630 <xosc_init+0x20>)
2000261a:	4b06      	ldr	r3, [pc, #24]	@ (20002634 <xosc_init+0x24>)
2000261c:	4906      	ldr	r1, [pc, #24]	@ (20002638 <xosc_init+0x28>)
2000261e:	f8c2 c000 	str.w	ip, [r2]
20002622:	60d0      	str	r0, [r2, #12]
20002624:	6019      	str	r1, [r3, #0]
20002626:	6853      	ldr	r3, [r2, #4]
20002628:	2b00      	cmp	r3, #0
2000262a:	dafc      	bge.n	20002626 <xosc_init+0x16>
2000262c:	4770      	bx	lr
2000262e:	bf00      	nop
20002630:	40048000 	.word	0x40048000
20002634:	4004a000 	.word	0x4004a000
20002638:	00fab000 	.word	0x00fab000

2000263c <first_per_core_initializer>:
2000263c:	4770      	bx	lr
2000263e:	bf00      	nop

20002640 <hard_assertion_failure>:
20002640:	b508      	push	{r3, lr}
20002642:	4801      	ldr	r0, [pc, #4]	@ (20002648 <hard_assertion_failure+0x8>)
20002644:	f7ff fa9a 	bl	20001b7c <panic>
20002648:	20003074 	.word	0x20003074

2000264c <runtime_run_initializers>:
2000264c:	b538      	push	{r3, r4, r5, lr}
2000264e:	4c05      	ldr	r4, [pc, #20]	@ (20002664 <runtime_run_initializers+0x18>)
20002650:	4d05      	ldr	r5, [pc, #20]	@ (20002668 <runtime_run_initializers+0x1c>)
20002652:	42ac      	cmp	r4, r5
20002654:	d204      	bcs.n	20002660 <runtime_run_initializers+0x14>
20002656:	f854 3b04 	ldr.w	r3, [r4], #4
2000265a:	4798      	blx	r3
2000265c:	42ac      	cmp	r4, r5
2000265e:	d3fa      	bcc.n	20002656 <runtime_run_initializers+0xa>
20002660:	bd38      	pop	{r3, r4, r5, pc}
20002662:	bf00      	nop
20002664:	2000312c 	.word	0x2000312c
20002668:	20003168 	.word	0x20003168

2000266c <runtime_init_early_resets>:
2000266c:	4806      	ldr	r0, [pc, #24]	@ (20002688 <runtime_init_early_resets+0x1c>)
2000266e:	f8df c028 	ldr.w	ip, [pc, #40]	@ 20002698 <runtime_init_early_resets+0x2c>
20002672:	4b06      	ldr	r3, [pc, #24]	@ (2000268c <runtime_init_early_resets+0x20>)
20002674:	4a06      	ldr	r2, [pc, #24]	@ (20002690 <runtime_init_early_resets+0x24>)
20002676:	4907      	ldr	r1, [pc, #28]	@ (20002694 <runtime_init_early_resets+0x28>)
20002678:	f8c0 c000 	str.w	ip, [r0]
2000267c:	601a      	str	r2, [r3, #0]
2000267e:	688b      	ldr	r3, [r1, #8]
20002680:	ea32 0303 	bics.w	r3, r2, r3
20002684:	d1fb      	bne.n	2000267e <runtime_init_early_resets+0x12>
20002686:	4770      	bx	lr
20002688:	40022000 	.word	0x40022000
2000268c:	40023000 	.word	0x40023000
20002690:	03f3fff6 	.word	0x03f3fff6
20002694:	40020000 	.word	0x40020000
20002698:	efef3b7f 	.word	0xefef3b7f

2000269c <runtime_init_usb_power_down>:
2000269c:	4b04      	ldr	r3, [pc, #16]	@ (200026b0 <runtime_init_usb_power_down+0x14>)
2000269e:	6cdb      	ldr	r3, [r3, #76]	@ 0x4c
200026a0:	f5b3 4f00 	cmp.w	r3, #32768	@ 0x8000
200026a4:	d103      	bne.n	200026ae <runtime_init_usb_power_down+0x12>
200026a6:	f44f 2280 	mov.w	r2, #262144	@ 0x40000
200026aa:	4b02      	ldr	r3, [pc, #8]	@ (200026b4 <runtime_init_usb_power_down+0x18>)
200026ac:	64da      	str	r2, [r3, #76]	@ 0x4c
200026ae:	4770      	bx	lr
200026b0:	50110000 	.word	0x50110000
200026b4:	50112000 	.word	0x50112000

200026b8 <runtime_init_per_core_enable_coprocessors>:
200026b8:	f04f 22e0 	mov.w	r2, #3758153728	@ 0xe000e000
200026bc:	4b04      	ldr	r3, [pc, #16]	@ (200026d0 <runtime_init_per_core_enable_coprocessors+0x18>)
200026be:	f8d2 1d88 	ldr.w	r1, [r2, #3464]	@ 0xd88
200026c2:	430b      	orrs	r3, r1
200026c4:	f8c2 3d88 	str.w	r3, [r2, #3464]	@ 0xd88
200026c8:	ee10 0430 			dcp_rcmp r0
200026cc:	4770      	bx	lr
200026ce:	bf00      	nop
200026d0:	00300303 	.word	0x00300303

200026d4 <runtime_init_post_clock_resets>:
200026d4:	f06f 4160 	mvn.w	r1, #3758096384	@ 0xe0000000
200026d8:	4b04      	ldr	r3, [pc, #16]	@ (200026ec <runtime_init_post_clock_resets+0x18>)
200026da:	4a05      	ldr	r2, [pc, #20]	@ (200026f0 <runtime_init_post_clock_resets+0x1c>)
200026dc:	6019      	str	r1, [r3, #0]
200026de:	6893      	ldr	r3, [r2, #8]
200026e0:	43db      	mvns	r3, r3
200026e2:	f033 4360 	bics.w	r3, r3, #3758096384	@ 0xe0000000
200026e6:	d1fa      	bne.n	200026de <runtime_init_post_clock_resets+0xa>
200026e8:	4770      	bx	lr
200026ea:	bf00      	nop
200026ec:	40023000 	.word	0x40023000
200026f0:	40020000 	.word	0x40020000

200026f4 <runtime_init_bootrom_reset>:
200026f4:	b510      	push	{r4, lr}
200026f6:	f245 2053 	movw	r0, #21075	@ 0x5253
200026fa:	f7ff ff65 	bl	200025c8 <rom_func_lookup>
200026fe:	e8bd 4010 	ldmia.w	sp!, {r4, lr}
20002702:	4603      	mov	r3, r0
20002704:	2004      	movs	r0, #4
20002706:	4718      	bx	r3

20002708 <runtime_init_per_core_bootrom_reset>:
20002708:	b510      	push	{r4, lr}
2000270a:	f245 2053 	movw	r0, #21075	@ 0x5253
2000270e:	f7ff ff5b 	bl	200025c8 <rom_func_lookup>
20002712:	e8bd 4010 	ldmia.w	sp!, {r4, lr}
20002716:	4603      	mov	r3, r0
20002718:	2001      	movs	r0, #1
2000271a:	4718      	bx	r3

2000271c <runtime_init_spin_locks_reset>:
2000271c:	f7ff ba86 	b.w	20001c2c <spin_locks_reset>

20002720 <runtime_init_clocks>:
20002720:	2300      	movs	r3, #0
20002722:	b570      	push	{r4, r5, r6, lr}
20002724:	4c2b      	ldr	r4, [pc, #172]	@ (200027d4 <runtime_init_clocks+0xb4>)
20002726:	b082      	sub	sp, #8
20002728:	f8c4 3084 	str.w	r3, [r4, #132]	@ 0x84
2000272c:	f7ff ff70 	bl	20002610 <xosc_init>
20002730:	2201      	movs	r2, #1
20002732:	4b29      	ldr	r3, [pc, #164]	@ (200027d8 <runtime_init_clocks+0xb8>)
20002734:	63da      	str	r2, [r3, #60]	@ 0x3c
20002736:	6c63      	ldr	r3, [r4, #68]	@ 0x44
20002738:	2b01      	cmp	r3, #1
2000273a:	d1fc      	bne.n	20002736 <runtime_init_clocks+0x16>
2000273c:	2103      	movs	r1, #3
2000273e:	4a26      	ldr	r2, [pc, #152]	@ (200027d8 <runtime_init_clocks+0xb8>)
20002740:	4b24      	ldr	r3, [pc, #144]	@ (200027d4 <runtime_init_clocks+0xb4>)
20002742:	6311      	str	r1, [r2, #48]	@ 0x30
20002744:	6b9c      	ldr	r4, [r3, #56]	@ 0x38
20002746:	2c01      	cmp	r4, #1
20002748:	d1fc      	bne.n	20002744 <runtime_init_clocks+0x24>
2000274a:	2602      	movs	r6, #2
2000274c:	2505      	movs	r5, #5
2000274e:	4621      	mov	r1, r4
20002750:	2305      	movs	r3, #5
20002752:	4a22      	ldr	r2, [pc, #136]	@ (200027dc <runtime_init_clocks+0xbc>)
20002754:	4822      	ldr	r0, [pc, #136]	@ (200027e0 <runtime_init_clocks+0xc0>)
20002756:	9600      	str	r6, [sp, #0]
20002758:	f7ff fee2 	bl	20002520 <pll_init>
2000275c:	4621      	mov	r1, r4
2000275e:	462b      	mov	r3, r5
20002760:	4a20      	ldr	r2, [pc, #128]	@ (200027e4 <runtime_init_clocks+0xc4>)
20002762:	4821      	ldr	r0, [pc, #132]	@ (200027e8 <runtime_init_clocks+0xc8>)
20002764:	9500      	str	r5, [sp, #0]
20002766:	f7ff fedb 	bl	20002520 <pll_init>
2000276a:	2200      	movs	r2, #0
2000276c:	2004      	movs	r0, #4
2000276e:	4631      	mov	r1, r6
20002770:	4b1e      	ldr	r3, [pc, #120]	@ (200027ec <runtime_init_clocks+0xcc>)
20002772:	f7ff fe61 	bl	20002438 <clock_configure_undivided>
20002776:	4621      	mov	r1, r4
20002778:	4628      	mov	r0, r5
2000277a:	2200      	movs	r2, #0
2000277c:	4b1c      	ldr	r3, [pc, #112]	@ (200027f0 <runtime_init_clocks+0xd0>)
2000277e:	f7ff fe5b 	bl	20002438 <clock_configure_undivided>
20002782:	2200      	movs	r2, #0
20002784:	2008      	movs	r0, #8
20002786:	4611      	mov	r1, r2
20002788:	4b1a      	ldr	r3, [pc, #104]	@ (200027f4 <runtime_init_clocks+0xd4>)
2000278a:	f7ff fe55 	bl	20002438 <clock_configure_undivided>
2000278e:	2200      	movs	r2, #0
20002790:	2009      	movs	r0, #9
20002792:	4611      	mov	r1, r2
20002794:	4b17      	ldr	r3, [pc, #92]	@ (200027f4 <runtime_init_clocks+0xd4>)
20002796:	f7ff fe4f 	bl	20002438 <clock_configure_undivided>
2000279a:	2200      	movs	r2, #0
2000279c:	2006      	movs	r0, #6
2000279e:	4611      	mov	r1, r2
200027a0:	4b13      	ldr	r3, [pc, #76]	@ (200027f0 <runtime_init_clocks+0xd0>)
200027a2:	f7ff fe49 	bl	20002438 <clock_configure_undivided>
200027a6:	2200      	movs	r2, #0
200027a8:	4b11      	ldr	r3, [pc, #68]	@ (200027f0 <runtime_init_clocks+0xd0>)
200027aa:	2007      	movs	r0, #7
200027ac:	4611      	mov	r1, r2
200027ae:	f7ff fe43 	bl	20002438 <clock_configure_undivided>
200027b2:	2004      	movs	r0, #4
200027b4:	f7ff feae 	bl	20002514 <clock_get_hz>
200027b8:	2400      	movs	r4, #0
200027ba:	4b0f      	ldr	r3, [pc, #60]	@ (200027f8 <runtime_init_clocks+0xd8>)
200027bc:	fba3 3500 	umull	r3, r5, r3, r0
200027c0:	0cad      	lsrs	r5, r5, #18
200027c2:	b2e0      	uxtb	r0, r4
200027c4:	4629      	mov	r1, r5
200027c6:	3401      	adds	r4, #1
200027c8:	f7ff fef2 	bl	200025b0 <tick_start>
200027cc:	2c06      	cmp	r4, #6
200027ce:	d1f8      	bne.n	200027c2 <runtime_init_clocks+0xa2>
200027d0:	b002      	add	sp, #8
200027d2:	bd70      	pop	{r4, r5, r6, pc}
200027d4:	40010000 	.word	0x40010000
200027d8:	40013000 	.word	0x40013000
200027dc:	59682f00 	.word	0x59682f00
200027e0:	40050000 	.word	0x40050000
200027e4:	47868c00 	.word	0x47868c00
200027e8:	40058000 	.word	0x40058000
200027ec:	00b71b00 	.word	0x00b71b00
200027f0:	08f0d180 	.word	0x08f0d180
200027f4:	02dc6c00 	.word	0x02dc6c00
200027f8:	431bde83 	.word	0x431bde83

200027fc <_out_char>:
200027fc:	b900      	cbnz	r0, 20002800 <_out_char+0x4>
200027fe:	4770      	bx	lr
20002800:	f000 b90a 	b.w	20002a18 <__wrap_putchar>

20002804 <weak_raw_vprintf>:
20002804:	b510      	push	{r4, lr}
20002806:	4a09      	ldr	r2, [pc, #36]	@ (2000282c <weak_raw_vprintf+0x28>)
20002808:	b084      	sub	sp, #16
2000280a:	6814      	ldr	r4, [r2, #0]
2000280c:	b14c      	cbz	r4, 20002822 <weak_raw_vprintf+0x1e>
2000280e:	4603      	mov	r3, r0
20002810:	9100      	str	r1, [sp, #0]
20002812:	f04f 32ff 	mov.w	r2, #4294967295	@ 0xffffffff
20002816:	a903      	add	r1, sp, #12
20002818:	4805      	ldr	r0, [pc, #20]	@ (20002830 <weak_raw_vprintf+0x2c>)
2000281a:	47a0      	blx	r4
2000281c:	2001      	movs	r0, #1
2000281e:	b004      	add	sp, #16
20002820:	bd10      	pop	{r4, pc}
20002822:	f000 f93b 	bl	20002a9c <__wrap_puts>
20002826:	4620      	mov	r0, r4
20002828:	b004      	add	sp, #16
2000282a:	bd10      	pop	{r4, pc}
2000282c:	2000333c 	.word	0x2000333c
20002830:	200027fd 	.word	0x200027fd

20002834 <_exit>:
20002834:	be00      	bkpt	0x0000
20002836:	e7fd      	b.n	20002834 <_exit>

20002838 <exit>:
20002838:	b508      	push	{r3, lr}
2000283a:	f7ff fffb 	bl	20002834 <_exit>
2000283e:	bf00      	nop

20002840 <runtime_init>:
20002840:	b538      	push	{r3, r4, r5, lr}
20002842:	4c06      	ldr	r4, [pc, #24]	@ (2000285c <runtime_init+0x1c>)
20002844:	4d06      	ldr	r5, [pc, #24]	@ (20002860 <runtime_init+0x20>)
20002846:	f7ff ff01 	bl	2000264c <runtime_run_initializers>
2000284a:	42ac      	cmp	r4, r5
2000284c:	d204      	bcs.n	20002858 <runtime_init+0x18>
2000284e:	f854 3b04 	ldr.w	r3, [r4], #4
20002852:	4798      	blx	r3
20002854:	42ac      	cmp	r4, r5
20002856:	d3fa      	bcc.n	2000284e <runtime_init+0xe>
20002858:	bd38      	pop	{r3, r4, r5, pc}
2000285a:	bf00      	nop
2000285c:	20003168 	.word	0x20003168
20002860:	20003168 	.word	0x20003168

20002864 <stdio_out_chars_no_crlf>:
20002864:	6803      	ldr	r3, [r0, #0]
20002866:	4608      	mov	r0, r1
20002868:	4611      	mov	r1, r2
2000286a:	4718      	bx	r3

2000286c <stdio_out_chars_crlf>:
2000286c:	b570      	push	{r4, r5, r6, lr}
2000286e:	4605      	mov	r5, r0
20002870:	4608      	mov	r0, r1
20002872:	7d69      	ldrb	r1, [r5, #21]
20002874:	b082      	sub	sp, #8
20002876:	2900      	cmp	r1, #0
20002878:	d04f      	beq.n	2000291a <stdio_out_chars_crlf+0xae>
2000287a:	2a00      	cmp	r2, #0
2000287c:	dd25      	ble.n	200028ca <stdio_out_chars_crlf+0x5e>
2000287e:	7803      	ldrb	r3, [r0, #0]
20002880:	4614      	mov	r4, r2
20002882:	2b0a      	cmp	r3, #10
20002884:	4606      	mov	r6, r0
20002886:	d022      	beq.n	200028ce <stdio_out_chars_crlf+0x62>
20002888:	2c01      	cmp	r4, #1
2000288a:	f04f 0e00 	mov.w	lr, #0
2000288e:	d00d      	beq.n	200028ac <stdio_out_chars_crlf+0x40>
20002890:	4632      	mov	r2, r6
20002892:	2301      	movs	r3, #1
20002894:	f812 cf01 	ldrb.w	ip, [r2, #1]!
20002898:	4619      	mov	r1, r3
2000289a:	f1bc 0f0a 	cmp.w	ip, #10
2000289e:	f103 0301 	add.w	r3, r3, #1
200028a2:	d020      	beq.n	200028e6 <stdio_out_chars_crlf+0x7a>
200028a4:	429c      	cmp	r4, r3
200028a6:	d1f5      	bne.n	20002894 <stdio_out_chars_crlf+0x28>
200028a8:	4574      	cmp	r4, lr
200028aa:	dd05      	ble.n	200028b8 <stdio_out_chars_crlf+0x4c>
200028ac:	682b      	ldr	r3, [r5, #0]
200028ae:	eba4 010e 	sub.w	r1, r4, lr
200028b2:	eb06 000e 	add.w	r0, r6, lr
200028b6:	4798      	blx	r3
200028b8:	1931      	adds	r1, r6, r4
200028ba:	f811 3c01 	ldrb.w	r3, [r1, #-1]
200028be:	f1a3 030d 	sub.w	r3, r3, #13
200028c2:	fab3 f383 	clz	r3, r3
200028c6:	095b      	lsrs	r3, r3, #5
200028c8:	752b      	strb	r3, [r5, #20]
200028ca:	b002      	add	sp, #8
200028cc:	bd70      	pop	{r4, r5, r6, pc}
200028ce:	7d2b      	ldrb	r3, [r5, #20]
200028d0:	2b00      	cmp	r3, #0
200028d2:	d1d9      	bne.n	20002888 <stdio_out_chars_crlf+0x1c>
200028d4:	2102      	movs	r1, #2
200028d6:	682b      	ldr	r3, [r5, #0]
200028d8:	4813      	ldr	r0, [pc, #76]	@ (20002928 <stdio_out_chars_crlf+0xbc>)
200028da:	4798      	blx	r3
200028dc:	2c01      	cmp	r4, #1
200028de:	d0eb      	beq.n	200028b8 <stdio_out_chars_crlf+0x4c>
200028e0:	f04f 0e01 	mov.w	lr, #1
200028e4:	e7d4      	b.n	20002890 <stdio_out_chars_crlf+0x24>
200028e6:	f812 0c01 	ldrb.w	r0, [r2, #-1]
200028ea:	280d      	cmp	r0, #13
200028ec:	d0da      	beq.n	200028a4 <stdio_out_chars_crlf+0x38>
200028ee:	458e      	cmp	lr, r1
200028f0:	eb06 000e 	add.w	r0, r6, lr
200028f4:	eba1 010e 	sub.w	r1, r1, lr
200028f8:	da05      	bge.n	20002906 <stdio_out_chars_crlf+0x9a>
200028fa:	e9cd 3200 	strd	r3, r2, [sp]
200028fe:	682b      	ldr	r3, [r5, #0]
20002900:	4798      	blx	r3
20002902:	e9dd 3200 	ldrd	r3, r2, [sp]
20002906:	e9cd 3200 	strd	r3, r2, [sp]
2000290a:	2102      	movs	r1, #2
2000290c:	682b      	ldr	r3, [r5, #0]
2000290e:	4806      	ldr	r0, [pc, #24]	@ (20002928 <stdio_out_chars_crlf+0xbc>)
20002910:	4798      	blx	r3
20002912:	9b00      	ldr	r3, [sp, #0]
20002914:	9a01      	ldr	r2, [sp, #4]
20002916:	469e      	mov	lr, r3
20002918:	e7c4      	b.n	200028a4 <stdio_out_chars_crlf+0x38>
2000291a:	4611      	mov	r1, r2
2000291c:	682b      	ldr	r3, [r5, #0]
2000291e:	b002      	add	sp, #8
20002920:	e8bd 4070 	ldmia.w	sp!, {r4, r5, r6, lr}
20002924:	4718      	bx	r3
20002926:	bf00      	nop
20002928:	200030d8 	.word	0x200030d8

2000292c <stdio_put_string>:
2000292c:	e92d 47f0 	stmdb	sp!, {r4, r5, r6, r7, r8, r9, sl, lr}
20002930:	b082      	sub	sp, #8
20002932:	4690      	mov	r8, r2
20002934:	461c      	mov	r4, r3
20002936:	460d      	mov	r5, r1
20002938:	4607      	mov	r7, r0
2000293a:	f7ff fd73 	bl	20002424 <time_us_64>
2000293e:	f04f 3cff 	mov.w	ip, #4294967295	@ 0xffffffff
20002942:	f06f 4600 	mvn.w	r6, #2147483648	@ 0x80000000
20002946:	4a2e      	ldr	r2, [pc, #184]	@ (20002a00 <stdio_put_string+0xd4>)
20002948:	1882      	adds	r2, r0, r2
2000294a:	f141 0300 	adc.w	r3, r1, #0
2000294e:	4594      	cmp	ip, r2
20002950:	eb76 0103 	sbcs.w	r1, r6, r3
20002954:	bf3c      	itt	cc
20002956:	4662      	movcc	r2, ip
20002958:	4633      	movcc	r3, r6
2000295a:	482a      	ldr	r0, [pc, #168]	@ (20002a04 <stdio_put_string+0xd8>)
2000295c:	f7fd fc94 	bl	20000288 <mutex_try_enter_block_until>
20002960:	1c6b      	adds	r3, r5, #1
20002962:	4682      	mov	sl, r0
20002964:	d040      	beq.n	200029e8 <stdio_put_string+0xbc>
20002966:	b30c      	cbz	r4, 200029ac <stdio_put_string+0x80>
20002968:	4e27      	ldr	r6, [pc, #156]	@ (20002a08 <stdio_put_string+0xdc>)
2000296a:	4b28      	ldr	r3, [pc, #160]	@ (20002a0c <stdio_put_string+0xe0>)
2000296c:	681c      	ldr	r4, [r3, #0]
2000296e:	b1b4      	cbz	r4, 2000299e <stdio_put_string+0x72>
20002970:	f1b8 0f00 	cmp.w	r8, #0
20002974:	d11c      	bne.n	200029b0 <stdio_put_string+0x84>
20002976:	f8df 809c 	ldr.w	r8, [pc, #156]	@ 20002a14 <stdio_put_string+0xe8>
2000297a:	e001      	b.n	20002980 <stdio_put_string+0x54>
2000297c:	6924      	ldr	r4, [r4, #16]
2000297e:	b174      	cbz	r4, 2000299e <stdio_put_string+0x72>
20002980:	6823      	ldr	r3, [r4, #0]
20002982:	2b00      	cmp	r3, #0
20002984:	d0fa      	beq.n	2000297c <stdio_put_string+0x50>
20002986:	f8d8 3000 	ldr.w	r3, [r8]
2000298a:	b10b      	cbz	r3, 20002990 <stdio_put_string+0x64>
2000298c:	429c      	cmp	r4, r3
2000298e:	d1f5      	bne.n	2000297c <stdio_put_string+0x50>
20002990:	4620      	mov	r0, r4
20002992:	462a      	mov	r2, r5
20002994:	4639      	mov	r1, r7
20002996:	47b0      	blx	r6
20002998:	6924      	ldr	r4, [r4, #16]
2000299a:	2c00      	cmp	r4, #0
2000299c:	d1f0      	bne.n	20002980 <stdio_put_string+0x54>
2000299e:	f1ba 0f00 	cmp.w	sl, #0
200029a2:	d126      	bne.n	200029f2 <stdio_put_string+0xc6>
200029a4:	4628      	mov	r0, r5
200029a6:	b002      	add	sp, #8
200029a8:	e8bd 87f0 	ldmia.w	sp!, {r4, r5, r6, r7, r8, r9, sl, pc}
200029ac:	4e18      	ldr	r6, [pc, #96]	@ (20002a10 <stdio_put_string+0xe4>)
200029ae:	e7dc      	b.n	2000296a <stdio_put_string+0x3e>
200029b0:	f04f 090a 	mov.w	r9, #10
200029b4:	f8df 805c 	ldr.w	r8, [pc, #92]	@ 20002a14 <stdio_put_string+0xe8>
200029b8:	e002      	b.n	200029c0 <stdio_put_string+0x94>
200029ba:	6924      	ldr	r4, [r4, #16]
200029bc:	2c00      	cmp	r4, #0
200029be:	d0ee      	beq.n	2000299e <stdio_put_string+0x72>
200029c0:	6823      	ldr	r3, [r4, #0]
200029c2:	2b00      	cmp	r3, #0
200029c4:	d0f9      	beq.n	200029ba <stdio_put_string+0x8e>
200029c6:	f8d8 3000 	ldr.w	r3, [r8]
200029ca:	b10b      	cbz	r3, 200029d0 <stdio_put_string+0xa4>
200029cc:	42a3      	cmp	r3, r4
200029ce:	d1f4      	bne.n	200029ba <stdio_put_string+0x8e>
200029d0:	462a      	mov	r2, r5
200029d2:	4639      	mov	r1, r7
200029d4:	4620      	mov	r0, r4
200029d6:	47b0      	blx	r6
200029d8:	2201      	movs	r2, #1
200029da:	4620      	mov	r0, r4
200029dc:	f10d 0107 	add.w	r1, sp, #7
200029e0:	f88d 9007 	strb.w	r9, [sp, #7]
200029e4:	47b0      	blx	r6
200029e6:	e7e8      	b.n	200029ba <stdio_put_string+0x8e>
200029e8:	4638      	mov	r0, r7
200029ea:	f000 f875 	bl	20002ad8 <strlen>
200029ee:	4605      	mov	r5, r0
200029f0:	e7b9      	b.n	20002966 <stdio_put_string+0x3a>
200029f2:	4804      	ldr	r0, [pc, #16]	@ (20002a04 <stdio_put_string+0xd8>)
200029f4:	f7fd fc7c 	bl	200002f0 <mutex_exit>
200029f8:	4628      	mov	r0, r5
200029fa:	b002      	add	sp, #8
200029fc:	e8bd 87f0 	ldmia.w	sp!, {r4, r5, r6, r7, r8, r9, sl, pc}
20002a00:	000f4240 	.word	0x000f4240
20002a04:	20003124 	.word	0x20003124
20002a08:	2000286d 	.word	0x2000286d
20002a0c:	20003334 	.word	0x20003334
20002a10:	20002865 	.word	0x20002865
20002a14:	20003338 	.word	0x20003338

20002a18 <__wrap_putchar>:
20002a18:	b5f0      	push	{r4, r5, r6, r7, lr}
20002a1a:	b083      	sub	sp, #12
20002a1c:	4606      	mov	r6, r0
20002a1e:	f88d 0007 	strb.w	r0, [sp, #7]
20002a22:	f7ff fcff 	bl	20002424 <time_us_64>
20002a26:	f04f 35ff 	mov.w	r5, #4294967295	@ 0xffffffff
20002a2a:	f06f 4400 	mvn.w	r4, #2147483648	@ 0x80000000
20002a2e:	4a17      	ldr	r2, [pc, #92]	@ (20002a8c <__wrap_putchar+0x74>)
20002a30:	1882      	adds	r2, r0, r2
20002a32:	f141 0300 	adc.w	r3, r1, #0
20002a36:	4295      	cmp	r5, r2
20002a38:	eb74 0103 	sbcs.w	r1, r4, r3
20002a3c:	bf3c      	itt	cc
20002a3e:	4623      	movcc	r3, r4
20002a40:	462a      	movcc	r2, r5
20002a42:	4813      	ldr	r0, [pc, #76]	@ (20002a90 <__wrap_putchar+0x78>)
20002a44:	f7fd fc20 	bl	20000288 <mutex_try_enter_block_until>
20002a48:	4b12      	ldr	r3, [pc, #72]	@ (20002a94 <__wrap_putchar+0x7c>)
20002a4a:	4607      	mov	r7, r0
20002a4c:	681c      	ldr	r4, [r3, #0]
20002a4e:	b19c      	cbz	r4, 20002a78 <__wrap_putchar+0x60>
20002a50:	4d11      	ldr	r5, [pc, #68]	@ (20002a98 <__wrap_putchar+0x80>)
20002a52:	e001      	b.n	20002a58 <__wrap_putchar+0x40>
20002a54:	6924      	ldr	r4, [r4, #16]
20002a56:	b17c      	cbz	r4, 20002a78 <__wrap_putchar+0x60>
20002a58:	6823      	ldr	r3, [r4, #0]
20002a5a:	2b00      	cmp	r3, #0
20002a5c:	d0fa      	beq.n	20002a54 <__wrap_putchar+0x3c>
20002a5e:	682b      	ldr	r3, [r5, #0]
20002a60:	b10b      	cbz	r3, 20002a66 <__wrap_putchar+0x4e>
20002a62:	429c      	cmp	r4, r3
20002a64:	d1f6      	bne.n	20002a54 <__wrap_putchar+0x3c>
20002a66:	4620      	mov	r0, r4
20002a68:	2201      	movs	r2, #1
20002a6a:	f10d 0107 	add.w	r1, sp, #7
20002a6e:	f7ff fefd 	bl	2000286c <stdio_out_chars_crlf>
20002a72:	6924      	ldr	r4, [r4, #16]
20002a74:	2c00      	cmp	r4, #0
20002a76:	d1ef      	bne.n	20002a58 <__wrap_putchar+0x40>
20002a78:	b917      	cbnz	r7, 20002a80 <__wrap_putchar+0x68>
20002a7a:	4630      	mov	r0, r6
20002a7c:	b003      	add	sp, #12
20002a7e:	bdf0      	pop	{r4, r5, r6, r7, pc}
20002a80:	4803      	ldr	r0, [pc, #12]	@ (20002a90 <__wrap_putchar+0x78>)
20002a82:	f7fd fc35 	bl	200002f0 <mutex_exit>
20002a86:	4630      	mov	r0, r6
20002a88:	b003      	add	sp, #12
20002a8a:	bdf0      	pop	{r4, r5, r6, r7, pc}
20002a8c:	000f4240 	.word	0x000f4240
20002a90:	20003124 	.word	0x20003124
20002a94:	20003334 	.word	0x20003334
20002a98:	20003338 	.word	0x20003338

20002a9c <__wrap_puts>:
20002a9c:	b538      	push	{r3, r4, r5, lr}
20002a9e:	4604      	mov	r4, r0
20002aa0:	f000 f81a 	bl	20002ad8 <strlen>
20002aa4:	2301      	movs	r3, #1
20002aa6:	4605      	mov	r5, r0
20002aa8:	461a      	mov	r2, r3
20002aaa:	4620      	mov	r0, r4
20002aac:	4629      	mov	r1, r5
20002aae:	f7ff ff3d 	bl	2000292c <stdio_put_string>
20002ab2:	4b08      	ldr	r3, [pc, #32]	@ (20002ad4 <__wrap_puts+0x38>)
20002ab4:	681c      	ldr	r4, [r3, #0]
20002ab6:	b12c      	cbz	r4, 20002ac4 <__wrap_puts+0x28>
20002ab8:	6863      	ldr	r3, [r4, #4]
20002aba:	b12b      	cbz	r3, 20002ac8 <__wrap_puts+0x2c>
20002abc:	4798      	blx	r3
20002abe:	6924      	ldr	r4, [r4, #16]
20002ac0:	2c00      	cmp	r4, #0
20002ac2:	d1f9      	bne.n	20002ab8 <__wrap_puts+0x1c>
20002ac4:	4628      	mov	r0, r5
20002ac6:	bd38      	pop	{r3, r4, r5, pc}
20002ac8:	6924      	ldr	r4, [r4, #16]
20002aca:	2c00      	cmp	r4, #0
20002acc:	d1f4      	bne.n	20002ab8 <__wrap_puts+0x1c>
20002ace:	4628      	mov	r0, r5
20002ad0:	bd38      	pop	{r3, r4, r5, pc}
20002ad2:	bf00      	nop
20002ad4:	20003334 	.word	0x20003334

20002ad8 <strlen>:
20002ad8:	f020 0103 	bic.w	r1, r0, #3
20002adc:	f010 0003 	ands.w	r0, r0, #3
20002ae0:	f1c0 0000 	rsb	r0, r0, #0
20002ae4:	f851 3b04 	ldr.w	r3, [r1], #4
20002ae8:	f100 0c04 	add.w	ip, r0, #4
20002aec:	ea4f 0ccc 	mov.w	ip, ip, lsl #3
20002af0:	f06f 0200 	mvn.w	r2, #0
20002af4:	bf1c      	itt	ne
20002af6:	fa22 f20c 	lsrne.w	r2, r2, ip
20002afa:	4313      	orrne	r3, r2
20002afc:	f04f 0c01 	mov.w	ip, #1
20002b00:	ea4c 2c0c 	orr.w	ip, ip, ip, lsl #8
20002b04:	ea4c 4c0c 	orr.w	ip, ip, ip, lsl #16
20002b08:	eba3 020c 	sub.w	r2, r3, ip
20002b0c:	ea22 0203 	bic.w	r2, r2, r3
20002b10:	ea12 12cc 	ands.w	r2, r2, ip, lsl #7
20002b14:	bf04      	itt	eq
20002b16:	f851 3b04 	ldreq.w	r3, [r1], #4
20002b1a:	3004      	addeq	r0, #4
20002b1c:	d0f4      	beq.n	20002b08 <strlen+0x30>
20002b1e:	f1c2 0100 	rsb	r1, r2, #0
20002b22:	ea02 0201 	and.w	r2, r2, r1
20002b26:	fab2 f282 	clz	r2, r2
20002b2a:	f1c2 021f 	rsb	r2, r2, #31
20002b2e:	eb00 00d2 	add.w	r0, r0, r2, lsr #3
20002b32:	4770      	bx	lr

Disassembly of section .game_rom:

20002b34 <game_header>:
20002b34:	5056 3279 2be9 2000 0000 0000 0000 0000     VPy2.+. ........

20002b44 <bus_write>:
20002b44:	df08      	svc	8
20002b46:	4770      	bx	lr

20002b48 <bus_read>:
20002b48:	df0b      	svc	11
20002b4a:	4770      	bx	lr

20002b4c <dv_reset>:
20002b4c:	df00      	svc	0
20002b4e:	4770      	bx	lr

20002b50 <dv_move_to>:
20002b50:	b5fc      	push	{r2, r3, r4, r5, r6, r7, lr}
20002b52:	4604      	mov	r4, r0
20002b54:	460d      	mov	r5, r1
20002b56:	f04f 067f 	mov.w	r6, #127	@ 0x7f
20002b5a:	f1c6 0700 	rsb	r7, r6, #0
20002b5e:	f04f 0308 	mov.w	r3, #8

20002b62 <dvmt_loop>:
20002b62:	4620      	mov	r0, r4
20002b64:	42b0      	cmp	r0, r6
20002b66:	bfc8      	it	gt
20002b68:	4630      	movgt	r0, r6
20002b6a:	42b8      	cmp	r0, r7
20002b6c:	bfb8      	it	lt
20002b6e:	4638      	movlt	r0, r7
20002b70:	4629      	mov	r1, r5
20002b72:	42b1      	cmp	r1, r6
20002b74:	bfc8      	it	gt
20002b76:	4631      	movgt	r1, r6
20002b78:	42b9      	cmp	r1, r7
20002b7a:	bfb8      	it	lt
20002b7c:	4639      	movlt	r1, r7
20002b7e:	b403      	push	{r0, r1}
20002b80:	df03      	svc	3
20002b82:	bc03      	pop	{r0, r1}
20002b84:	1a24      	subs	r4, r4, r0
20002b86:	1a6d      	subs	r5, r5, r1
20002b88:	ea54 0205 	orrs.w	r2, r4, r5
20002b8c:	d001      	beq.n	20002b92 <dvmt_done>
20002b8e:	3b01      	subs	r3, #1
20002b90:	d1e7      	bne.n	20002b62 <dvmt_loop>

20002b92 <dvmt_done>:
20002b92:	bdfc      	pop	{r2, r3, r4, r5, r6, r7, pc}

20002b94 <dv_draw_delta>:
20002b94:	df04      	svc	4
20002b96:	4770      	bx	lr

20002b98 <vpy_wait_recal>:
20002b98:	df01      	svc	1
20002b9a:	4770      	bx	lr

20002b9c <vpy_set_intensity>:
20002b9c:	df02      	svc	2
20002b9e:	4770      	bx	lr

20002ba0 <vpy_print_text>:
20002ba0:	4b08      	ldr	r3, [pc, #32]	@ (20002bc4 <vpy_print_text+0x24>)
20002ba2:	681b      	ldr	r3, [r3, #0]
20002ba4:	2b00      	cmp	r3, #0
20002ba6:	bf08      	it	eq
20002ba8:	2303      	moveq	r3, #3
20002baa:	f8df c01c 	ldr.w	ip, [pc, #28]	@ 20002bc8 <vpy_print_text+0x28>
20002bae:	f89c c000 	ldrb.w	ip, [ip]
20002bb2:	f1bc 0f00 	cmp.w	ip, #0
20002bb6:	bf08      	it	eq
20002bb8:	f04f 0c64 	moveq.w	ip, #100	@ 0x64
20002bbc:	ea43 230c 	orr.w	r3, r3, ip, lsl #8
20002bc0:	df10      	svc	16
20002bc2:	4770      	bx	lr
20002bc4:	2007f154 	.word	0x2007f154
20002bc8:	2007f43e 	.word	0x2007f43e

20002bcc <vpy_set_text_size>:
20002bcc:	ea4f 0140 	mov.w	r1, r0, lsl #1
20002bd0:	4401      	add	r1, r0
20002bd2:	f101 0104 	add.w	r1, r1, #4
20002bd6:	ea4f 01d1 	mov.w	r1, r1, lsr #3
20002bda:	2901      	cmp	r1, #1
20002bdc:	d201      	bcs.n	20002be2 <vsts_ok>
20002bde:	f04f 0101 	mov.w	r1, #1

20002be2 <vsts_ok>:
20002be2:	4830      	ldr	r0, [pc, #192]	@ (20002ca4 <_str_1_after+0x10>)
20002be4:	6001      	str	r1, [r0, #0]
20002be6:	4770      	bx	lr

20002be8 <game_main>:
20002be8:	f7fe fc48 	bl	2000147c <uvm2_runtime_init>
20002bec:	b5f0      	push	{r4, r5, r6, r7, lr}
20002bee:	482e      	ldr	r0, [pc, #184]	@ (20002ca8 <_str_1_after+0x14>)
20002bf0:	492e      	ldr	r1, [pc, #184]	@ (20002cac <_str_1_after+0x18>)
20002bf2:	f04f 0200 	mov.w	r2, #0

20002bf6 <gm_zero_loop>:
20002bf6:	f840 2b04 	str.w	r2, [r0], #4
20002bfa:	4288      	cmp	r0, r1
20002bfc:	d3fb      	bcc.n	20002bf6 <gm_zero_loop>
20002bfe:	492c      	ldr	r1, [pc, #176]	@ (20002cb0 <_str_1_after+0x1c>)
20002c00:	f04f 0000 	mov.w	r0, #0
20002c04:	7008      	strb	r0, [r1, #0]
20002c06:	4927      	ldr	r1, [pc, #156]	@ (20002ca4 <_str_1_after+0x10>)
20002c08:	f04f 0003 	mov.w	r0, #3
20002c0c:	6008      	str	r0, [r1, #0]
20002c0e:	4929      	ldr	r1, [pc, #164]	@ (20002cb4 <_str_1_after+0x20>)
20002c10:	f04f 003f 	mov.w	r0, #63	@ 0x3f
20002c14:	6008      	str	r0, [r1, #0]
20002c16:	4928      	ldr	r1, [pc, #160]	@ (20002cb8 <_str_1_after+0x24>)
20002c18:	f04f 0000 	mov.w	r0, #0
20002c1c:	6008      	str	r0, [r1, #0]
20002c1e:	f04f 0064 	mov.w	r0, #100	@ 0x64
20002c22:	f000 007f 	and.w	r0, r0, #127	@ 0x7f
20002c26:	4922      	ldr	r1, [pc, #136]	@ (20002cb0 <_str_1_after+0x1c>)
20002c28:	7008      	strb	r0, [r1, #0]
20002c2a:	f7ff ffb7 	bl	20002b9c <vpy_set_intensity>

20002c2e <game_main_loop>:
20002c2e:	f7ff ffb3 	bl	20002b98 <vpy_wait_recal>
20002c32:	481f      	ldr	r0, [pc, #124]	@ (20002cb0 <_str_1_after+0x1c>)
20002c34:	f04f 0100 	mov.w	r1, #0
20002c38:	7001      	strb	r1, [r0, #0]
20002c3a:	f04f 0064 	mov.w	r0, #100	@ 0x64
20002c3e:	f000 007f 	and.w	r0, r0, #127	@ 0x7f
20002c42:	491b      	ldr	r1, [pc, #108]	@ (20002cb0 <_str_1_after+0x1c>)
20002c44:	7008      	strb	r0, [r1, #0]
20002c46:	f7ff ffa9 	bl	20002b9c <vpy_set_intensity>
20002c4a:	f06f 003b 	mvn.w	r0, #59	@ 0x3b
20002c4e:	b401      	push	{r0}
20002c50:	f04f 0014 	mov.w	r0, #20
20002c54:	b401      	push	{r0}
20002c56:	e007      	b.n	20002c68 <_str_0_after>

20002c58 <_str_0>:
20002c58:	4c4c4548 	.word	0x4c4c4548
20002c5c:	4f57204f 	.word	0x4f57204f
20002c60:	80444c52 	.word	0x80444c52
20002c64:	00          	.byte	0x00
20002c65:	00          	.byte	0x00
20002c66:	bf00      	nop

20002c68 <_str_0_after>:
20002c68:	4814      	ldr	r0, [pc, #80]	@ (20002cbc <_str_1_after+0x28>)
20002c6a:	b401      	push	{r0}
20002c6c:	bc04      	pop	{r2}
20002c6e:	bc02      	pop	{r1}
20002c70:	bc01      	pop	{r0}
20002c72:	f7ff ff95 	bl	20002ba0 <vpy_print_text>
20002c76:	f06f 0045 	mvn.w	r0, #69	@ 0x45
20002c7a:	b401      	push	{r0}
20002c7c:	f06f 0009 	mvn.w	r0, #9
20002c80:	b401      	push	{r0}
20002c82:	e007      	b.n	20002c94 <_str_1_after>

20002c84 <_str_1>:
20002c84:	55424544 	.word	0x55424544
20002c88:	41432047 	.word	0x41432047
20002c8c:	4f205452 	.word	0x4f205452
20002c90:	804b      	.short	0x804b
	...

20002c94 <_str_1_after>:
20002c94:	480a      	ldr	r0, [pc, #40]	@ (20002cc0 <_str_1_after+0x2c>)
20002c96:	b401      	push	{r0}
20002c98:	bc04      	pop	{r2}
20002c9a:	bc02      	pop	{r1}
20002c9c:	bc01      	pop	{r0}
20002c9e:	f7ff ff7f 	bl	20002ba0 <vpy_print_text>
20002ca2:	e7c4      	b.n	20002c2e <game_main_loop>
20002ca4:	2007f154 	.word	0x2007f154
20002ca8:	2007f000 	.word	0x2007f000
20002cac:	2007f460 	.word	0x2007f460
20002cb0:	2007f43e 	.word	0x2007f43e
20002cb4:	2007f2fc 	.word	0x2007f2fc
20002cb8:	2007f308 	.word	0x2007f308
20002cbc:	20002c58 	.word	0x20002c58
20002cc0:	20002c84 	.word	0x20002c84
